--Album Kamikaze de Eminem--

INSERT INTO Album(id,name,preview_url,launch_date) VALUES ('3HNnxK7NgLXbDoxRZxNWiR','Kamikaze','https://i.scdn.co/image/ab67616d0000b273e4073def0c03a91e3fceaf73','2018-08-31');

INSERT INTO Genre(name) VALUES ('Hip Hop');
INSERT INTO Genre(name) VALUES ('Hardcore Hip Hop');
INSERT INTO Genre(name) VALUES ('Rap');
INSERT INTO Genre(name) VALUES ('Trap');

INSERT INTO Song(id,name,duration_ms,active,preview_url,album_id) VALUES ('2jt2WxXMCD4zjACthkJQVE','The Ringer',337941,'1','https://p.scdn.co/mp3-preview/2ddba43917fe8892fe9cecd237b6f8b55a174186?cid=774b29d4f13844c495f206cafdad9c86','3HNnxK7NgLXbDoxRZxNWiR');
INSERT INTO Song(id,name,duration_ms,active,preview_url,album_id) VALUES ('2XTquzYQAdT1Hk78bOUwsv','Greatest',226937,'1','https://p.scdn.co/mp3-preview/a6baac936e520064cf30831d1e462a624bfa6ca0?cid=774b29d4f13844c495f206cafdad9c86','3HNnxK7NgLXbDoxRZxNWiR');
INSERT INTO Song(id,name,duration_ms,active,preview_url,album_id) VALUES ('60SdxE8apGAxMiRrpbmLY0','Lucky You (feat. Joyner Lucas)',244679,'1','https://p.scdn.co/mp3-preview/beb2b8d3b305563a61c6475462885f211b708c1c?cid=774b29d4f13844c495f206cafdad9c86','3HNnxK7NgLXbDoxRZxNWiR');
INSERT INTO Song(id,name,duration_ms,active,preview_url,album_id) VALUES ('0Uv5Kp8sEnriJjkX4oLfNI','Paul - Skit',35240,'1','https://p.scdn.co/mp3-preview/a70ab0bab9c0e912aadd515c69da326641773097?cid=774b29d4f13844c495f206cafdad9c86','3HNnxK7NgLXbDoxRZxNWiR');
INSERT INTO Song(id,name,duration_ms,active,preview_url,album_id) VALUES ('0evt4UZbdhnHtcAnxkm6A1','Normal',222477,'1','https://p.scdn.co/mp3-preview/4064b1e8ce3768dfdd7bb542793818f8f2451c6e?cid=774b29d4f13844c495f206cafdad9c86','3HNnxK7NgLXbDoxRZxNWiR');
INSERT INTO Song(id,name,duration_ms,active,preview_url,album_id) VALUES ('6B3zy3LOKHndqsviCr2z15','Em Calls Paul - Skit',49023,'1','https://p.scdn.co/mp3-preview/dcf3562f1e4807c2a56f5b893ac3213707e42047?cid=774b29d4f13844c495f206cafdad9c86','3HNnxK7NgLXbDoxRZxNWiR');
INSERT INTO Song(id,name,duration_ms,active,preview_url,album_id) VALUES ('60Z57Wdrn0pEVpHI7d7GAX','Stepping Stone',309637,'1','https://p.scdn.co/mp3-preview/0f9de34716b78bfe1755f178688456f46fe09410?cid=774b29d4f13844c495f206cafdad9c86','3HNnxK7NgLXbDoxRZxNWiR');
INSERT INTO Song(id,name,duration_ms,active,preview_url,album_id) VALUES ('28FGV3ORH14MYORd7s5dlU','Not Alike (feat. Royce Da 5''9")',288086,'1','https://p.scdn.co/mp3-preview/61cc210575c8fa4d7ea630a3e68cc4f18adf5833?cid=774b29d4f13844c495f206cafdad9c86','3HNnxK7NgLXbDoxRZxNWiR');
INSERT INTO Song(id,name,duration_ms,active,preview_url,album_id) VALUES ('2gsNpSn7VvvJuSrIDfRoYy','Kamikaze',216029,'1','https://p.scdn.co/mp3-preview/b9496309781883a6d27beb5fa6832a832736175e?cid=774b29d4f13844c495f206cafdad9c86','3HNnxK7NgLXbDoxRZxNWiR');
INSERT INTO Song(id,name,duration_ms,active,preview_url,album_id) VALUES ('58QhkbaAkLFnn7JwAnAato','Fall',262493,'1','https://p.scdn.co/mp3-preview/2b38ecc7b3f2674e431599190b02ce6aa9796ea2?cid=774b29d4f13844c495f206cafdad9c86','3HNnxK7NgLXbDoxRZxNWiR');
INSERT INTO Song(id,name,duration_ms,active,preview_url,album_id) VALUES ('09FfQO3PqHO4HIJL511Ksi','Nice Guy (with Jessie Reyez)',150801,'1','https://p.scdn.co/mp3-preview/f58e557d1165ffa468f6c69a2decc2a9019e792c?cid=774b29d4f13844c495f206cafdad9c86','3HNnxK7NgLXbDoxRZxNWiR');
INSERT INTO Song(id,name,duration_ms,active,preview_url,album_id) VALUES ('4g32MdRoqwGKQd3NXIRhpU','Good Guy (feat. Jessie Reyez)',142192,'1','https://p.scdn.co/mp3-preview/040a603427e802c97ce1d783c23fee9d2c6e7cce?cid=774b29d4f13844c495f206cafdad9c86','3HNnxK7NgLXbDoxRZxNWiR');
INSERT INTO Song(id,name,duration_ms,active,preview_url,album_id) VALUES ('2SL6oP2YAEQbqsrkOzRGO4','Venom - Music From The Motion Picture',269554,'1','https://p.scdn.co/mp3-preview/9e5bbba94274961328c3e3901834bae23f714137?cid=774b29d4f13844c495f206cafdad9c86','3HNnxK7NgLXbDoxRZxNWiR');

INSERT INTO Song_Genre(song_id, genre_id) VALUES ('2jt2WxXMCD4zjACthkJQVE',1);
INSERT INTO Song_Genre(song_id, genre_id) VALUES ('2jt2WxXMCD4zjACthkJQVE',2);
INSERT INTO Song_Genre(song_id, genre_id) VALUES ('2jt2WxXMCD4zjACthkJQVE',3);
INSERT INTO Song_Genre(song_id, genre_id) VALUES ('2jt2WxXMCD4zjACthkJQVE',4);
INSERT INTO Song_Genre(song_id, genre_id) VALUES ('2XTquzYQAdT1Hk78bOUwsv',1);
INSERT INTO Song_Genre(song_id, genre_id) VALUES ('2XTquzYQAdT1Hk78bOUwsv',2);
INSERT INTO Song_Genre(song_id, genre_id) VALUES ('2XTquzYQAdT1Hk78bOUwsv',3);
INSERT INTO Song_Genre(song_id, genre_id) VALUES ('2XTquzYQAdT1Hk78bOUwsv',4);
INSERT INTO Song_Genre(song_id, genre_id) VALUES ('60SdxE8apGAxMiRrpbmLY0',1);
INSERT INTO Song_Genre(song_id, genre_id) VALUES ('60SdxE8apGAxMiRrpbmLY0',2);
INSERT INTO Song_Genre(song_id, genre_id) VALUES ('60SdxE8apGAxMiRrpbmLY0',3);
INSERT INTO Song_Genre(song_id, genre_id) VALUES ('60SdxE8apGAxMiRrpbmLY0',4);
INSERT INTO Song_Genre(song_id, genre_id) VALUES ('0Uv5Kp8sEnriJjkX4oLfNI',1);
INSERT INTO Song_Genre(song_id, genre_id) VALUES ('0Uv5Kp8sEnriJjkX4oLfNI',2);
INSERT INTO Song_Genre(song_id, genre_id) VALUES ('0Uv5Kp8sEnriJjkX4oLfNI',3);
INSERT INTO Song_Genre(song_id, genre_id) VALUES ('0Uv5Kp8sEnriJjkX4oLfNI',4);
INSERT INTO Song_Genre(song_id, genre_id) VALUES ('0evt4UZbdhnHtcAnxkm6A1',1);
INSERT INTO Song_Genre(song_id, genre_id) VALUES ('0evt4UZbdhnHtcAnxkm6A1',2);
INSERT INTO Song_Genre(song_id, genre_id) VALUES ('0evt4UZbdhnHtcAnxkm6A1',3);
INSERT INTO Song_Genre(song_id, genre_id) VALUES ('0evt4UZbdhnHtcAnxkm6A1',4);
INSERT INTO Song_Genre(song_id, genre_id) VALUES ('6B3zy3LOKHndqsviCr2z15',1);
INSERT INTO Song_Genre(song_id, genre_id) VALUES ('6B3zy3LOKHndqsviCr2z15',2);
INSERT INTO Song_Genre(song_id, genre_id) VALUES ('6B3zy3LOKHndqsviCr2z15',3);
INSERT INTO Song_Genre(song_id, genre_id) VALUES ('6B3zy3LOKHndqsviCr2z15',4);
INSERT INTO Song_Genre(song_id, genre_id) VALUES ('60Z57Wdrn0pEVpHI7d7GAX',1);
INSERT INTO Song_Genre(song_id, genre_id) VALUES ('60Z57Wdrn0pEVpHI7d7GAX',2);
INSERT INTO Song_Genre(song_id, genre_id) VALUES ('60Z57Wdrn0pEVpHI7d7GAX',3);
INSERT INTO Song_Genre(song_id, genre_id) VALUES ('60Z57Wdrn0pEVpHI7d7GAX',4);
INSERT INTO Song_Genre(song_id, genre_id) VALUES ('28FGV3ORH14MYORd7s5dlU',1);
INSERT INTO Song_Genre(song_id, genre_id) VALUES ('28FGV3ORH14MYORd7s5dlU',2);
INSERT INTO Song_Genre(song_id, genre_id) VALUES ('28FGV3ORH14MYORd7s5dlU',3);
INSERT INTO Song_Genre(song_id, genre_id) VALUES ('28FGV3ORH14MYORd7s5dlU',4);
INSERT INTO Song_Genre(song_id, genre_id) VALUES ('2gsNpSn7VvvJuSrIDfRoYy',1);
INSERT INTO Song_Genre(song_id, genre_id) VALUES ('2gsNpSn7VvvJuSrIDfRoYy',2);
INSERT INTO Song_Genre(song_id, genre_id) VALUES ('2gsNpSn7VvvJuSrIDfRoYy',3);
INSERT INTO Song_Genre(song_id, genre_id) VALUES ('2gsNpSn7VvvJuSrIDfRoYy',4);
INSERT INTO Song_Genre(song_id, genre_id) VALUES ('58QhkbaAkLFnn7JwAnAato',1);
INSERT INTO Song_Genre(song_id, genre_id) VALUES ('58QhkbaAkLFnn7JwAnAato',2);
INSERT INTO Song_Genre(song_id, genre_id) VALUES ('58QhkbaAkLFnn7JwAnAato',3);
INSERT INTO Song_Genre(song_id, genre_id) VALUES ('58QhkbaAkLFnn7JwAnAato',4);
INSERT INTO Song_Genre(song_id, genre_id) VALUES ('09FfQO3PqHO4HIJL511Ksi',1);
INSERT INTO Song_Genre(song_id, genre_id) VALUES ('09FfQO3PqHO4HIJL511Ksi',2);
INSERT INTO Song_Genre(song_id, genre_id) VALUES ('09FfQO3PqHO4HIJL511Ksi',3);
INSERT INTO Song_Genre(song_id, genre_id) VALUES ('09FfQO3PqHO4HIJL511Ksi',4);
INSERT INTO Song_Genre(song_id, genre_id) VALUES ('4g32MdRoqwGKQd3NXIRhpU',1);
INSERT INTO Song_Genre(song_id, genre_id) VALUES ('4g32MdRoqwGKQd3NXIRhpU',2);
INSERT INTO Song_Genre(song_id, genre_id) VALUES ('4g32MdRoqwGKQd3NXIRhpU',3);
INSERT INTO Song_Genre(song_id, genre_id) VALUES ('4g32MdRoqwGKQd3NXIRhpU',4);
INSERT INTO Song_Genre(song_id, genre_id) VALUES ('2SL6oP2YAEQbqsrkOzRGO4',1);
INSERT INTO Song_Genre(song_id, genre_id) VALUES ('2SL6oP2YAEQbqsrkOzRGO4',2);
INSERT INTO Song_Genre(song_id, genre_id) VALUES ('2SL6oP2YAEQbqsrkOzRGO4',3);
INSERT INTO Song_Genre(song_id, genre_id) VALUES ('2SL6oP2YAEQbqsrkOzRGO4',4);

INSERT INTO Account(username,password,first_name,email) VALUES ('eminem','123','Eminem','eminem@gmail.com');
INSERT INTO Artist(id,artistic_name,username) VALUES ('7dGJo4pcD2V6oG8kP0tJRR','Eminem','eminem');
INSERT INTO Album_Artist(album_id,artist_id) VALUES ('3HNnxK7NgLXbDoxRZxNWiR','7dGJo4pcD2V6oG8kP0tJRR');

INSERT INTO Song_Artist(song_id,artist_id) VALUES ('2jt2WxXMCD4zjACthkJQVE','7dGJo4pcD2V6oG8kP0tJRR');

INSERT INTO Song_Artist(song_id,artist_id) VALUES ('2XTquzYQAdT1Hk78bOUwsv','7dGJo4pcD2V6oG8kP0tJRR');
INSERT INTO Song_Artist(song_id,artist_id) VALUES ('60SdxE8apGAxMiRrpbmLY0','7dGJo4pcD2V6oG8kP0tJRR');
INSERT INTO Account(username,password,first_name,email) VALUES ('joynerlucas','123','Joyner Lucas','joynerlucas@gmail.com');
INSERT INTO Artist(id,artistic_name,username) VALUES ('6C1ohJrd5VydigQtaGy5Wa','Joyner Lucas','joynerlucas');
INSERT INTO Song_Artist(song_id,artist_id) VALUES ('60SdxE8apGAxMiRrpbmLY0','6C1ohJrd5VydigQtaGy5Wa');

INSERT INTO Account(username,password,first_name,email) VALUES ('paulrosenberg','123','Paul Rosenberg','paulrosenberg@gmail.com');
INSERT INTO Artist(id,artistic_name,username) VALUES ('6bwVWdQfr6ttzrGLboVkjg','Paul Rosenberg','paulrosenberg');
INSERT INTO Song_Artist(song_id,artist_id) VALUES ('0Uv5Kp8sEnriJjkX4oLfNI','6bwVWdQfr6ttzrGLboVkjg');

INSERT INTO Song_Artist(song_id,artist_id) VALUES ('0evt4UZbdhnHtcAnxkm6A1','7dGJo4pcD2V6oG8kP0tJRR');

INSERT INTO Song_Artist(song_id,artist_id) VALUES ('6B3zy3LOKHndqsviCr2z15','7dGJo4pcD2V6oG8kP0tJRR');

INSERT INTO Song_Artist(song_id,artist_id) VALUES ('60Z57Wdrn0pEVpHI7d7GAX','7dGJo4pcD2V6oG8kP0tJRR');

INSERT INTO Song_Artist(song_id,artist_id) VALUES ('28FGV3ORH14MYORd7s5dlU','7dGJo4pcD2V6oG8kP0tJRR');
INSERT INTO Account(username,password,first_name,email) VALUES ('royceda5''9"','123','Royce Da 5''9"','royceda5''9"@gmail.com');
INSERT INTO Artist(id,artistic_name,username) VALUES ('6DVipHzYsPlIoA0DW8Gmns','Royce Da 5''9"','royceda5''9"');
INSERT INTO Song_Artist(song_id,artist_id) VALUES ('28FGV3ORH14MYORd7s5dlU','6DVipHzYsPlIoA0DW8Gmns');

INSERT INTO Song_Artist(song_id,artist_id) VALUES ('2gsNpSn7VvvJuSrIDfRoYy','7dGJo4pcD2V6oG8kP0tJRR');

INSERT INTO Song_Artist(song_id,artist_id) VALUES ('58QhkbaAkLFnn7JwAnAato','7dGJo4pcD2V6oG8kP0tJRR');

INSERT INTO Song_Artist(song_id,artist_id) VALUES('09FfQO3PqHO4HIJL511Ksi','7dGJo4pcD2V6oG8kP0tJRR');
INSERT INTO Account(username,password,first_name,email) VALUES ('jessiereyez','123','Jessie Reyez','jessiereyez@gmail.com');
INSERT INTO Artist(id,artistic_name,username) VALUES ('3KedxarmBCyFBevnqQHy3P','Jessie Reyez','jessiereyez');
INSERT INTO Song_Artist(song_id,artist_id) VALUES ('09FfQO3PqHO4HIJL511Ksi','3KedxarmBCyFBevnqQHy3P');

INSERT INTO Song_Artist(song_id,artist_id) VALUES ('4g32MdRoqwGKQd3NXIRhpU','7dGJo4pcD2V6oG8kP0tJRR');
INSERT INTO Song_Artist(song_id,artist_id) VALUES ('4g32MdRoqwGKQd3NXIRhpU','3KedxarmBCyFBevnqQHy3P');

INSERT INTO Song_Artist(song_id,artist_id) VALUES ('2SL6oP2YAEQbqsrkOzRGO4','7dGJo4pcD2V6oG8kP0tJRR');

--Album A Head Full Of Dreams de Coldplay--

INSERT INTO Album(id,name,preview_url,launch_date) VALUES ('3cfAM8b8KqJRoIzt3zLKqw','A Head Full of Dreams','https://i.scdn.co/image/ab67616d0000b2738ff7c3580d429c8212b9a3b6','2015-12-04');

INSERT INTO Genre(name) VALUES ('Pop');
INSERT INTO Genre(name) VALUES ('Pop Rock');
INSERT INTO Genre(name) VALUES ('Rock Alternativo');

INSERT INTO Song(id,name,duration_ms,active,preview_url,album_id) VALUES ('6f49kbOuQSOsStBpyGvQfA','A Head Full of Dreams',223773,'1','https://p.scdn.co/mp3-preview/f5284b4a044993842d2c4cfb6f563f48e84c92ff?cid=774b29d4f13844c495f206cafdad9c86','3cfAM8b8KqJRoIzt3zLKqw');
INSERT INTO Song(id,name,duration_ms,active,preview_url,album_id) VALUES ('3HWDWyIqWuLsTHECx9DvXF','Birds',229093,'1','https://p.scdn.co/mp3-preview/3fdbcd90ce1ff0b19aa9c40ff92c233e32efb354?cid=774b29d4f13844c495f206cafdad9c86','3cfAM8b8KqJRoIzt3zLKqw');
INSERT INTO Song(id,name,duration_ms,active,preview_url,album_id) VALUES ('3RiPr603aXAoi4GHyXx0uy','Hymn for the Weekend',258266,'1','https://p.scdn.co/mp3-preview/723c09e9179390c3d17fb645c2c91a21eacee798?cid=774b29d4f13844c495f206cafdad9c86','3cfAM8b8KqJRoIzt3zLKqw');
INSERT INTO Song(id,name,duration_ms,active,preview_url,album_id) VALUES ('5qfZRNjt2TkHEL12r3sDEU','Everglow',282693,'1','https://p.scdn.co/mp3-preview/4045a6babbcb8eee23e3d8a0699a3601328fb65f?cid=774b29d4f13844c495f206cafdad9c86','3cfAM8b8KqJRoIzt3zLKqw');
INSERT INTO Song(id,name,duration_ms,active,preview_url,album_id) VALUES ('69uxyAqqPIsUyTO8txoP2M','Adventure of a Lifetime',263786,'1','https://p.scdn.co/mp3-preview/596413cda392fd16db405feed65661a8127d90c8?cid=774b29d4f13844c495f206cafdad9c86','3cfAM8b8KqJRoIzt3zLKqw');
INSERT INTO Song(id,name,duration_ms,active,preview_url,album_id) VALUES ('7fJFDK6XjYsXcMKNHESbot','Fun (feat. Tove Lo)',267533,'1','https://p.scdn.co/mp3-preview/4814f34d7c879a3686a916058b5e3643d11c5470?cid=774b29d4f13844c495f206cafdad9c86','3cfAM8b8KqJRoIzt3zLKqw');
INSERT INTO Song(id,name,duration_ms,active,preview_url,album_id) VALUES ('7IX7VAXujvcZ3e1PG7sGP7','Kaleidoscope',111853,'1','https://p.scdn.co/mp3-preview/eb0b4e8e1c9524c954d06b69c766d80a4530da0e?cid=774b29d4f13844c495f206cafdad9c86','3cfAM8b8KqJRoIzt3zLKqw');
INSERT INTO Song(id,name,duration_ms,active,preview_url,album_id) VALUES ('4giCxIFPZNQIP4bIZM4sqH','Army of One',376826,'1','https://p.scdn.co/mp3-preview/1a04872f6eae4ff3c39d5cad4326ad2f6b778c7e?cid=774b29d4f13844c495f206cafdad9c86','3cfAM8b8KqJRoIzt3zLKqw');
INSERT INTO Song(id,name,duration_ms,active,preview_url,album_id) VALUES ('3wtV2ifnHzirkAElgTGh63','Amazing Day',271106,'1','https://p.scdn.co/mp3-preview/31c5ccf94206acd75a40f73eeff47bdd65373bee?cid=774b29d4f13844c495f206cafdad9c86','3cfAM8b8KqJRoIzt3zLKqw');
INSERT INTO Song(id,name,duration_ms,active,preview_url,album_id) VALUES ('3VqiD8Yvk6bKwqS1e64PHB','Colour Spectrum',60106,'1','https://p.scdn.co/mp3-preview/2412c87dec9523fa4779cdc678859954b29ad472?cid=774b29d4f13844c495f206cafdad9c86','3cfAM8b8KqJRoIzt3zLKqw');
INSERT INTO Song(id,name,duration_ms,active,preview_url,album_id) VALUES ('31L9yLXSj6LpCFupyMV6CR','Up&Up',405320,'1','https://p.scdn.co/mp3-preview/caf6a93f51c81ec177d56a36d18bf888f1c850c4?cid=774b29d4f13844c495f206cafdad9c86','3cfAM8b8KqJRoIzt3zLKqw');

INSERT INTO Song_Genre(song_id, genre_id) VALUES ('6f49kbOuQSOsStBpyGvQfA',5);
INSERT INTO Song_Genre(song_id, genre_id) VALUES ('6f49kbOuQSOsStBpyGvQfA',6);
INSERT INTO Song_Genre(song_id, genre_id) VALUES ('6f49kbOuQSOsStBpyGvQfA',7);
INSERT INTO Song_Genre(song_id, genre_id) VALUES ('3HWDWyIqWuLsTHECx9DvXF',5);
INSERT INTO Song_Genre(song_id, genre_id) VALUES ('3HWDWyIqWuLsTHECx9DvXF',6);
INSERT INTO Song_Genre(song_id, genre_id) VALUES ('3HWDWyIqWuLsTHECx9DvXF',7);
INSERT INTO Song_Genre(song_id, genre_id) VALUES ('3RiPr603aXAoi4GHyXx0uy',5);
INSERT INTO Song_Genre(song_id, genre_id) VALUES ('3RiPr603aXAoi4GHyXx0uy',6);
INSERT INTO Song_Genre(song_id, genre_id) VALUES ('3RiPr603aXAoi4GHyXx0uy',7);
INSERT INTO Song_Genre(song_id, genre_id) VALUES ('5qfZRNjt2TkHEL12r3sDEU',5);
INSERT INTO Song_Genre(song_id, genre_id) VALUES ('5qfZRNjt2TkHEL12r3sDEU',6);
INSERT INTO Song_Genre(song_id, genre_id) VALUES ('5qfZRNjt2TkHEL12r3sDEU',7);
INSERT INTO Song_Genre(song_id, genre_id) VALUES ('69uxyAqqPIsUyTO8txoP2M',5);
INSERT INTO Song_Genre(song_id, genre_id) VALUES ('69uxyAqqPIsUyTO8txoP2M',6);
INSERT INTO Song_Genre(song_id, genre_id) VALUES ('69uxyAqqPIsUyTO8txoP2M',7);
INSERT INTO Song_Genre(song_id, genre_id) VALUES ('7fJFDK6XjYsXcMKNHESbot',5);
INSERT INTO Song_Genre(song_id, genre_id) VALUES ('7fJFDK6XjYsXcMKNHESbot',6);
INSERT INTO Song_Genre(song_id, genre_id) VALUES ('7fJFDK6XjYsXcMKNHESbot',7);
INSERT INTO Song_Genre(song_id, genre_id) VALUES ('7IX7VAXujvcZ3e1PG7sGP7',5);
INSERT INTO Song_Genre(song_id, genre_id) VALUES ('7IX7VAXujvcZ3e1PG7sGP7',6);
INSERT INTO Song_Genre(song_id, genre_id) VALUES ('7IX7VAXujvcZ3e1PG7sGP7',7);
INSERT INTO Song_Genre(song_id, genre_id) VALUES ('4giCxIFPZNQIP4bIZM4sqH',5);
INSERT INTO Song_Genre(song_id, genre_id) VALUES ('4giCxIFPZNQIP4bIZM4sqH',6);
INSERT INTO Song_Genre(song_id, genre_id) VALUES ('4giCxIFPZNQIP4bIZM4sqH',7);
INSERT INTO Song_Genre(song_id, genre_id) VALUES ('3wtV2ifnHzirkAElgTGh63',5);
INSERT INTO Song_Genre(song_id, genre_id) VALUES ('3wtV2ifnHzirkAElgTGh63',6);
INSERT INTO Song_Genre(song_id, genre_id) VALUES ('3wtV2ifnHzirkAElgTGh63',7);
INSERT INTO Song_Genre(song_id, genre_id) VALUES ('3VqiD8Yvk6bKwqS1e64PHB',5);
INSERT INTO Song_Genre(song_id, genre_id) VALUES ('3VqiD8Yvk6bKwqS1e64PHB',6);
INSERT INTO Song_Genre(song_id, genre_id) VALUES ('3VqiD8Yvk6bKwqS1e64PHB',7);
INSERT INTO Song_Genre(song_id, genre_id) VALUES ('31L9yLXSj6LpCFupyMV6CR',5);
INSERT INTO Song_Genre(song_id, genre_id) VALUES ('31L9yLXSj6LpCFupyMV6CR',6);
INSERT INTO Song_Genre(song_id, genre_id) VALUES ('31L9yLXSj6LpCFupyMV6CR',7);

INSERT INTO Account(username,password,first_name,email) VALUES ('coldplay','123','Coldplay','coldplay@gmail.com');
INSERT INTO Artist(id,artistic_name,username) VALUES ('4gzpq5DPGxSnKTe4SA8HAU','Coldplay','coldplay');
INSERT INTO Album_Artist(album_id,artist_id) VALUES ('3cfAM8b8KqJRoIzt3zLKqw','4gzpq5DPGxSnKTe4SA8HAU');

INSERT INTO Song_Artist(song_id,artist_id) VALUES ('6f49kbOuQSOsStBpyGvQfA','4gzpq5DPGxSnKTe4SA8HAU');

INSERT INTO Song_Artist(song_id,artist_id) VALUES ('3HWDWyIqWuLsTHECx9DvXF','4gzpq5DPGxSnKTe4SA8HAU');

INSERT INTO Song_Artist(song_id,artist_id) VALUES ('3RiPr603aXAoi4GHyXx0uy','4gzpq5DPGxSnKTe4SA8HAU');

INSERT INTO Song_Artist(song_id,artist_id) VALUES ('5qfZRNjt2TkHEL12r3sDEU','4gzpq5DPGxSnKTe4SA8HAU');

INSERT INTO Song_Artist(song_id,artist_id) VALUES ('69uxyAqqPIsUyTO8txoP2M','4gzpq5DPGxSnKTe4SA8HAU');

INSERT INTO Song_Artist(song_id,artist_id) VALUES ('7fJFDK6XjYsXcMKNHESbot','4gzpq5DPGxSnKTe4SA8HAU');

INSERT INTO Song_Artist(song_id,artist_id) VALUES ('7IX7VAXujvcZ3e1PG7sGP7','4gzpq5DPGxSnKTe4SA8HAU');

INSERT INTO Song_Artist(song_id,artist_id) VALUES ('4giCxIFPZNQIP4bIZM4sqH','4gzpq5DPGxSnKTe4SA8HAU');

INSERT INTO Song_Artist(song_id,artist_id) VALUES ('3wtV2ifnHzirkAElgTGh63','4gzpq5DPGxSnKTe4SA8HAU');

INSERT INTO Song_Artist(song_id,artist_id) VALUES ('3VqiD8Yvk6bKwqS1e64PHB','4gzpq5DPGxSnKTe4SA8HAU');

INSERT INTO Song_Artist(song_id,artist_id) VALUES ('31L9yLXSj6LpCFupyMV6CR','4gzpq5DPGxSnKTe4SA8HAU');

--Album Abandon Ship de Knife Party--

INSERT INTO Album(id,name,preview_url,launch_date) VALUES ('4nJ76bL34FuDPuFHafIJFm','Abandon Ship','https://i.scdn.co/image/ab67616d0000b273f75285aee646b314ce8c3caf','2014-10-27');

INSERT INTO Genre(name) VALUES ('Electro House');
INSERT INTO Genre(name) VALUES ('House');
INSERT INTO Genre(name) VALUES ('Deep House');
INSERT INTO Genre(name) VALUES ('Drumstep');

INSERT INTO Song(id,name,duration_ms,active,preview_url,album_id) VALUES ('02dERQknHehlysI2XCIfBV','Reconnect',98573,'1','https://p.scdn.co/mp3-preview/884eba9cd2a0e8831048cfc925841ed8b1849f84?cid=774b29d4f13844c495f206cafdad9c86','4nJ76bL34FuDPuFHafIJFm');
INSERT INTO Song(id,name,duration_ms,active,preview_url,album_id) VALUES ('51JVX9LcPPpHedq6FfnCAG','Resistance',313200,'1','https://p.scdn.co/mp3-preview/3f4e1d4e5456f015158c6998dedefcf487c1999c?cid=774b29d4f13844c495f206cafdad9c86','4nJ76bL34FuDPuFHafIJFm');
INSERT INTO Song(id,name,duration_ms,active,preview_url,album_id) VALUES ('1ltFgxgeQCd8z6BPRmcNxb','Boss Mode',227280,'1','https://p.scdn.co/mp3-preview/028f842bab3ba90b339fa681e9dab95059b9f4e5?cid=774b29d4f13844c495f206cafdad9c86','4nJ76bL34FuDPuFHafIJFm');
INSERT INTO Song(id,name,duration_ms,active,preview_url,album_id) VALUES ('1DkETKf1HkXwPDqdGaMThr','EDM Trend Machine',305013,'1','https://p.scdn.co/mp3-preview/8daba4c8391c909c402689564694ef208b0e656a?cid=774b29d4f13844c495f206cafdad9c86','4nJ76bL34FuDPuFHafIJFm');
INSERT INTO Song(id,name,duration_ms,active,preview_url,album_id) VALUES ('2NvBw1uhQZjyXsjVnABkOu','404',298600,'1','https://p.scdn.co/mp3-preview/47699b3333a724e4d022bcc76362c530a369d0f2?cid=774b29d4f13844c495f206cafdad9c86','4nJ76bL34FuDPuFHafIJFm');
INSERT INTO Song(id,name,duration_ms,active,preview_url,album_id) VALUES ('1xN5wVKrl91XfD1IMHq83t','Begin Again',355200,'1','https://p.scdn.co/mp3-preview/a4bdcb7e91281de535c7f02cfff75d8db0895b71?cid=774b29d4f13844c495f206cafdad9c86','4nJ76bL34FuDPuFHafIJFm');
INSERT INTO Song(id,name,duration_ms,active,preview_url,album_id) VALUES ('6FDYzyjteGpimiBnO06ikI','Give It Up',251173,'1','https://p.scdn.co/mp3-preview/874768465bc265222cd03c13113bed45bf6e1944?cid=774b29d4f13844c495f206cafdad9c86','4nJ76bL34FuDPuFHafIJFm');
INSERT INTO Song(id,name,duration_ms,active,preview_url,album_id) VALUES ('1nxrXvhQWCVtALs6HI6WgK','D.I.M.H.',346253,'1','https://p.scdn.co/mp3-preview/e810a69a78c4981772f36831a56af360fc4fe911?cid=774b29d4f13844c495f206cafdad9c86','4nJ76bL34FuDPuFHafIJFm');
INSERT INTO Song(id,name,duration_ms,active,preview_url,album_id) VALUES ('1WauKDSHENbuXhza3yCWw6','Micropenis',332653,'1','https://p.scdn.co/mp3-preview/3a08767ee7a4f1792d862465e69e51b03261ffe5?cid=774b29d4f13844c495f206cafdad9c86','4nJ76bL34FuDPuFHafIJFm');
INSERT INTO Song(id,name,duration_ms,active,preview_url,album_id) VALUES ('49ucOm37d6flQyUrcwS0l7','Superstar',255226,'1','https://p.scdn.co/mp3-preview/91f42e1f53756c0fb7f7fc4388901d1190784928?cid=774b29d4f13844c495f206cafdad9c86','4nJ76bL34FuDPuFHafIJFm');
INSERT INTO Song(id,name,duration_ms,active,preview_url,album_id) VALUES ('7fKXU1wgOu7T3Pa7svU0Ik','Red Dawn',367226,'1','https://p.scdn.co/mp3-preview/2508b5989bab903de1a108f39d184f4dc2c7444b?cid=774b29d4f13844c495f206cafdad9c86','4nJ76bL34FuDPuFHafIJFm');
INSERT INTO Song(id,name,duration_ms,active,preview_url,album_id) VALUES ('7eZVuAZMBYZvqVfFXmz41y','Kaleidoscope',240493,'1','https://p.scdn.co/mp3-preview/ef3ef289f360d79cd10db64827083e71323bfb6b?cid=774b29d4f13844c495f206cafdad9c86','4nJ76bL34FuDPuFHafIJFm');

INSERT INTO Song_Genre(song_id, genre_id) VALUES ('02dERQknHehlysI2XCIfBV',8);
INSERT INTO Song_Genre(song_id, genre_id) VALUES ('02dERQknHehlysI2XCIfBV',9);
INSERT INTO Song_Genre(song_id, genre_id) VALUES ('02dERQknHehlysI2XCIfBV',10);
INSERT INTO Song_Genre(song_id, genre_id) VALUES ('02dERQknHehlysI2XCIfBV',11);
INSERT INTO Song_Genre(song_id, genre_id) VALUES ('51JVX9LcPPpHedq6FfnCAG',8);
INSERT INTO Song_Genre(song_id, genre_id) VALUES ('51JVX9LcPPpHedq6FfnCAG',9);
INSERT INTO Song_Genre(song_id, genre_id) VALUES ('51JVX9LcPPpHedq6FfnCAG',10);
INSERT INTO Song_Genre(song_id, genre_id) VALUES ('51JVX9LcPPpHedq6FfnCAG',11);
INSERT INTO Song_Genre(song_id, genre_id) VALUES ('1ltFgxgeQCd8z6BPRmcNxb',8);
INSERT INTO Song_Genre(song_id, genre_id) VALUES ('1ltFgxgeQCd8z6BPRmcNxb',9);
INSERT INTO Song_Genre(song_id, genre_id) VALUES ('1ltFgxgeQCd8z6BPRmcNxb',10);
INSERT INTO Song_Genre(song_id, genre_id) VALUES ('1ltFgxgeQCd8z6BPRmcNxb',11);
INSERT INTO Song_Genre(song_id, genre_id) VALUES ('1DkETKf1HkXwPDqdGaMThr',8);
INSERT INTO Song_Genre(song_id, genre_id) VALUES ('1DkETKf1HkXwPDqdGaMThr',9);
INSERT INTO Song_Genre(song_id, genre_id) VALUES ('1DkETKf1HkXwPDqdGaMThr',10);
INSERT INTO Song_Genre(song_id, genre_id) VALUES ('1DkETKf1HkXwPDqdGaMThr',11);
INSERT INTO Song_Genre(song_id, genre_id) VALUES ('2NvBw1uhQZjyXsjVnABkOu',8);
INSERT INTO Song_Genre(song_id, genre_id) VALUES ('2NvBw1uhQZjyXsjVnABkOu',9);
INSERT INTO Song_Genre(song_id, genre_id) VALUES ('2NvBw1uhQZjyXsjVnABkOu',10);
INSERT INTO Song_Genre(song_id, genre_id) VALUES ('2NvBw1uhQZjyXsjVnABkOu',11);
INSERT INTO Song_Genre(song_id, genre_id) VALUES ('1xN5wVKrl91XfD1IMHq83t',8);
INSERT INTO Song_Genre(song_id, genre_id) VALUES ('1xN5wVKrl91XfD1IMHq83t',9);
INSERT INTO Song_Genre(song_id, genre_id) VALUES ('1xN5wVKrl91XfD1IMHq83t',10);
INSERT INTO Song_Genre(song_id, genre_id) VALUES ('1xN5wVKrl91XfD1IMHq83t',11);
INSERT INTO Song_Genre(song_id, genre_id) VALUES ('6FDYzyjteGpimiBnO06ikI',8);
INSERT INTO Song_Genre(song_id, genre_id) VALUES ('6FDYzyjteGpimiBnO06ikI',9);
INSERT INTO Song_Genre(song_id, genre_id) VALUES ('6FDYzyjteGpimiBnO06ikI',10);
INSERT INTO Song_Genre(song_id, genre_id) VALUES ('6FDYzyjteGpimiBnO06ikI',11);
INSERT INTO Song_Genre(song_id, genre_id) VALUES ('1nxrXvhQWCVtALs6HI6WgK',8);
INSERT INTO Song_Genre(song_id, genre_id) VALUES ('1nxrXvhQWCVtALs6HI6WgK',9);
INSERT INTO Song_Genre(song_id, genre_id) VALUES ('1nxrXvhQWCVtALs6HI6WgK',10);
INSERT INTO Song_Genre(song_id, genre_id) VALUES ('1nxrXvhQWCVtALs6HI6WgK',11);
INSERT INTO Song_Genre(song_id, genre_id) VALUES ('1WauKDSHENbuXhza3yCWw6',8);
INSERT INTO Song_Genre(song_id, genre_id) VALUES ('1WauKDSHENbuXhza3yCWw6',9);
INSERT INTO Song_Genre(song_id, genre_id) VALUES ('1WauKDSHENbuXhza3yCWw6',10);
INSERT INTO Song_Genre(song_id, genre_id) VALUES ('1WauKDSHENbuXhza3yCWw6',11);
INSERT INTO Song_Genre(song_id, genre_id) VALUES ('49ucOm37d6flQyUrcwS0l7',8);
INSERT INTO Song_Genre(song_id, genre_id) VALUES ('49ucOm37d6flQyUrcwS0l7',9);
INSERT INTO Song_Genre(song_id, genre_id) VALUES ('49ucOm37d6flQyUrcwS0l7',10);
INSERT INTO Song_Genre(song_id, genre_id) VALUES ('49ucOm37d6flQyUrcwS0l7',11);
INSERT INTO Song_Genre(song_id, genre_id) VALUES ('7fKXU1wgOu7T3Pa7svU0Ik',8);
INSERT INTO Song_Genre(song_id, genre_id) VALUES ('7fKXU1wgOu7T3Pa7svU0Ik',9);
INSERT INTO Song_Genre(song_id, genre_id) VALUES ('7fKXU1wgOu7T3Pa7svU0Ik',10);
INSERT INTO Song_Genre(song_id, genre_id) VALUES ('7fKXU1wgOu7T3Pa7svU0Ik',11);
INSERT INTO Song_Genre(song_id, genre_id) VALUES ('7eZVuAZMBYZvqVfFXmz41y',8);
INSERT INTO Song_Genre(song_id, genre_id) VALUES ('7eZVuAZMBYZvqVfFXmz41y',9);
INSERT INTO Song_Genre(song_id, genre_id) VALUES ('7eZVuAZMBYZvqVfFXmz41y',10);
INSERT INTO Song_Genre(song_id, genre_id) VALUES ('7eZVuAZMBYZvqVfFXmz41y',11);

INSERT INTO Account(username,password,first_name,email) VALUES ('knifeparty','123','Knife Party','knifeparty@gmail.com');
INSERT INTO Artist(id,artistic_name,username) VALUES ('2DuJi13MWHjRHrqRUwk8vH','Knife Party','knifeparty');

INSERT INTO Album_Artist(album_id,artist_id) VALUES ('4nJ76bL34FuDPuFHafIJFm','2DuJi13MWHjRHrqRUwk8vH');

INSERT INTO Song_Artist(song_id,artist_id) VALUES ('02dERQknHehlysI2XCIfBV','2DuJi13MWHjRHrqRUwk8vH');

INSERT INTO Song_Artist(song_id,artist_id) VALUES ('51JVX9LcPPpHedq6FfnCAG','2DuJi13MWHjRHrqRUwk8vH');

INSERT INTO Song_Artist(song_id,artist_id) VALUES ('1ltFgxgeQCd8z6BPRmcNxb','2DuJi13MWHjRHrqRUwk8vH');

INSERT INTO Song_Artist(song_id,artist_id) VALUES ('1DkETKf1HkXwPDqdGaMThr','2DuJi13MWHjRHrqRUwk8vH');

INSERT INTO Song_Artist(song_id,artist_id) VALUES ('2NvBw1uhQZjyXsjVnABkOu','2DuJi13MWHjRHrqRUwk8vH');

INSERT INTO Song_Artist(song_id,artist_id) VALUES ('1xN5wVKrl91XfD1IMHq83t','2DuJi13MWHjRHrqRUwk8vH');

INSERT INTO Song_Artist(song_id,artist_id) VALUES ('6FDYzyjteGpimiBnO06ikI','2DuJi13MWHjRHrqRUwk8vH');

INSERT INTO Song_Artist(song_id,artist_id) VALUES ('1nxrXvhQWCVtALs6HI6WgK','2DuJi13MWHjRHrqRUwk8vH');

INSERT INTO Song_Artist(song_id,artist_id) VALUES ('1WauKDSHENbuXhza3yCWw6','2DuJi13MWHjRHrqRUwk8vH');

INSERT INTO Song_Artist(song_id,artist_id) VALUES ('49ucOm37d6flQyUrcwS0l7','2DuJi13MWHjRHrqRUwk8vH');

INSERT INTO Song_Artist(song_id,artist_id) VALUES ('7fKXU1wgOu7T3Pa7svU0Ik','2DuJi13MWHjRHrqRUwk8vH');

INSERT INTO Song_Artist(song_id,artist_id) VALUES ('7eZVuAZMBYZvqVfFXmz41y','2DuJi13MWHjRHrqRUwk8vH');

--Album Ultimo Tour del Mundo de Bad Bunny--

INSERT INTO Album(id,name,preview_url,launch_date) VALUES ('2d9BCZeAAhiZWPpbX9aPCW','EL ÚLTIMO TOUR DEL MUNDO','https://i.scdn.co/image/ab67616d0000b273005ee342f4eef2cc6e8436ab','2020-11-27');

INSERT INTO Genre(name) VALUES ('Reguetón');
INSERT INTO Genre(name) VALUES ('Trap Latino');
INSERT INTO Genre(name) VALUES ('Pop Alternativo');

INSERT INTO Song(id,name,duration_ms,active,preview_url,album_id) VALUES ('36DHxTW2xdr9GG15T9oK9L','EL MUNDO ES MÍO',165199,'1','https://p.scdn.co/mp3-preview/57e1150ecb0dca8d7856309dab38bd4f896e2aec?cid=774b29d4f13844c495f206cafdad9c86','2d9BCZeAAhiZWPpbX9aPCW');
INSERT INTO Song(id,name,duration_ms,active,preview_url,album_id) VALUES ('5RubKOuDoPn5Kj5TLVxSxY','TE MUDASTE',130013,'1','https://p.scdn.co/mp3-preview/4b2612fb7d969678d72d61908b62b73d592a737e?cid=774b29d4f13844c495f206cafdad9c86','2d9BCZeAAhiZWPpbX9aPCW');
INSERT INTO Song(id,name,duration_ms,active,preview_url,album_id) VALUES ('0tjZv2hChdHZCW1zFXpy1J','HOY COBRÉ',162151,'1','https://p.scdn.co/mp3-preview/ed3eac946a786dc1bfaa89cb1d135428046c119c?cid=774b29d4f13844c495f206cafdad9c86','2d9BCZeAAhiZWPpbX9aPCW');
INSERT INTO Song(id,name,duration_ms,active,preview_url,album_id) VALUES ('0Lsis3LB0XAK6XlTHXaJk2','MALDITA POBREZA',213609,'1','https://p.scdn.co/mp3-preview/9bcd64fbdf300ad3b95075688aa6d97af3156bef?cid=774b29d4f13844c495f206cafdad9c86','2d9BCZeAAhiZWPpbX9aPCW');
INSERT INTO Song(id,name,duration_ms,active,preview_url,album_id) VALUES ('2XIc1pqjXV3Cr2BQUGNBck','LA NOCHE DE ANOCHE',203200,'1','https://p.scdn.co/mp3-preview/a98b639351290bdb69b865ad10c2e0f5dbe0c4cd?cid=774b29d4f13844c495f206cafdad9c86','2d9BCZeAAhiZWPpbX9aPCW');
INSERT INTO Song(id,name,duration_ms,active,preview_url,album_id) VALUES ('23XjN1s3DZC8Q9ZwuorYY4','TE DESEO LO MEJOR',139576,'1','https://p.scdn.co/mp3-preview/5734e3556195f4598b5562d9c8f0630693f51fec?cid=774b29d4f13844c495f206cafdad9c86','2d9BCZeAAhiZWPpbX9aPCW');
INSERT INTO Song(id,name,duration_ms,active,preview_url,album_id) VALUES ('5fROvzNghPid8mbKNDYvpJ','YO VISTO ASÍ',191526,'1','https://p.scdn.co/mp3-preview/7b32b29728bd3c03d3c21e0540ce549ea24caada?cid=774b29d4f13844c495f206cafdad9c86','2d9BCZeAAhiZWPpbX9aPCW');
INSERT INTO Song(id,name,duration_ms,active,preview_url,album_id) VALUES ('26QApq0cuO9brJigr0C0W4','HACIENDO QUE ME AMAS',217768,'1','https://p.scdn.co/mp3-preview/b9c23099bd993e55aa9ac967477c36e57e2d3a7d?cid=774b29d4f13844c495f206cafdad9c86','2d9BCZeAAhiZWPpbX9aPCW');
INSERT INTO Song(id,name,duration_ms,active,preview_url,album_id) VALUES ('26w9NTiE9NGjW1ZvIOd1So','BOOKER T',156430,'1','https://p.scdn.co/mp3-preview/ddf13c4036c5fbc40c48f84cc50e46546e28d03a?cid=774b29d4f13844c495f206cafdad9c86','2d9BCZeAAhiZWPpbX9aPCW');
INSERT INTO Song(id,name,duration_ms,active,preview_url,album_id) VALUES ('67ACYA3UI6QMNtHX6b34wX','LA DROGA',162299,'1','https://p.scdn.co/mp3-preview/f5fa83512e118f224eb48d3ee08de6fb74def689?cid=774b29d4f13844c495f206cafdad9c86','2d9BCZeAAhiZWPpbX9aPCW');
INSERT INTO Song(id,name,duration_ms,active,preview_url,album_id) VALUES ('4MzXwWMhyBbmu6hOcLVD49','DÁKITI',205090,'1','https://p.scdn.co/mp3-preview/edd9bea2e66b14169f8bbfa45a78b6599b14160a?cid=774b29d4f13844c495f206cafdad9c86','2d9BCZeAAhiZWPpbX9aPCW');
INSERT INTO Song(id,name,duration_ms,active,preview_url,album_id) VALUES ('09WAnxdBuebQopKhJT3oZS','TRELLAS',157673,'1','https://p.scdn.co/mp3-preview/977f92132795b9d60164a3392b3775eaae0574d9?cid=774b29d4f13844c495f206cafdad9c86','2d9BCZeAAhiZWPpbX9aPCW');
INSERT INTO Song(id,name,duration_ms,active,preview_url,album_id) VALUES ('5jZ32WOU7sqzDYbzINwMUk','SORRY PAPI',163053,'1','https://p.scdn.co/mp3-preview/5128fa764cd9dbd5e9ed2a1c38ce9de818b21eb3?cid=774b29d4f13844c495f206cafdad9c86','2d9BCZeAAhiZWPpbX9aPCW');
INSERT INTO Song(id,name,duration_ms,active,preview_url,album_id) VALUES ('3KJ3opyV29269SXkPrc19l','120',151506,'1','https://p.scdn.co/mp3-preview/ca4743d002a11cb4d53e459e656465ab720c83ca?cid=774b29d4f13844c495f206cafdad9c86','2d9BCZeAAhiZWPpbX9aPCW');
INSERT INTO Song(id,name,duration_ms,active,preview_url,album_id) VALUES ('7kjEqI6eZ7YlFrGhxixnlN','ANTES QUE SE ACABE',221186,'1','https://p.scdn.co/mp3-preview/981337ee8ac1abcd8481fde60a0bdb86962f08e1?cid=774b29d4f13844c495f206cafdad9c86','2d9BCZeAAhiZWPpbX9aPCW');
INSERT INTO Song(id,name,duration_ms,active,preview_url,album_id) VALUES ('2Iv6YBslkxslMJQsxshZh5','CANTARES DE NAVIDAD',199720,'1','https://p.scdn.co/mp3-preview/5e53b48406449353b7b526edf51b5fc2fe3f8854?cid=774b29d4f13844c495f206cafdad9c86','2d9BCZeAAhiZWPpbX9aPCW');

INSERT INTO Song_Genre(song_id, genre_id) VALUES ('36DHxTW2xdr9GG15T9oK9L',12);
INSERT INTO Song_Genre(song_id, genre_id) VALUES ('36DHxTW2xdr9GG15T9oK9L',13);
INSERT INTO Song_Genre(song_id, genre_id) VALUES ('36DHxTW2xdr9GG15T9oK9L',14);
INSERT INTO Song_Genre(song_id, genre_id) VALUES ('5RubKOuDoPn5Kj5TLVxSxY',12);
INSERT INTO Song_Genre(song_id, genre_id) VALUES ('5RubKOuDoPn5Kj5TLVxSxY',13);
INSERT INTO Song_Genre(song_id, genre_id) VALUES ('5RubKOuDoPn5Kj5TLVxSxY',14);
INSERT INTO Song_Genre(song_id, genre_id) VALUES ('0tjZv2hChdHZCW1zFXpy1J',12);
INSERT INTO Song_Genre(song_id, genre_id) VALUES ('0tjZv2hChdHZCW1zFXpy1J',13);
INSERT INTO Song_Genre(song_id, genre_id) VALUES ('0tjZv2hChdHZCW1zFXpy1J',14);
INSERT INTO Song_Genre(song_id, genre_id) VALUES ('0Lsis3LB0XAK6XlTHXaJk2',12);
INSERT INTO Song_Genre(song_id, genre_id) VALUES ('0Lsis3LB0XAK6XlTHXaJk2',13);
INSERT INTO Song_Genre(song_id, genre_id) VALUES ('0Lsis3LB0XAK6XlTHXaJk2',14);
INSERT INTO Song_Genre(song_id, genre_id) VALUES ('2XIc1pqjXV3Cr2BQUGNBck',12);
INSERT INTO Song_Genre(song_id, genre_id) VALUES ('2XIc1pqjXV3Cr2BQUGNBck',13);
INSERT INTO Song_Genre(song_id, genre_id) VALUES ('2XIc1pqjXV3Cr2BQUGNBck',14);
INSERT INTO Song_Genre(song_id, genre_id) VALUES ('23XjN1s3DZC8Q9ZwuorYY4',12);
INSERT INTO Song_Genre(song_id, genre_id) VALUES ('23XjN1s3DZC8Q9ZwuorYY4',13);
INSERT INTO Song_Genre(song_id, genre_id) VALUES ('23XjN1s3DZC8Q9ZwuorYY4',14);
INSERT INTO Song_Genre(song_id, genre_id) VALUES ('5fROvzNghPid8mbKNDYvpJ',12);
INSERT INTO Song_Genre(song_id, genre_id) VALUES ('5fROvzNghPid8mbKNDYvpJ',13);
INSERT INTO Song_Genre(song_id, genre_id) VALUES ('5fROvzNghPid8mbKNDYvpJ',14);
INSERT INTO Song_Genre(song_id, genre_id) VALUES ('26QApq0cuO9brJigr0C0W4',12);
INSERT INTO Song_Genre(song_id, genre_id) VALUES ('26QApq0cuO9brJigr0C0W4',13);
INSERT INTO Song_Genre(song_id, genre_id) VALUES ('26QApq0cuO9brJigr0C0W4',14);
INSERT INTO Song_Genre(song_id, genre_id) VALUES ('26w9NTiE9NGjW1ZvIOd1So',12);
INSERT INTO Song_Genre(song_id, genre_id) VALUES ('26w9NTiE9NGjW1ZvIOd1So',13);
INSERT INTO Song_Genre(song_id, genre_id) VALUES ('26w9NTiE9NGjW1ZvIOd1So',14);
INSERT INTO Song_Genre(song_id, genre_id) VALUES ('67ACYA3UI6QMNtHX6b34wX',12);
INSERT INTO Song_Genre(song_id, genre_id) VALUES ('67ACYA3UI6QMNtHX6b34wX',13);
INSERT INTO Song_Genre(song_id, genre_id) VALUES ('67ACYA3UI6QMNtHX6b34wX',14);
INSERT INTO Song_Genre(song_id, genre_id) VALUES ('4MzXwWMhyBbmu6hOcLVD49',12);
INSERT INTO Song_Genre(song_id, genre_id) VALUES ('4MzXwWMhyBbmu6hOcLVD49',13);
INSERT INTO Song_Genre(song_id, genre_id) VALUES ('4MzXwWMhyBbmu6hOcLVD49',14);
INSERT INTO Song_Genre(song_id, genre_id) VALUES ('09WAnxdBuebQopKhJT3oZS',12);
INSERT INTO Song_Genre(song_id, genre_id) VALUES ('09WAnxdBuebQopKhJT3oZS',13);
INSERT INTO Song_Genre(song_id, genre_id) VALUES ('09WAnxdBuebQopKhJT3oZS',14);
INSERT INTO Song_Genre(song_id, genre_id) VALUES ('5jZ32WOU7sqzDYbzINwMUk',12);
INSERT INTO Song_Genre(song_id, genre_id) VALUES ('5jZ32WOU7sqzDYbzINwMUk',13);
INSERT INTO Song_Genre(song_id, genre_id) VALUES ('5jZ32WOU7sqzDYbzINwMUk',14);
INSERT INTO Song_Genre(song_id, genre_id) VALUES ('3KJ3opyV29269SXkPrc19l',12);
INSERT INTO Song_Genre(song_id, genre_id) VALUES ('3KJ3opyV29269SXkPrc19l',13);
INSERT INTO Song_Genre(song_id, genre_id) VALUES ('3KJ3opyV29269SXkPrc19l',14);
INSERT INTO Song_Genre(song_id, genre_id) VALUES ('7kjEqI6eZ7YlFrGhxixnlN',12);
INSERT INTO Song_Genre(song_id, genre_id) VALUES ('7kjEqI6eZ7YlFrGhxixnlN',13);
INSERT INTO Song_Genre(song_id, genre_id) VALUES ('7kjEqI6eZ7YlFrGhxixnlN',14);
INSERT INTO Song_Genre(song_id, genre_id) VALUES ('2Iv6YBslkxslMJQsxshZh5',12);
INSERT INTO Song_Genre(song_id, genre_id) VALUES ('2Iv6YBslkxslMJQsxshZh5',13);
INSERT INTO Song_Genre(song_id, genre_id) VALUES ('2Iv6YBslkxslMJQsxshZh5',14);

INSERT INTO Account(username,password,first_name,email) VALUES ('badbunny','123','Bad Bunny','badbunny@gmail.com');
INSERT INTO Artist(id,artistic_name,username) VALUES ('4q3ewBCX7sLwd24euuV69X','Bad Bunny','badbunny');

INSERT INTO Album_Artist(album_id,artist_id) VALUES ('2d9BCZeAAhiZWPpbX9aPCW','4q3ewBCX7sLwd24euuV69X');

INSERT INTO Song_Artist(song_id,artist_id) VALUES ('36DHxTW2xdr9GG15T9oK9L','4q3ewBCX7sLwd24euuV69X');

INSERT INTO Song_Artist(song_id,artist_id) VALUES ('5RubKOuDoPn5Kj5TLVxSxY','4q3ewBCX7sLwd24euuV69X');

INSERT INTO Song_Artist(song_id,artist_id) VALUES ('0tjZv2hChdHZCW1zFXpy1J','4q3ewBCX7sLwd24euuV69X');

INSERT INTO Song_Artist(song_id,artist_id) VALUES ('0Lsis3LB0XAK6XlTHXaJk2','4q3ewBCX7sLwd24euuV69X');

INSERT INTO Song_Artist(song_id,artist_id) VALUES ('2XIc1pqjXV3Cr2BQUGNBck','4q3ewBCX7sLwd24euuV69X');
INSERT INTO Account(username,password,first_name,email) VALUES ('rosalía','123','ROSALÍA','rosalía@gmail.com');
INSERT INTO Artist(id,artistic_name,username) VALUES ('7ltDVBr6mKbRvohxheJ9h1','ROSALÍA','rosalía');
INSERT INTO Song_Artist(song_id,artist_id) VALUES ('2XIc1pqjXV3Cr2BQUGNBck','7ltDVBr6mKbRvohxheJ9h1');

INSERT INTO Song_Artist(song_id,artist_id) VALUES ('23XjN1s3DZC8Q9ZwuorYY4','4q3ewBCX7sLwd24euuV69X');

INSERT INTO Song_Artist(song_id,artist_id) VALUES ('5fROvzNghPid8mbKNDYvpJ','4q3ewBCX7sLwd24euuV69X');

INSERT INTO Song_Artist(song_id,artist_id) VALUES ('26QApq0cuO9brJigr0C0W4','4q3ewBCX7sLwd24euuV69X');

INSERT INTO Song_Artist(song_id,artist_id) VALUES ('26w9NTiE9NGjW1ZvIOd1So','4q3ewBCX7sLwd24euuV69X');

INSERT INTO Song_Artist(song_id,artist_id) VALUES ('67ACYA3UI6QMNtHX6b34wX','4q3ewBCX7sLwd24euuV69X');

INSERT INTO Song_Artist(song_id,artist_id) VALUES ('4MzXwWMhyBbmu6hOcLVD49','4q3ewBCX7sLwd24euuV69X');
INSERT INTO Account(username,password,first_name,email) VALUES ('jhaycortez','123','Jhay Cortez','jhaycortez@gmail.com');
INSERT INTO Artist(id,artistic_name,username) VALUES ('0EFisYRi20PTADoJrifHrz','Jhay Cortez','jhaycortez');
INSERT INTO Song_Artist(song_id,artist_id) VALUES ('4MzXwWMhyBbmu6hOcLVD49','0EFisYRi20PTADoJrifHrz');

INSERT INTO Song_Artist(song_id,artist_id) VALUES ('09WAnxdBuebQopKhJT3oZS','4q3ewBCX7sLwd24euuV69X');

INSERT INTO Song_Artist(song_id,artist_id) VALUES ('5jZ32WOU7sqzDYbzINwMUk','4q3ewBCX7sLwd24euuV69X');
INSERT INTO Account(username,password,first_name,email) VALUES ('abra','123','ABRA','abra@gmail.com');
INSERT INTO Artist(id,artistic_name,username) VALUES ('3ZJxEmjYZd5VOqZ8o3aXiL','ABRA','abra');
INSERT INTO Song_Artist(song_id,artist_id) VALUES ('5jZ32WOU7sqzDYbzINwMUk','3ZJxEmjYZd5VOqZ8o3aXiL');

INSERT INTO Song_Artist(song_id,artist_id) VALUES ('3KJ3opyV29269SXkPrc19l','4q3ewBCX7sLwd24euuV69X');

INSERT INTO Song_Artist(song_id,artist_id) VALUES ('7kjEqI6eZ7YlFrGhxixnlN','4q3ewBCX7sLwd24euuV69X');

INSERT INTO Account(username,password,first_name,email) VALUES ('triovegabajeño','123','Trio Vegabajeño','triovegabajeño@gmail.com');
INSERT INTO Artist(id,artistic_name,username) VALUES ('5TphiK6LsT4X5NOZxq3NJB','Trio Vegabajeño','triovegabajeño');
INSERT INTO Song_Artist(song_id,artist_id) VALUES ('2Iv6YBslkxslMJQsxshZh5','5TphiK6LsT4X5NOZxq3NJB');

--Album Cómo Te Voy a Olvidar ¡Edición de Súper Lujo! de Los Angeles Azules--

INSERT INTO Album(id,name,preview_url,launch_date) VALUES ('3SIWWbyEtsvNTZmblvw4ZB','Cómo Te Voy a Olvidar ¡Edición de Súper Lujo!','https://i.scdn.co/image/ab67616d0000b273b45100c97671e660fd09d3b8','2013-1-1');

INSERT INTO Genre(name) VALUES ('Cumbia Mexicana');

INSERT INTO Song(id,name,duration_ms,active,preview_url,album_id) VALUES ('0lnGn0IfPHNIWZDr7N6ssc','Entrega de Amor',174986,'1','https://p.scdn.co/mp3-preview/e8e8d52ff27eaaec1b5a7de3667200860fc865d0?cid=774b29d4f13844c495f206cafdad9c86','3SIWWbyEtsvNTZmblvw4ZB');
INSERT INTO Song(id,name,duration_ms,active,preview_url,album_id) VALUES ('4mMEba2crsn753yhcFFBbB','Cómo Te Voy a Olvidar',304986,'1','https://p.scdn.co/mp3-preview/7f5fc3982382e465f97f2ca54fec919751daaad1?cid=774b29d4f13844c495f206cafdad9c86','3SIWWbyEtsvNTZmblvw4ZB');
INSERT INTO Song(id,name,duration_ms,active,preview_url,album_id) VALUES ('5aBE8z8oYfaHhTZ6ekrP6u','Las Maravillas de la Vida',151986,'1','https://p.scdn.co/mp3-preview/a5f114b2deeccc3681b5ef1e10db63ce49ba0539?cid=774b29d4f13844c495f206cafdad9c86','3SIWWbyEtsvNTZmblvw4ZB');
INSERT INTO Song(id,name,duration_ms,active,preview_url,album_id) VALUES ('0qcchMUfLxQX66T73eI0wm','El Listón de Tu Pelo',214986,'1','https://p.scdn.co/mp3-preview/9400b1c2ec32f9f265c3f15319a8681a92aceab1?cid=774b29d4f13844c495f206cafdad9c86','3SIWWbyEtsvNTZmblvw4ZB');
INSERT INTO Song(id,name,duration_ms,active,preview_url,album_id) VALUES ('7wEW6hf6vc1LyWeIvrsnTX','17 Años',181986,'1','https://p.scdn.co/mp3-preview/3da5168d40bbf8aaec793fb57fa1238cc419e3cf?cid=774b29d4f13844c495f206cafdad9c86','3SIWWbyEtsvNTZmblvw4ZB');
INSERT INTO Song(id,name,duration_ms,active,preview_url,album_id) VALUES ('17igO6XOZcl3YBtR023B6Z','Cumbia Pa'' Gozar',211986,'1','https://p.scdn.co/mp3-preview/a808494de8892cc45a5733857aae1113ad65fe3d?cid=774b29d4f13844c495f206cafdad9c86','3SIWWbyEtsvNTZmblvw4ZB');
INSERT INTO Song(id,name,duration_ms,active,preview_url,album_id) VALUES ('4h96j1LG3fBVyhkVD1krMq','Mis Sentimientos',216986,'1','https://p.scdn.co/mp3-preview/3eefea6e618f670464a7121e4ce0364c9a3ae019?cid=774b29d4f13844c495f206cafdad9c86','3SIWWbyEtsvNTZmblvw4ZB');
INSERT INTO Song(id,name,duration_ms,active,preview_url,album_id) VALUES ('7IvOkXBotyl3yKEvlt8hti','Ay Amor',223120,'1','https://p.scdn.co/mp3-preview/aa3e5cdebe1cc74d87a0dbf3894505a23d8ffe3f?cid=774b29d4f13844c495f206cafdad9c86','3SIWWbyEtsvNTZmblvw4ZB');
INSERT INTO Song(id,name,duration_ms,active,preview_url,album_id) VALUES ('6WhBAbnrhPrBkTwI3uMBwZ','Juventud',221986,'1','https://p.scdn.co/mp3-preview/13f5749ec685e9ef61971556e60ad758f9ec4459?cid=774b29d4f13844c495f206cafdad9c86','3SIWWbyEtsvNTZmblvw4ZB');
INSERT INTO Song(id,name,duration_ms,active,preview_url,album_id) VALUES ('1LQ0kBOFKfwzoAH5ZF90OM','Cumbia del Infinito',204466,'1','https://p.scdn.co/mp3-preview/bdd6ef90bcd092461ec965caa3b380799bd34177?cid=774b29d4f13844c495f206cafdad9c86','3SIWWbyEtsvNTZmblvw4ZB');
INSERT INTO Song(id,name,duration_ms,active,preview_url,album_id) VALUES ('2Xaawp3z3fhFbRuyZjt6J9','El Pecado',174986,'1','https://p.scdn.co/mp3-preview/485a33bd1c9b878d49f4e2f94e8546aae01f1719?cid=774b29d4f13844c495f206cafdad9c86','3SIWWbyEtsvNTZmblvw4ZB');
INSERT INTO Song(id,name,duration_ms,active,preview_url,album_id) VALUES ('36TegoeVmkNcf53zgmvEXR','Cumbia del Acordeón',263986,'1','https://p.scdn.co/mp3-preview/75fae7bed073ab9d4da67866b1ba05dd08b74720?cid=774b29d4f13844c495f206cafdad9c86','3SIWWbyEtsvNTZmblvw4ZB');
INSERT INTO Song(id,name,duration_ms,active,preview_url,album_id) VALUES ('1Iw1DnHnVq7O6WzdrAjciT','Mi Único Amor',155960,'1','https://p.scdn.co/mp3-preview/df90af20a594d1c80cc43cfbe457aadba6ef5f82?cid=774b29d4f13844c495f206cafdad9c86','3SIWWbyEtsvNTZmblvw4ZB');
INSERT INTO Song(id,name,duration_ms,active,preview_url,album_id) VALUES ('0Za4fscwHmyjVilqOgtmlk','El Listón de Tu Pelo - En Vivo Concierto Sinfónico Cumbia Fuzión By Fuze Tea',266920,'1','https://p.scdn.co/mp3-preview/64c63711e0bead38c2e712a5260bee6cfaea2201?cid=774b29d4f13844c495f206cafdad9c86','3SIWWbyEtsvNTZmblvw4ZB');
INSERT INTO Song(id,name,duration_ms,active,preview_url,album_id) VALUES ('2PyNlUtZwWCuke7i4c6I8X','Juventud - En Vivo Concierto Sinfónico Cumbia Fuzión By Fuze Tea',240786,'1','https://p.scdn.co/mp3-preview/ddeb59343b59774699008f3be563ee5283b6e9f7?cid=774b29d4f13844c495f206cafdad9c86','3SIWWbyEtsvNTZmblvw4ZB');
INSERT INTO Song(id,name,duration_ms,active,preview_url,album_id) VALUES ('5JwEF8nPkWp8hYpGuZonb2','Como Te Voy a Olvidar - En Vivo Concierto Sinfónico Cumbia Fuzión By Fuze Tea',282146,'1','https://p.scdn.co/mp3-preview/b5bf2c327220a466ca0fbd590cea101384a08f5b?cid=774b29d4f13844c495f206cafdad9c86','3SIWWbyEtsvNTZmblvw4ZB');
INSERT INTO Song(id,name,duration_ms,active,preview_url,album_id) VALUES ('7upDAKgtlRbSC7wYvDCugn','Mis Sentimientos - En Vivo Concierto Sinfónico Cumbia Fuzión By Fuze Tea',241533,'1','https://p.scdn.co/mp3-preview/f235e7685534ea437aa493a2406794eda5eedb22?cid=774b29d4f13844c495f206cafdad9c86','3SIWWbyEtsvNTZmblvw4ZB');
INSERT INTO Song(id,name,duration_ms,active,preview_url,album_id) VALUES ('3FMIZnKvP7jo7uylZnd3Ss','Entrega de Amor - En Vivo Concierto Sinfónico Cumbia Fuzión By Fuze Tea',191706,'1','https://p.scdn.co/mp3-preview/1db66d0aa11c18499a0124d6e0eee3a7ba9e4800?cid=774b29d4f13844c495f206cafdad9c86','3SIWWbyEtsvNTZmblvw4ZB');
INSERT INTO Song(id,name,duration_ms,active,preview_url,album_id) VALUES ('2FK6iaDEQqS7BhlagyAhCl','17 Años - En Vivo Concierto Sinfónico Cumbia Fuzión By Fuze Tea',336146,'1','https://p.scdn.co/mp3-preview/c54581eaeaf40fd1b7e691e8cde4167204580222?cid=774b29d4f13844c495f206cafdad9c86','3SIWWbyEtsvNTZmblvw4ZB');

INSERT INTO Song_Genre(song_id, genre_id) VALUES ('0lnGn0IfPHNIWZDr7N6ssc',15);
INSERT INTO Song_Genre(song_id, genre_id) VALUES ('4mMEba2crsn753yhcFFBbB',15);
INSERT INTO Song_Genre(song_id, genre_id) VALUES ('5aBE8z8oYfaHhTZ6ekrP6u',15);
INSERT INTO Song_Genre(song_id, genre_id) VALUES ('0qcchMUfLxQX66T73eI0wm',15);
INSERT INTO Song_Genre(song_id, genre_id) VALUES ('7wEW6hf6vc1LyWeIvrsnTX',15);
INSERT INTO Song_Genre(song_id, genre_id) VALUES ('17igO6XOZcl3YBtR023B6Z',15);
INSERT INTO Song_Genre(song_id, genre_id) VALUES ('4h96j1LG3fBVyhkVD1krMq',15);
INSERT INTO Song_Genre(song_id, genre_id) VALUES ('7IvOkXBotyl3yKEvlt8hti',15);
INSERT INTO Song_Genre(song_id, genre_id) VALUES ('6WhBAbnrhPrBkTwI3uMBwZ',15);
INSERT INTO Song_Genre(song_id, genre_id) VALUES ('1LQ0kBOFKfwzoAH5ZF90OM',15);
INSERT INTO Song_Genre(song_id, genre_id) VALUES ('2Xaawp3z3fhFbRuyZjt6J9',15);
INSERT INTO Song_Genre(song_id, genre_id) VALUES ('36TegoeVmkNcf53zgmvEXR',15);
INSERT INTO Song_Genre(song_id, genre_id) VALUES ('1Iw1DnHnVq7O6WzdrAjciT',15);
INSERT INTO Song_Genre(song_id, genre_id) VALUES ('0Za4fscwHmyjVilqOgtmlk',15);
INSERT INTO Song_Genre(song_id, genre_id) VALUES ('2PyNlUtZwWCuke7i4c6I8X',15);
INSERT INTO Song_Genre(song_id, genre_id) VALUES ('5JwEF8nPkWp8hYpGuZonb2',15);
INSERT INTO Song_Genre(song_id, genre_id) VALUES ('7upDAKgtlRbSC7wYvDCugn',15);
INSERT INTO Song_Genre(song_id, genre_id) VALUES ('3FMIZnKvP7jo7uylZnd3Ss',15);
INSERT INTO Song_Genre(song_id, genre_id) VALUES ('2FK6iaDEQqS7BhlagyAhCl',15);

INSERT INTO Account(username,password,first_name,email) VALUES ('losángelesazules','123','Los Ángeles Azules','losángelesazules@gmail.com');
INSERT INTO Artist(id,artistic_name,username) VALUES ('0ZCO8oVkMj897cKgFH7fRW','Los Ángeles Azules','losángelesazules');

INSERT INTO Album_Artist(album_id,artist_id) VALUES ('3SIWWbyEtsvNTZmblvw4ZB','0ZCO8oVkMj897cKgFH7fRW');

INSERT INTO Song_Artist(song_id,artist_id) VALUES ('0lnGn0IfPHNIWZDr7N6ssc','0ZCO8oVkMj897cKgFH7fRW');
INSERT INTO Account(username,password,first_name,email) VALUES ('saúlhernández','123','Saúl Hernández','saúlhernández@gmail.com');
INSERT INTO Artist(id,artistic_name,username) VALUES ('3VdwsMY5MqUl5WCw7SqnRG','Saúl Hernández','saúlhernández');
INSERT INTO Song_Artist(song_id,artist_id) VALUES ('0lnGn0IfPHNIWZDr7N6ssc','3VdwsMY5MqUl5WCw7SqnRG');

INSERT INTO Song_Artist(song_id,artist_id) VALUES ('4mMEba2crsn753yhcFFBbB','0ZCO8oVkMj897cKgFH7fRW');
INSERT INTO Account(username,password,first_name,email) VALUES ('kinky','123','Kinky','kinky@gmail.com');
INSERT INTO Artist(id,artistic_name,username) VALUES ('4WOIfFwyvx22jM0eg2fpKv','Kinky','kinky');
INSERT INTO Song_Artist(song_id,artist_id) VALUES ('4mMEba2crsn753yhcFFBbB','4WOIfFwyvx22jM0eg2fpKv');

INSERT INTO Song_Artist(song_id,artist_id) VALUES ('5aBE8z8oYfaHhTZ6ekrP6u','0ZCO8oVkMj897cKgFH7fRW');
INSERT INTO Account(username,password,first_name,email) VALUES ('carlamorrison','123','Carla Morrison','carlamorrison@gmail.com');
INSERT INTO Artist(id,artistic_name,username) VALUES ('0XK6kT7xcZAlcYrNjOgzJe','Carla Morrison','carlamorrison');
INSERT INTO Song_Artist(song_id,artist_id) VALUES ('5aBE8z8oYfaHhTZ6ekrP6u','0XK6kT7xcZAlcYrNjOgzJe');

INSERT INTO Song_Artist(song_id,artist_id) VALUES ('0qcchMUfLxQX66T73eI0wm','0ZCO8oVkMj897cKgFH7fRW');
INSERT INTO Account(username,password,first_name,email) VALUES ('liladowns','123','Lila Downs','liladowns@gmail.com');
INSERT INTO Artist(id,artistic_name,username) VALUES ('3mXI2gpwWnNO9qbQG3n3EP','Lila Downs','liladowns');
INSERT INTO Song_Artist(song_id,artist_id) VALUES ('0qcchMUfLxQX66T73eI0wm','3mXI2gpwWnNO9qbQG3n3EP');

INSERT INTO Song_Artist(song_id,artist_id) VALUES ('7wEW6hf6vc1LyWeIvrsnTX','0ZCO8oVkMj897cKgFH7fRW');
INSERT INTO Account(username,password,first_name,email) VALUES ('jaydelacueva','123','Jay de la Cueva','jaydelacueva@gmail.com');
INSERT INTO Artist(id,artistic_name,username) VALUES ('2PQW0MnXmZd19XKZQyoPgu','Jay de la Cueva','jaydelacueva');
INSERT INTO Song_Artist(song_id,artist_id) VALUES ('7wEW6hf6vc1LyWeIvrsnTX','2PQW0MnXmZd19XKZQyoPgu');

INSERT INTO Song_Artist(song_id,artist_id) VALUES ('17igO6XOZcl3YBtR023B6Z','0ZCO8oVkMj897cKgFH7fRW');
INSERT INTO Account(username,password,first_name,email) VALUES ('toyselectah','123','Toy Selectah','toyselectah@gmail.com');
INSERT INTO Artist(id,artistic_name,username) VALUES ('6iruqoplIhH7VmvMQV1wDM','Toy Selectah','toyselectah');
INSERT INTO Song_Artist(song_id,artist_id) VALUES ('17igO6XOZcl3YBtR023B6Z','6iruqoplIhH7VmvMQV1wDM');
INSERT INTO Account(username,password,first_name,email) VALUES ('ims','123','IMS','ims@gmail.com');
INSERT INTO Artist(id,artistic_name,username) VALUES ('5vEyNgvTnvDHzoNXcFJx67','IMS','ims');
INSERT INTO Song_Artist(song_id,artist_id) VALUES ('17igO6XOZcl3YBtR023B6Z','5vEyNgvTnvDHzoNXcFJx67');

INSERT INTO Song_Artist(song_id,artist_id) VALUES ('4h96j1LG3fBVyhkVD1krMq','0ZCO8oVkMj897cKgFH7fRW');
INSERT INTO Account(username,password,first_name,email) VALUES ('ximenasariñana','123','Ximena Sariñana','ximenasariñana@gmail.com');
INSERT INTO Artist(id,artistic_name,username) VALUES ('7plUpXSFcSJUZSiZAoXqr1','Ximena Sariñana','ximenasariñana');
INSERT INTO Song_Artist(song_id,artist_id) VALUES ('4h96j1LG3fBVyhkVD1krMq','7plUpXSFcSJUZSiZAoXqr1');

INSERT INTO Song_Artist(song_id,artist_id) VALUES ('7IvOkXBotyl3yKEvlt8hti','0ZCO8oVkMj897cKgFH7fRW');
INSERT INTO Account(username,password,first_name,email) VALUES ('losamigosinvisibles','123','Los Amigos Invisibles','losamigosinvisibles@gmail.com');
INSERT INTO Artist(id,artistic_name,username) VALUES ('5x3mrCTZmkoTXURN7pWdGN','Los Amigos Invisibles','losamigosinvisibles');
INSERT INTO Song_Artist(song_id,artist_id) VALUES ('7IvOkXBotyl3yKEvlt8hti','5x3mrCTZmkoTXURN7pWdGN');
INSERT INTO Account(username,password,first_name,email) VALUES ('jiggydrama','123','Jiggy Drama','jiggydrama@gmail.com');
INSERT INTO Artist(id,artistic_name,username) VALUES ('2wJhXMulep4to8JaxUYjeY','Jiggy Drama','jiggydrama');
INSERT INTO Song_Artist(song_id,artist_id) VALUES ('7IvOkXBotyl3yKEvlt8hti','2wJhXMulep4to8JaxUYjeY');
INSERT INTO Account(username,password,first_name,email) VALUES ('elgavachillo(ozomatli)','123','El Gavachillo (Ozomatli)','elgavachillo(ozomatli)@gmail.com');
INSERT INTO Artist(id,artistic_name,username) VALUES ('0sxMcQVE5S3kqiZjaYp3JS','El Gavachillo (Ozomatli)','elgavachillo(ozomatli)');
INSERT INTO Song_Artist(song_id,artist_id) VALUES ('7IvOkXBotyl3yKEvlt8hti','0sxMcQVE5S3kqiZjaYp3JS');

INSERT INTO Song_Artist(song_id,artist_id) VALUES ('6WhBAbnrhPrBkTwI3uMBwZ','0ZCO8oVkMj897cKgFH7fRW');
INSERT INTO Account(username,password,first_name,email) VALUES ('vicentico','123','Vicentico','vicentico@gmail.com');
INSERT INTO Artist(id,artistic_name,username) VALUES ('25THA9HUHoxpCT4LBp7UsZ','Vicentico','vicentico');
INSERT INTO Song_Artist(song_id,artist_id) VALUES ('6WhBAbnrhPrBkTwI3uMBwZ','25THA9HUHoxpCT4LBp7UsZ');

INSERT INTO Song_Artist(song_id,artist_id) VALUES ('1LQ0kBOFKfwzoAH5ZF90OM','0ZCO8oVkMj897cKgFH7fRW');
INSERT INTO Account(username,password,first_name,email) VALUES ('centavrvs','123','Centavrvs','centavrvs@gmail.com');
INSERT INTO Artist(id,artistic_name,username) VALUES ('2hM7wQp7sHLgMTDpxteBWo','Centavrvs','centavrvs');
INSERT INTO Song_Artist(song_id,artist_id) VALUES ('1LQ0kBOFKfwzoAH5ZF90OM','2hM7wQp7sHLgMTDpxteBWo');

INSERT INTO Song_Artist(song_id,artist_id) VALUES ('2Xaawp3z3fhFbRuyZjt6J9','0ZCO8oVkMj897cKgFH7fRW');
INSERT INTO Account(username,password,first_name,email) VALUES ('elcanijo','123','El Canijo','elcanijo@gmail.com');
INSERT INTO Artist(id,artistic_name,username) VALUES ('0n7hc53o01QNAyI8Hy3kDj','El Canijo','elcanijo');
INSERT INTO Song_Artist(song_id,artist_id) VALUES ('2Xaawp3z3fhFbRuyZjt6J9','0n7hc53o01QNAyI8Hy3kDj');

INSERT INTO Song_Artist(song_id,artist_id) VALUES ('36TegoeVmkNcf53zgmvEXR','0ZCO8oVkMj897cKgFH7fRW');
INSERT INTO Account(username,password,first_name,email) VALUES ('celsopiña','123','Celso Piña','celsopiña@gmail.com');
INSERT INTO Artist(id,artistic_name,username) VALUES ('6PmfbeAL7jAauFPNyQ5UPi','Celso Piña','celsopiña');
INSERT INTO Song_Artist(song_id,artist_id) VALUES ('36TegoeVmkNcf53zgmvEXR','6PmfbeAL7jAauFPNyQ5UPi');

INSERT INTO Song_Artist(song_id,artist_id) VALUES ('1Iw1DnHnVq7O6WzdrAjciT','0ZCO8oVkMj897cKgFH7fRW');
INSERT INTO Account(username,password,first_name,email) VALUES ('lisaumet','123','Li Saumet','lisaumet@gmail.com');
INSERT INTO Artist(id,artistic_name,username) VALUES ('1hYzHxIYlfYgHXN9DVZaNw','Li Saumet','lisaumet');
INSERT INTO Song_Artist(song_id,artist_id) VALUES ('1Iw1DnHnVq7O6WzdrAjciT','1hYzHxIYlfYgHXN9DVZaNw');

INSERT INTO Song_Artist(song_id,artist_id) VALUES ('0Za4fscwHmyjVilqOgtmlk','0ZCO8oVkMj897cKgFH7fRW');
INSERT INTO Account(username,password,first_name,email) VALUES ('denisegutiérrez','123','Denise Gutiérrez','denisegutiérrez@gmail.com');
INSERT INTO Artist(id,artistic_name,username) VALUES ('4svp08yFN6IGlkBJlEhT4Z','Denise Gutiérrez','denisegutiérrez');
INSERT INTO Song_Artist(song_id,artist_id) VALUES ('0Za4fscwHmyjVilqOgtmlk','4svp08yFN6IGlkBJlEhT4Z');

INSERT INTO Song_Artist(song_id,artist_id) VALUES ('2PyNlUtZwWCuke7i4c6I8X','0ZCO8oVkMj897cKgFH7fRW');
INSERT INTO Account(username,password,first_name,email) VALUES ('álvarolópez','123','Álvaro López','álvarolópez@gmail.com');
INSERT INTO Artist(id,artistic_name,username) VALUES ('5LrqAMICjuzUZXr8AqQhMv','Álvaro López','álvarolópez');
INSERT INTO Song_Artist(song_id,artist_id) VALUES ('2PyNlUtZwWCuke7i4c6I8X','5LrqAMICjuzUZXr8AqQhMv');

INSERT INTO Song_Artist(song_id,artist_id) VALUES ('5JwEF8nPkWp8hYpGuZonb2','0ZCO8oVkMj897cKgFH7fRW');
INSERT INTO Account(username,password,first_name,email) VALUES ('gilcerezo','123','Gil Cerezo','gilcerezo@gmail.com');
INSERT INTO Artist(id,artistic_name,username) VALUES ('0IriYFJ4bOlHotHiwweJdG','Gil Cerezo','gilcerezo');
INSERT INTO Song_Artist(song_id,artist_id) VALUES ('5JwEF8nPkWp8hYpGuZonb2','0IriYFJ4bOlHotHiwweJdG');
INSERT INTO Account(username,password,first_name,email) VALUES ('uliseslozano','123','Ulises Lozano','uliseslozano@gmail.com');
INSERT INTO Artist(id,artistic_name,username) VALUES ('0DaadIGzHCP8aRjG2oF9B7','Ulises Lozano','uliseslozano');
INSERT INTO Song_Artist(song_id,artist_id) VALUES ('5JwEF8nPkWp8hYpGuZonb2','0DaadIGzHCP8aRjG2oF9B7');

INSERT INTO Song_Artist(song_id,artist_id) VALUES ('7upDAKgtlRbSC7wYvDCugn','0ZCO8oVkMj897cKgFH7fRW');
INSERT INTO Song_Artist(song_id,artist_id) VALUES ('7upDAKgtlRbSC7wYvDCugn','7plUpXSFcSJUZSiZAoXqr1');

INSERT INTO Song_Artist(song_id,artist_id) VALUES ('3FMIZnKvP7jo7uylZnd3Ss','0ZCO8oVkMj897cKgFH7fRW');
INSERT INTO Account(username,password,first_name,email) VALUES ('leonardodelozanne','123','Leonardo de Lozanne','leonardodelozanne@gmail.com');
INSERT INTO Artist(id,artistic_name,username) VALUES ('0tJ0fqnovf6ASEO0Qyr03N','Leonardo de Lozanne','leonardodelozanne');
INSERT INTO Song_Artist(song_id,artist_id) VALUES ('3FMIZnKvP7jo7uylZnd3Ss','0tJ0fqnovf6ASEO0Qyr03N');

INSERT INTO Song_Artist(song_id,artist_id) VALUES ('2FK6iaDEQqS7BhlagyAhCl','0ZCO8oVkMj897cKgFH7fRW');
INSERT INTO Song_Artist(song_id,artist_id) VALUES ('2FK6iaDEQqS7BhlagyAhCl','2PQW0MnXmZd19XKZQyoPgu');

--Album Blurryface de Twenty One Pilots--

INSERT INTO Album(id,name,preview_url,launch_date) VALUES ('3cQO7jp5S9qLBoIVtbkSM1','Blurryface','https://i.scdn.co/image/ab67616d0000b273de03bfc2991fd5bcfde65ba3','2015-05-15');

INSERT INTO Genre(name) VALUES ('Hip Hop Alternativo');
INSERT INTO Genre(name) VALUES ('Electropop');
INSERT INTO Genre(name) VALUES ('Pop Independiente');
INSERT INTO Genre(name) VALUES ('Reggae');
INSERT INTO Genre(name) VALUES ('Rock');

INSERT INTO Song(id,name,duration_ms,active,preview_url,album_id) VALUES ('7i9763l5SSfOnqZ35VOcfy','Heavydirtysoul',234813,'1','https://p.scdn.co/mp3-preview/568ead4979ba086dc9391641e05c78c812d21a5b?cid=774b29d4f13844c495f206cafdad9c86','3cQO7jp5S9qLBoIVtbkSM1');
INSERT INTO Song(id,name,duration_ms,active,preview_url,album_id) VALUES ('3CRDbSIZ4r5MsZ0YwxuEkn','Stressed Out',202333,'1','https://p.scdn.co/mp3-preview/0e0951b811f06fea9162eb7e95e4bae4802d97af?cid=774b29d4f13844c495f206cafdad9c86','3cQO7jp5S9qLBoIVtbkSM1');
INSERT INTO Song(id,name,duration_ms,active,preview_url,album_id) VALUES ('2Z8WuEywRWYTKe1NybPQEW','Ride',214506,'1','https://p.scdn.co/mp3-preview/26fc2318d6ebad09ae7aed7adfce2b28413cea7e?cid=774b29d4f13844c495f206cafdad9c86','3cQO7jp5S9qLBoIVtbkSM1');
INSERT INTO Song(id,name,duration_ms,active,preview_url,album_id) VALUES ('1s9xuJxhYM0LdVqksjegcg','Fairly Local',207160,'1','https://p.scdn.co/mp3-preview/ed7db963a9e66447518dd66533c2f0e47df98a29?cid=774b29d4f13844c495f206cafdad9c86','3cQO7jp5S9qLBoIVtbkSM1');
INSERT INTO Song(id,name,duration_ms,active,preview_url,album_id) VALUES ('3bnVBN67NBEzedqQuWrpP4','Tear in My Heart',188493,'1','https://p.scdn.co/mp3-preview/46c19d324587898577a1974b8bdc2d5db88a5c65?cid=774b29d4f13844c495f206cafdad9c86','3cQO7jp5S9qLBoIVtbkSM1');
INSERT INTO Song(id,name,duration_ms,active,preview_url,album_id) VALUES ('2P61EK6DMGyVyssLWS4fKy','Lane Boy',253093,'1','https://p.scdn.co/mp3-preview/9117e19ca019b65685d0428af0eedcef04bbe94a?cid=774b29d4f13844c495f206cafdad9c86','3cQO7jp5S9qLBoIVtbkSM1');
INSERT INTO Song(id,name,duration_ms,active,preview_url,album_id) VALUES ('1lguQJjlNrIOoOylYVZN3M','The Judge',297760,'1','https://p.scdn.co/mp3-preview/e5d3aefc2ef59ab4ff3abb6d38070cca0d167fc1?cid=774b29d4f13844c495f206cafdad9c86','3cQO7jp5S9qLBoIVtbkSM1');
INSERT INTO Song(id,name,duration_ms,active,preview_url,album_id) VALUES ('57yL3161hUMuw06zzzUCHi','Doubt',191493,'1','https://p.scdn.co/mp3-preview/893adff057ac9c488fa08931daf53133d42ff3ff?cid=774b29d4f13844c495f206cafdad9c86','3cQO7jp5S9qLBoIVtbkSM1');
INSERT INTO Song(id,name,duration_ms,active,preview_url,album_id) VALUES ('6GmkJJMe9U1tEcrJ3Hq3A1','Polarize',226786,'1','https://p.scdn.co/mp3-preview/94578ff3e1a2f2551f454480c29440efa304e832?cid=774b29d4f13844c495f206cafdad9c86','3cQO7jp5S9qLBoIVtbkSM1');
INSERT INTO Song(id,name,duration_ms,active,preview_url,album_id) VALUES ('22OqansuvEMQu9W0EfiGTI','We Don''t Believe What''s on TV',177200,'1','https://p.scdn.co/mp3-preview/3d55d52793faa95c48489e57bfce921bdd30a597?cid=774b29d4f13844c495f206cafdad9c86','3cQO7jp5S9qLBoIVtbkSM1');
INSERT INTO Song(id,name,duration_ms,active,preview_url,album_id) VALUES ('4Oyl6oYSNeeZZP0OAxPVaU','Message Man',240080,'1','https://p.scdn.co/mp3-preview/930234ef09f17fc0bf24c6cdd23abb91d85e7fae?cid=774b29d4f13844c495f206cafdad9c86','3cQO7jp5S9qLBoIVtbkSM1');
INSERT INTO Song(id,name,duration_ms,active,preview_url,album_id) VALUES ('40sRwFjfrRnaTdYPJIg4CP','Hometown',234946,'1','https://p.scdn.co/mp3-preview/f981946956dd212e026cf2a3c2194e3d922ab54d?cid=774b29d4f13844c495f206cafdad9c86','3cQO7jp5S9qLBoIVtbkSM1');
INSERT INTO Song(id,name,duration_ms,active,preview_url,album_id) VALUES ('7qxjGHW485TL8ciwkHD5MK','Not Today',238040,'1','https://p.scdn.co/mp3-preview/2d45b8db4a62de00bc7803e8f89937349c664710?cid=774b29d4f13844c495f206cafdad9c86','3cQO7jp5S9qLBoIVtbkSM1');
INSERT INTO Song(id,name,duration_ms,active,preview_url,album_id) VALUES ('5P3yUXUC9rZPJPNmYGKEAz','Goner',236733,'1','https://p.scdn.co/mp3-preview/db711bb9098ffd4565a41122268572ffda5d583c?cid=774b29d4f13844c495f206cafdad9c86','3cQO7jp5S9qLBoIVtbkSM1');


INSERT INTO Song_Genre(song_id, genre_id) VALUES ('7i9763l5SSfOnqZ35VOcfy',1);
INSERT INTO Song_Genre(song_id, genre_id) VALUES ('7i9763l5SSfOnqZ35VOcfy',5);
INSERT INTO Song_Genre(song_id, genre_id) VALUES ('7i9763l5SSfOnqZ35VOcfy',16);
INSERT INTO Song_Genre(song_id, genre_id) VALUES ('7i9763l5SSfOnqZ35VOcfy',17);
INSERT INTO Song_Genre(song_id, genre_id) VALUES ('7i9763l5SSfOnqZ35VOcfy',18);
INSERT INTO Song_Genre(song_id, genre_id) VALUES ('7i9763l5SSfOnqZ35VOcfy',19);
INSERT INTO Song_Genre(song_id, genre_id) VALUES ('7i9763l5SSfOnqZ35VOcfy',20);
INSERT INTO Song_Genre(song_id, genre_id) VALUES ('3CRDbSIZ4r5MsZ0YwxuEkn',1);
INSERT INTO Song_Genre(song_id, genre_id) VALUES ('3CRDbSIZ4r5MsZ0YwxuEkn',5);
INSERT INTO Song_Genre(song_id, genre_id) VALUES ('3CRDbSIZ4r5MsZ0YwxuEkn',16);
INSERT INTO Song_Genre(song_id, genre_id) VALUES ('3CRDbSIZ4r5MsZ0YwxuEkn',17);
INSERT INTO Song_Genre(song_id, genre_id) VALUES ('3CRDbSIZ4r5MsZ0YwxuEkn',18);
INSERT INTO Song_Genre(song_id, genre_id) VALUES ('3CRDbSIZ4r5MsZ0YwxuEkn',19);
INSERT INTO Song_Genre(song_id, genre_id) VALUES ('3CRDbSIZ4r5MsZ0YwxuEkn',20);
INSERT INTO Song_Genre(song_id, genre_id) VALUES ('2Z8WuEywRWYTKe1NybPQEW',1);
INSERT INTO Song_Genre(song_id, genre_id) VALUES ('2Z8WuEywRWYTKe1NybPQEW',5);
INSERT INTO Song_Genre(song_id, genre_id) VALUES ('2Z8WuEywRWYTKe1NybPQEW',16);
INSERT INTO Song_Genre(song_id, genre_id) VALUES ('2Z8WuEywRWYTKe1NybPQEW',17);
INSERT INTO Song_Genre(song_id, genre_id) VALUES ('2Z8WuEywRWYTKe1NybPQEW',18);
INSERT INTO Song_Genre(song_id, genre_id) VALUES ('2Z8WuEywRWYTKe1NybPQEW',19);
INSERT INTO Song_Genre(song_id, genre_id) VALUES ('2Z8WuEywRWYTKe1NybPQEW',20);
INSERT INTO Song_Genre(song_id, genre_id) VALUES ('1s9xuJxhYM0LdVqksjegcg',1);
INSERT INTO Song_Genre(song_id, genre_id) VALUES ('1s9xuJxhYM0LdVqksjegcg',5);
INSERT INTO Song_Genre(song_id, genre_id) VALUES ('1s9xuJxhYM0LdVqksjegcg',16);
INSERT INTO Song_Genre(song_id, genre_id) VALUES ('1s9xuJxhYM0LdVqksjegcg',17);
INSERT INTO Song_Genre(song_id, genre_id) VALUES ('1s9xuJxhYM0LdVqksjegcg',18);
INSERT INTO Song_Genre(song_id, genre_id) VALUES ('1s9xuJxhYM0LdVqksjegcg',19);
INSERT INTO Song_Genre(song_id, genre_id) VALUES ('1s9xuJxhYM0LdVqksjegcg',20);
INSERT INTO Song_Genre(song_id, genre_id) VALUES ('3bnVBN67NBEzedqQuWrpP4',1);
INSERT INTO Song_Genre(song_id, genre_id) VALUES ('3bnVBN67NBEzedqQuWrpP4',5);
INSERT INTO Song_Genre(song_id, genre_id) VALUES ('3bnVBN67NBEzedqQuWrpP4',16);
INSERT INTO Song_Genre(song_id, genre_id) VALUES ('3bnVBN67NBEzedqQuWrpP4',17);
INSERT INTO Song_Genre(song_id, genre_id) VALUES ('3bnVBN67NBEzedqQuWrpP4',18);
INSERT INTO Song_Genre(song_id, genre_id) VALUES ('3bnVBN67NBEzedqQuWrpP4',19);
INSERT INTO Song_Genre(song_id, genre_id) VALUES ('3bnVBN67NBEzedqQuWrpP4',20);
INSERT INTO Song_Genre(song_id, genre_id) VALUES ('2P61EK6DMGyVyssLWS4fKy',1);
INSERT INTO Song_Genre(song_id, genre_id) VALUES ('2P61EK6DMGyVyssLWS4fKy',5);
INSERT INTO Song_Genre(song_id, genre_id) VALUES ('2P61EK6DMGyVyssLWS4fKy',16);
INSERT INTO Song_Genre(song_id, genre_id) VALUES ('2P61EK6DMGyVyssLWS4fKy',17);
INSERT INTO Song_Genre(song_id, genre_id) VALUES ('2P61EK6DMGyVyssLWS4fKy',18);
INSERT INTO Song_Genre(song_id, genre_id) VALUES ('2P61EK6DMGyVyssLWS4fKy',19);
INSERT INTO Song_Genre(song_id, genre_id) VALUES ('2P61EK6DMGyVyssLWS4fKy',20);
INSERT INTO Song_Genre(song_id, genre_id) VALUES ('1lguQJjlNrIOoOylYVZN3M',1);
INSERT INTO Song_Genre(song_id, genre_id) VALUES ('1lguQJjlNrIOoOylYVZN3M',5);
INSERT INTO Song_Genre(song_id, genre_id) VALUES ('1lguQJjlNrIOoOylYVZN3M',16);
INSERT INTO Song_Genre(song_id, genre_id) VALUES ('1lguQJjlNrIOoOylYVZN3M',17);
INSERT INTO Song_Genre(song_id, genre_id) VALUES ('1lguQJjlNrIOoOylYVZN3M',18);
INSERT INTO Song_Genre(song_id, genre_id) VALUES ('1lguQJjlNrIOoOylYVZN3M',19);
INSERT INTO Song_Genre(song_id, genre_id) VALUES ('1lguQJjlNrIOoOylYVZN3M',20);
INSERT INTO Song_Genre(song_id, genre_id) VALUES ('57yL3161hUMuw06zzzUCHi',1);
INSERT INTO Song_Genre(song_id, genre_id) VALUES ('57yL3161hUMuw06zzzUCHi',5);
INSERT INTO Song_Genre(song_id, genre_id) VALUES ('57yL3161hUMuw06zzzUCHi',16);
INSERT INTO Song_Genre(song_id, genre_id) VALUES ('57yL3161hUMuw06zzzUCHi',17);
INSERT INTO Song_Genre(song_id, genre_id) VALUES ('57yL3161hUMuw06zzzUCHi',18);
INSERT INTO Song_Genre(song_id, genre_id) VALUES ('57yL3161hUMuw06zzzUCHi',19);
INSERT INTO Song_Genre(song_id, genre_id) VALUES ('57yL3161hUMuw06zzzUCHi',20);
INSERT INTO Song_Genre(song_id, genre_id) VALUES ('6GmkJJMe9U1tEcrJ3Hq3A1',1);
INSERT INTO Song_Genre(song_id, genre_id) VALUES ('6GmkJJMe9U1tEcrJ3Hq3A1',5);
INSERT INTO Song_Genre(song_id, genre_id) VALUES ('6GmkJJMe9U1tEcrJ3Hq3A1',16);
INSERT INTO Song_Genre(song_id, genre_id) VALUES ('6GmkJJMe9U1tEcrJ3Hq3A1',17);
INSERT INTO Song_Genre(song_id, genre_id) VALUES ('6GmkJJMe9U1tEcrJ3Hq3A1',18);
INSERT INTO Song_Genre(song_id, genre_id) VALUES ('6GmkJJMe9U1tEcrJ3Hq3A1',19);
INSERT INTO Song_Genre(song_id, genre_id) VALUES ('6GmkJJMe9U1tEcrJ3Hq3A1',20);
INSERT INTO Song_Genre(song_id, genre_id) VALUES ('22OqansuvEMQu9W0EfiGTI',1);
INSERT INTO Song_Genre(song_id, genre_id) VALUES ('22OqansuvEMQu9W0EfiGTI',5);
INSERT INTO Song_Genre(song_id, genre_id) VALUES ('22OqansuvEMQu9W0EfiGTI',16);
INSERT INTO Song_Genre(song_id, genre_id) VALUES ('22OqansuvEMQu9W0EfiGTI',17);
INSERT INTO Song_Genre(song_id, genre_id) VALUES ('22OqansuvEMQu9W0EfiGTI',18);
INSERT INTO Song_Genre(song_id, genre_id) VALUES ('22OqansuvEMQu9W0EfiGTI',19);
INSERT INTO Song_Genre(song_id, genre_id) VALUES ('22OqansuvEMQu9W0EfiGTI',20);
INSERT INTO Song_Genre(song_id, genre_id) VALUES ('4Oyl6oYSNeeZZP0OAxPVaU',1);
INSERT INTO Song_Genre(song_id, genre_id) VALUES ('4Oyl6oYSNeeZZP0OAxPVaU',5);
INSERT INTO Song_Genre(song_id, genre_id) VALUES ('4Oyl6oYSNeeZZP0OAxPVaU',16);
INSERT INTO Song_Genre(song_id, genre_id) VALUES ('4Oyl6oYSNeeZZP0OAxPVaU',17);
INSERT INTO Song_Genre(song_id, genre_id) VALUES ('4Oyl6oYSNeeZZP0OAxPVaU',18);
INSERT INTO Song_Genre(song_id, genre_id) VALUES ('4Oyl6oYSNeeZZP0OAxPVaU',19);
INSERT INTO Song_Genre(song_id, genre_id) VALUES ('4Oyl6oYSNeeZZP0OAxPVaU',20);
INSERT INTO Song_Genre(song_id, genre_id) VALUES ('40sRwFjfrRnaTdYPJIg4CP',1);
INSERT INTO Song_Genre(song_id, genre_id) VALUES ('40sRwFjfrRnaTdYPJIg4CP',5);
INSERT INTO Song_Genre(song_id, genre_id) VALUES ('40sRwFjfrRnaTdYPJIg4CP',16);
INSERT INTO Song_Genre(song_id, genre_id) VALUES ('40sRwFjfrRnaTdYPJIg4CP',17);
INSERT INTO Song_Genre(song_id, genre_id) VALUES ('40sRwFjfrRnaTdYPJIg4CP',18);
INSERT INTO Song_Genre(song_id, genre_id) VALUES ('40sRwFjfrRnaTdYPJIg4CP',19);
INSERT INTO Song_Genre(song_id, genre_id) VALUES ('40sRwFjfrRnaTdYPJIg4CP',20);
INSERT INTO Song_Genre(song_id, genre_id) VALUES ('7qxjGHW485TL8ciwkHD5MK',1);
INSERT INTO Song_Genre(song_id, genre_id) VALUES ('7qxjGHW485TL8ciwkHD5MK',5);
INSERT INTO Song_Genre(song_id, genre_id) VALUES ('7qxjGHW485TL8ciwkHD5MK',16);
INSERT INTO Song_Genre(song_id, genre_id) VALUES ('7qxjGHW485TL8ciwkHD5MK',17);
INSERT INTO Song_Genre(song_id, genre_id) VALUES ('7qxjGHW485TL8ciwkHD5MK',18);
INSERT INTO Song_Genre(song_id, genre_id) VALUES ('7qxjGHW485TL8ciwkHD5MK',19);
INSERT INTO Song_Genre(song_id, genre_id) VALUES ('7qxjGHW485TL8ciwkHD5MK',20);
INSERT INTO Song_Genre(song_id, genre_id) VALUES ('5P3yUXUC9rZPJPNmYGKEAz',1);
INSERT INTO Song_Genre(song_id, genre_id) VALUES ('5P3yUXUC9rZPJPNmYGKEAz',5);
INSERT INTO Song_Genre(song_id, genre_id) VALUES ('5P3yUXUC9rZPJPNmYGKEAz',16);
INSERT INTO Song_Genre(song_id, genre_id) VALUES ('5P3yUXUC9rZPJPNmYGKEAz',17);
INSERT INTO Song_Genre(song_id, genre_id) VALUES ('5P3yUXUC9rZPJPNmYGKEAz',18);
INSERT INTO Song_Genre(song_id, genre_id) VALUES ('5P3yUXUC9rZPJPNmYGKEAz',19);
INSERT INTO Song_Genre(song_id, genre_id) VALUES ('5P3yUXUC9rZPJPNmYGKEAz',20);

INSERT INTO Account(username,password,first_name,email) VALUES ('twentyonepilots','123','Twenty One Pilots','twentyonepilots@gmail.com');
INSERT INTO Artist(id,artistic_name,username) VALUES ('3YQKmKGau1PzlVlkL1iodx','Twenty One Pilots','twentyonepilots');

INSERT INTO Album_Artist(album_id,artist_id) VALUES ('3cQO7jp5S9qLBoIVtbkSM1','3YQKmKGau1PzlVlkL1iodx');

INSERT INTO Song_Artist(song_id,artist_id) VALUES ('7i9763l5SSfOnqZ35VOcfy','3YQKmKGau1PzlVlkL1iodx');

INSERT INTO Song_Artist(song_id,artist_id) VALUES ('3CRDbSIZ4r5MsZ0YwxuEkn','3YQKmKGau1PzlVlkL1iodx');

INSERT INTO Song_Artist(song_id,artist_id) VALUES ('2Z8WuEywRWYTKe1NybPQEW','3YQKmKGau1PzlVlkL1iodx');

INSERT INTO Song_Artist(song_id,artist_id) VALUES ('1s9xuJxhYM0LdVqksjegcg','3YQKmKGau1PzlVlkL1iodx');

INSERT INTO Song_Artist(song_id,artist_id) VALUES ('3bnVBN67NBEzedqQuWrpP4','3YQKmKGau1PzlVlkL1iodx');

INSERT INTO Song_Artist(song_id,artist_id) VALUES ('2P61EK6DMGyVyssLWS4fKy','3YQKmKGau1PzlVlkL1iodx');

INSERT INTO Song_Artist(song_id,artist_id) VALUES ('1lguQJjlNrIOoOylYVZN3M','3YQKmKGau1PzlVlkL1iodx');

INSERT INTO Song_Artist(song_id,artist_id) VALUES ('57yL3161hUMuw06zzzUCHi','3YQKmKGau1PzlVlkL1iodx');

INSERT INTO Song_Artist(song_id,artist_id) VALUES ('6GmkJJMe9U1tEcrJ3Hq3A1','3YQKmKGau1PzlVlkL1iodx');

INSERT INTO Song_Artist(song_id,artist_id) VALUES ('22OqansuvEMQu9W0EfiGTI','3YQKmKGau1PzlVlkL1iodx');

INSERT INTO Song_Artist(song_id,artist_id) VALUES ('4Oyl6oYSNeeZZP0OAxPVaU','3YQKmKGau1PzlVlkL1iodx');

INSERT INTO Song_Artist(song_id,artist_id) VALUES ('40sRwFjfrRnaTdYPJIg4CP','3YQKmKGau1PzlVlkL1iodx');

INSERT INTO Song_Artist(song_id,artist_id) VALUES ('7qxjGHW485TL8ciwkHD5MK','3YQKmKGau1PzlVlkL1iodx');

INSERT INTO Song_Artist(song_id,artist_id) VALUES ('5P3yUXUC9rZPJPNmYGKEAz','3YQKmKGau1PzlVlkL1iodx');

--Album Scary Hours 2 de Drake--

INSERT INTO Album(id,name,preview_url,launch_date) VALUES ('5LuoozUhs2pl3glZeAJl89','Scary Hours 2','https://i.scdn.co/image/ab67616d0000b2738b20e4631fa15d3953528bbc','2021-03-05');

INSERT INTO Genre(name) VALUES ('R&B');

INSERT INTO Song(id,name,duration_ms,active,preview_url,album_id) VALUES ('3aQem4jVGdhtg116TmJnHz','What’s Next',178153,'1','https://p.scdn.co/mp3-preview/09a28c35eb202832cbc0f7e9087d358b8ccb031e?cid=774b29d4f13844c495f206cafdad9c86','5LuoozUhs2pl3glZeAJl89');
INSERT INTO Song(id,name,duration_ms,active,preview_url,album_id) VALUES ('65OVbaJR5O1RmwOQx0875b','Wants and Needs (feat. Lil Baby)',192956,'1','https://p.scdn.co/mp3-preview/cad4f8a85d1c9acbe893c1c99f215d2b24fb8187?cid=774b29d4f13844c495f206cafdad9c86','5LuoozUhs2pl3glZeAJl89');
INSERT INTO Song(id,name,duration_ms,active,preview_url,album_id) VALUES ('4FRW5Nza1Ym91BGV4nFWXI','Lemon Pepper Freestyle (feat. Rick Ross)',383036,'1','https://p.scdn.co/mp3-preview/1417938a20d6db7496c8e3afc4fb6787a2b78a29?cid=774b29d4f13844c495f206cafdad9c86','5LuoozUhs2pl3glZeAJl89');

INSERT INTO Song_Genre(song_id, genre_id) VALUES ('3aQem4jVGdhtg116TmJnHz',1);
INSERT INTO Song_Genre(song_id, genre_id) VALUES ('3aQem4jVGdhtg116TmJnHz',3);
INSERT INTO Song_Genre(song_id, genre_id) VALUES ('3aQem4jVGdhtg116TmJnHz',21);
INSERT INTO Song_Genre(song_id, genre_id) VALUES ('65OVbaJR5O1RmwOQx0875b',1);
INSERT INTO Song_Genre(song_id, genre_id) VALUES ('65OVbaJR5O1RmwOQx0875b',3);
INSERT INTO Song_Genre(song_id, genre_id) VALUES ('65OVbaJR5O1RmwOQx0875b',21);
INSERT INTO Song_Genre(song_id, genre_id) VALUES ('4FRW5Nza1Ym91BGV4nFWXI',1);
INSERT INTO Song_Genre(song_id, genre_id) VALUES ('4FRW5Nza1Ym91BGV4nFWXI',3);
INSERT INTO Song_Genre(song_id, genre_id) VALUES ('4FRW5Nza1Ym91BGV4nFWXI',21);

INSERT INTO Account(username,password,first_name,email) VALUES ('drake','123','Drake','drake@gmail.com');
INSERT INTO Artist(id,artistic_name,username) VALUES ('3TVXtAsR1Inumwj472S9r4','Drake','drake');

INSERT INTO Album_Artist(album_id,artist_id) VALUES ('5LuoozUhs2pl3glZeAJl89','3TVXtAsR1Inumwj472S9r4');

INSERT INTO Song_Artist(song_id,artist_id) VALUES ('65OVbaJR5O1RmwOQx0875b','3TVXtAsR1Inumwj472S9r4');
INSERT INTO Account(username,password,first_name,email) VALUES ('lilbaby','123','Lil Baby','lilbaby@gmail.com');
INSERT INTO Artist(id,artistic_name,username) VALUES ('5f7VJjfbwm532GiveGC0ZK','Lil Baby','lilbaby');
INSERT INTO Song_Artist(song_id,artist_id) VALUES ('65OVbaJR5O1RmwOQx0875b','5f7VJjfbwm532GiveGC0ZK');

INSERT INTO Song_Artist(song_id,artist_id) VALUES ('4FRW5Nza1Ym91BGV4nFWXI','3TVXtAsR1Inumwj472S9r4');
INSERT INTO Account(username,password,first_name,email) VALUES ('rickross','123','Rick Ross','rickross@gmail.com');
INSERT INTO Artist(id,artistic_name,username) VALUES ('1sBkRIssrMs1AbVkOJbc7a','Rick Ross','rickross');
INSERT INTO Song_Artist(song_id,artist_id) VALUES ('4FRW5Nza1Ym91BGV4nFWXI','1sBkRIssrMs1AbVkOJbc7a');

--Album Master of Puppets (Remastered) de Metallica--

INSERT INTO Album(id,name,preview_url,launch_date) VALUES ('2Lq2qX3hYhiuPckC8Flj21','Master Of Puppets (Remastered)','https://i.scdn.co/image/ab67616d0000b273668e3aca3167e6e569a9aa20','1986-03-03');

INSERT INTO Genre(name) VALUES ('Trash Metal');

INSERT INTO Song(id,name,duration_ms,active,preview_url,album_id) VALUES ('6UB9mShVLbMm0W4e6vud4C','Battery',312360,'1','https://p.scdn.co/mp3-preview/9dd3821d8354c5a7abd02f1e32bcbb0551b8a3e0?cid=774b29d4f13844c495f206cafdad9c86','2Lq2qX3hYhiuPckC8Flj21');
INSERT INTO Song(id,name,duration_ms,active,preview_url,album_id) VALUES ('2MuWTIM3b0YEAskbeeFE1i','Master Of Puppets',515386,'1','https://p.scdn.co/mp3-preview/070b147d7710598fb96360f94b1adb0709fce235?cid=774b29d4f13844c495f206cafdad9c86','2Lq2qX3hYhiuPckC8Flj21');
INSERT INTO Song(id,name,duration_ms,active,preview_url,album_id) VALUES ('7vFC68CBMKu99p4tIz6yzx','The Thing That Should Not Be',396106,'1','https://p.scdn.co/mp3-preview/450e6aa14feefeef26290dc4f164b5c94bba8e19?cid=774b29d4f13844c495f206cafdad9c86','2Lq2qX3hYhiuPckC8Flj21');
INSERT INTO Song(id,name,duration_ms,active,preview_url,album_id) VALUES ('4TktvZTsMoFukiim1otMtr','Welcome Home (Sanitarium)',387146,'1','https://p.scdn.co/mp3-preview/34917f3b943b5a69924b7078f49352285fdd0985?cid=774b29d4f13844c495f206cafdad9c86','2Lq2qX3hYhiuPckC8Flj21');
INSERT INTO Song(id,name,duration_ms,active,preview_url,album_id) VALUES ('4tPHBRIPsB55nssjvKDbjj','Disposable Heroes',496626,'1','https://p.scdn.co/mp3-preview/a774790872eed6dd551b33c476357dfe59852552?cid=774b29d4f13844c495f206cafdad9c86','2Lq2qX3hYhiuPckC8Flj21');
INSERT INTO Song(id,name,duration_ms,active,preview_url,album_id) VALUES ('6XN00D9ejjEt1cW1sY44Gu','Leper Messiah',339880,'1','https://p.scdn.co/mp3-preview/b0152aaef5744df8421aca0432f6f7b9c041fd05?cid=774b29d4f13844c495f206cafdad9c86','2Lq2qX3hYhiuPckC8Flj21');
INSERT INTO Song(id,name,duration_ms,active,preview_url,album_id) VALUES ('2HD5BWFthrNf2uFyEhi53d','Orion',507226,'1','https://p.scdn.co/mp3-preview/ca07f9af879187f3f1e537cde4057d31f7bd1cd2?cid=774b29d4f13844c495f206cafdad9c86','2Lq2qX3hYhiuPckC8Flj21');
INSERT INTO Song(id,name,duration_ms,active,preview_url,album_id) VALUES ('3n7b078PcVbHhUaYhBWIgZ','Damage, Inc.',332465,'1','https://p.scdn.co/mp3-preview/7c26eae22921dbd565ee3d9e3254710fe616dc17?cid=774b29d4f13844c495f206cafdad9c86','2Lq2qX3hYhiuPckC8Flj21');

INSERT INTO Song_Genre(song_id, genre_id) VALUES ('6UB9mShVLbMm0W4e6vud4C',20);
INSERT INTO Song_Genre(song_id, genre_id) VALUES ('6UB9mShVLbMm0W4e6vud4C',22);
INSERT INTO Song_Genre(song_id, genre_id) VALUES ('2MuWTIM3b0YEAskbeeFE1i',20);
INSERT INTO Song_Genre(song_id, genre_id) VALUES ('2MuWTIM3b0YEAskbeeFE1i',22);
INSERT INTO Song_Genre(song_id, genre_id) VALUES ('7vFC68CBMKu99p4tIz6yzx',20);
INSERT INTO Song_Genre(song_id, genre_id) VALUES ('7vFC68CBMKu99p4tIz6yzx',22);
INSERT INTO Song_Genre(song_id, genre_id) VALUES ('4TktvZTsMoFukiim1otMtr',20);
INSERT INTO Song_Genre(song_id, genre_id) VALUES ('4TktvZTsMoFukiim1otMtr',22);
INSERT INTO Song_Genre(song_id, genre_id) VALUES ('4tPHBRIPsB55nssjvKDbjj',20);
INSERT INTO Song_Genre(song_id, genre_id) VALUES ('4tPHBRIPsB55nssjvKDbjj',22);
INSERT INTO Song_Genre(song_id, genre_id) VALUES ('6XN00D9ejjEt1cW1sY44Gu',20);
INSERT INTO Song_Genre(song_id, genre_id) VALUES ('6XN00D9ejjEt1cW1sY44Gu',22);
INSERT INTO Song_Genre(song_id, genre_id) VALUES ('2HD5BWFthrNf2uFyEhi53d',20);
INSERT INTO Song_Genre(song_id, genre_id) VALUES ('2HD5BWFthrNf2uFyEhi53d',22);
INSERT INTO Song_Genre(song_id, genre_id) VALUES ('3n7b078PcVbHhUaYhBWIgZ',20);
INSERT INTO Song_Genre(song_id, genre_id) VALUES ('3n7b078PcVbHhUaYhBWIgZ',22);

INSERT INTO Account(username,password,first_name,email) VALUES ('metallica','123','Metallica','metallica@gmail.com');
INSERT INTO Artist(id,artistic_name,username) VALUES ('2ye2Wgw4gimLv2eAKyk1NB','Metallica','metallica');

INSERT INTO Album_Artist(album_id,artist_id) VALUES ('2Lq2qX3hYhiuPckC8Flj21','2ye2Wgw4gimLv2eAKyk1NB');

INSERT INTO Song_Artist(song_id,artist_id) VALUES ('6UB9mShVLbMm0W4e6vud4C','2ye2Wgw4gimLv2eAKyk1NB');

INSERT INTO Song_Artist(song_id,artist_id) VALUES ('2MuWTIM3b0YEAskbeeFE1i','2ye2Wgw4gimLv2eAKyk1NB');

INSERT INTO Song_Artist(song_id,artist_id) VALUES ('7vFC68CBMKu99p4tIz6yzx','2ye2Wgw4gimLv2eAKyk1NB');

INSERT INTO Song_Artist(song_id,artist_id) VALUES ('4TktvZTsMoFukiim1otMtr','2ye2Wgw4gimLv2eAKyk1NB');

INSERT INTO Song_Artist(song_id,artist_id) VALUES ('4tPHBRIPsB55nssjvKDbjj','2ye2Wgw4gimLv2eAKyk1NB');

INSERT INTO Song_Artist(song_id,artist_id) VALUES ('6XN00D9ejjEt1cW1sY44Gu','2ye2Wgw4gimLv2eAKyk1NB');

INSERT INTO Song_Artist(song_id,artist_id) VALUES ('2HD5BWFthrNf2uFyEhi53d','2ye2Wgw4gimLv2eAKyk1NB');

INSERT INTO Song_Artist(song_id,artist_id) VALUES ('3n7b078PcVbHhUaYhBWIgZ','2ye2Wgw4gimLv2eAKyk1NB');

