-- SET ALL THE 'NO COUNTRY SPECIFIED' OLD ACCOUNTS TO BE LOCATED ON 'United States' --
UPDATE Account SET country = 'United States' WHERE country = 'NO COUNTRY SPECIFIED';

-- INSERT OF COUNTRIES --
INSERT INTO Country (id, name) VALUES ('AF', 'Afghanistan');
INSERT INTO Country (id, name) VALUES ('AX', 'Åland Islands');
INSERT INTO Country (id, name) VALUES ('AL', 'Albania');
INSERT INTO Country (id, name) VALUES ('DZ', 'Algeria');
INSERT INTO Country (id, name) VALUES ('AS', 'American Samoa');
INSERT INTO Country (id, name) VALUES ('AD', 'Andorra');
INSERT INTO Country (id, name) VALUES ('AO', 'Angola');
INSERT INTO Country (id, name) VALUES ('AI', 'Anguilla');
INSERT INTO Country (id, name) VALUES ('AQ', 'Antarctica');
INSERT INTO Country (id, name) VALUES ('AG', 'Antigua & Barbuda');
INSERT INTO Country (id, name) VALUES ('AR', 'Argentina');
INSERT INTO Country (id, name) VALUES ('AM', 'Armenia');
INSERT INTO Country (id, name) VALUES ('AW', 'Aruba');
INSERT INTO Country (id, name) VALUES ('AU', 'Australia');
INSERT INTO Country (id, name) VALUES ('AT', 'Austria');
INSERT INTO Country (id, name) VALUES ('AZ', 'Azerbaijan');
INSERT INTO Country (id, name) VALUES ('BS', 'Bahamas');
INSERT INTO Country (id, name) VALUES ('BH', 'Bahrain');
INSERT INTO Country (id, name) VALUES ('BD', 'Bangladesh');
INSERT INTO Country (id, name) VALUES ('BB', 'Barbados');
INSERT INTO Country (id, name) VALUES ('BY', 'Belarus');
INSERT INTO Country (id, name) VALUES ('B', 'Belgium');
INSERT INTO Country (id, name) VALUES ('BZ', 'Beliz');
INSERT INTO Country (id, name) VALUES ('BJ', 'Benin');
INSERT INTO Country (id, name) VALUES ('BM', 'Bermuda');
INSERT INTO Country (id, name) VALUES ('BT', 'Bhutan');
INSERT INTO Country (id, name) VALUES ('BO', 'Bolivia');
INSERT INTO Country (id, name) VALUES ('BA', 'Bosnia & Herzegovina');
INSERT INTO Country (id, name) VALUES ('BW', 'Botswana');
INSERT INTO Country (id, name) VALUES ('BV', 'Bouvet Island');
INSERT INTO Country (id, name) VALUES ('BR', 'Brazil');
INSERT INTO Country (id, name) VALUES ('IO', 'British Indian Ocean Territory');
INSERT INTO Country (id, name) VALUES ('VG', 'British Virgin Islands');
INSERT INTO Country (id, name) VALUES ('BN', 'Brunei');
INSERT INTO Country (id, name) VALUES ('BG', 'Bulgaria');
INSERT INTO Country (id, name) VALUES ('BF', 'Burkina Faso');
INSERT INTO Country (id, name) VALUES ('BI', 'Burundi');
INSERT INTO Country (id, name) VALUES ('KH', 'Cambodia');
INSERT INTO Country (id, name) VALUES ('CM', 'Cameroon');
INSERT INTO Country (id, name) VALUES ('CA', 'Canada');
INSERT INTO Country (id, name) VALUES ('CV', 'Cape Verd');
INSERT INTO Country (id, name) VALUES ('BQ', 'Caribbean Netherlands');
INSERT INTO Country (id, name) VALUES ('KY', 'Cayman Islands');
INSERT INTO Country (id, name) VALUES ('CF', 'Central African Republic');
INSERT INTO Country (id, name) VALUES ('TD', 'Chad');
INSERT INTO Country (id, name) VALUES ('CL', 'Chil');
INSERT INTO Country (id, name) VALUES ('CN', 'China');
INSERT INTO Country (id, name) VALUES ('CX', 'Christmas Island');
INSERT INTO Country (id, name) VALUES ('CC', 'Cocos (Keeling) Islands');
INSERT INTO Country (id, name) VALUES ('CO', 'Colombia');
INSERT INTO Country (id, name) VALUES ('KM', 'Comoros');
INSERT INTO Country (id, name) VALUES ('CG', 'Congo - Brazzavill');
INSERT INTO Country (id, name) VALUES ('CD', 'Congo - Kinshasa');
INSERT INTO Country (id, name) VALUES ('CK', 'Cook Islands');
INSERT INTO Country (id, name) VALUES ('CR', 'Costa Rica');
INSERT INTO Country (id, name) VALUES ('CI', 'Côte d’Ivoir');
INSERT INTO Country (id, name) VALUES ('HR', 'Croatia');
INSERT INTO Country (id, name) VALUES ('CU', 'Cuba');
INSERT INTO Country (id, name) VALUES ('CW', 'Curaçao');
INSERT INTO Country (id, name) VALUES ('CY', 'Cyprus');
INSERT INTO Country (id, name) VALUES ('CZ', 'Czechia');
INSERT INTO Country (id, name) VALUES ('DK', 'Denmark');
INSERT INTO Country (id, name) VALUES ('DJ', 'Djibouti');
INSERT INTO Country (id, name) VALUES ('DM', 'Dominica');
INSERT INTO Country (id, name) VALUES ('DO', 'Dominican Republic');
INSERT INTO Country (id, name) VALUES ('EC', 'Ecuador');
INSERT INTO Country (id, name) VALUES ('EG', 'Egypt');
INSERT INTO Country (id, name) VALUES ('SV', 'El Salvador');
INSERT INTO Country (id, name) VALUES ('GQ', 'Equatorial Guinea');
INSERT INTO Country (id, name) VALUES ('ER', 'Eritrea');
INSERT INTO Country (id, name) VALUES ('E', 'Estonia');
INSERT INTO Country (id, name) VALUES ('SZ', 'Eswatini');
INSERT INTO Country (id, name) VALUES ('ET', 'Ethiopia');
INSERT INTO Country (id, name) VALUES ('FK', 'Falkland Islands');
INSERT INTO Country (id, name) VALUES ('FO', 'Faroe Islands');
INSERT INTO Country (id, name) VALUES ('FJ', 'Fiji');
INSERT INTO Country (id, name) VALUES ('FI', 'Finland');
INSERT INTO Country (id, name) VALUES ('FR', 'Franc');
INSERT INTO Country (id, name) VALUES ('GF', 'French Guiana');
INSERT INTO Country (id, name) VALUES ('PF', 'French Polynesia');
INSERT INTO Country (id, name) VALUES ('TF', 'French Southern Territories');
INSERT INTO Country (id, name) VALUES ('GA', 'Gabon');
INSERT INTO Country (id, name) VALUES ('GM', 'Gambia');
INSERT INTO Country (id, name) VALUES ('G', 'Georgia');
INSERT INTO Country (id, name) VALUES ('D', 'Germany');
INSERT INTO Country (id, name) VALUES ('GH', 'Ghana');
INSERT INTO Country (id, name) VALUES ('GI', 'Gibraltar');
INSERT INTO Country (id, name) VALUES ('GR', 'Greec');
INSERT INTO Country (id, name) VALUES ('GL', 'Greenland');
INSERT INTO Country (id, name) VALUES ('GD', 'Grenada');
INSERT INTO Country (id, name) VALUES ('GP', 'Guadeloup');
INSERT INTO Country (id, name) VALUES ('GU', 'Guam');
INSERT INTO Country (id, name) VALUES ('GT', 'Guatemala');
INSERT INTO Country (id, name) VALUES ('GG', 'Guernsey');
INSERT INTO Country (id, name) VALUES ('GN', 'Guinea');
INSERT INTO Country (id, name) VALUES ('GW', 'Guinea-Bissau');
INSERT INTO Country (id, name) VALUES ('GY', 'Guyana');
INSERT INTO Country (id, name) VALUES ('HT', 'Haiti');
INSERT INTO Country (id, name) VALUES ('HM', 'Heard & McDonald Islands');
INSERT INTO Country (id, name) VALUES ('HN', 'Honduras');
INSERT INTO Country (id, name) VALUES ('HK', 'Hong Kong SAR China');
INSERT INTO Country (id, name) VALUES ('HU', 'Hungary');
INSERT INTO Country (id, name) VALUES ('IS', 'Iceland');
INSERT INTO Country (id, name) VALUES ('IN', 'India');
INSERT INTO Country (id, name) VALUES ('ID', 'Indonesia');
INSERT INTO Country (id, name) VALUES ('IR', 'Iran');
INSERT INTO Country (id, name) VALUES ('IQ', 'Iraq');
INSERT INTO Country (id, name) VALUES ('I', 'Ireland');
INSERT INTO Country (id, name) VALUES ('IM', 'Isle of Man');
INSERT INTO Country (id, name) VALUES ('IL', 'Israel');
INSERT INTO Country (id, name) VALUES ('IT', 'Italy');
INSERT INTO Country (id, name) VALUES ('JM', 'Jamaica');
INSERT INTO Country (id, name) VALUES ('JP', 'Japan');
INSERT INTO Country (id, name) VALUES ('J', 'Jersey');
INSERT INTO Country (id, name) VALUES ('JO', 'Jordan');
INSERT INTO Country (id, name) VALUES ('KZ', 'Kazakhstan');
INSERT INTO Country (id, name) VALUES ('K', 'Kenya');
INSERT INTO Country (id, name) VALUES ('KI', 'Kiribati');
INSERT INTO Country (id, name) VALUES ('KW', 'Kuwait');
INSERT INTO Country (id, name) VALUES ('KG', 'Kyrgyzstan');
INSERT INTO Country (id, name) VALUES ('LA', 'Laos');
INSERT INTO Country (id, name) VALUES ('LV', 'Latvia');
INSERT INTO Country (id, name) VALUES ('LB', 'Lebanon');
INSERT INTO Country (id, name) VALUES ('LS', 'Lesotho');
INSERT INTO Country (id, name) VALUES ('LR', 'Liberia');
INSERT INTO Country (id, name) VALUES ('LY', 'Libya');
INSERT INTO Country (id, name) VALUES ('LI', 'Liechtenstein');
INSERT INTO Country (id, name) VALUES ('LT', 'Lithuania');
INSERT INTO Country (id, name) VALUES ('LU', 'Luxembourg');
INSERT INTO Country (id, name) VALUES ('MO', 'Macao SAR China');
INSERT INTO Country (id, name) VALUES ('MG', 'Madagascar');
INSERT INTO Country (id, name) VALUES ('MW', 'Malawi');
INSERT INTO Country (id, name) VALUES ('MY', 'Malaysia');
INSERT INTO Country (id, name) VALUES ('MV', 'Maldives');
INSERT INTO Country (id, name) VALUES ('ML', 'Mali');
INSERT INTO Country (id, name) VALUES ('MT', 'Malta');
INSERT INTO Country (id, name) VALUES ('MH', 'Marshall Islands');
INSERT INTO Country (id, name) VALUES ('MQ', 'Martiniqu');
INSERT INTO Country (id, name) VALUES ('MR', 'Mauritania');
INSERT INTO Country (id, name) VALUES ('MU', 'Mauritius');
INSERT INTO Country (id, name) VALUES ('YT', 'Mayott');
INSERT INTO Country (id, name) VALUES ('MX', 'Mexico');
INSERT INTO Country (id, name) VALUES ('FM', 'Micronesia');
INSERT INTO Country (id, name) VALUES ('MD', 'Moldova');
INSERT INTO Country (id, name) VALUES ('MC', 'Monaco');
INSERT INTO Country (id, name) VALUES ('MN', 'Mongolia');
INSERT INTO Country (id, name) VALUES ('M', 'Montenegro');
INSERT INTO Country (id, name) VALUES ('MS', 'Montserrat');
INSERT INTO Country (id, name) VALUES ('MA', 'Morocco');
INSERT INTO Country (id, name) VALUES ('MZ', 'Mozambiqu');
INSERT INTO Country (id, name) VALUES ('MM', 'Myanmar (Burma)');
INSERT INTO Country (id, name) VALUES ('NA', 'Namibia');
INSERT INTO Country (id, name) VALUES ('NR', 'Nauru');
INSERT INTO Country (id, name) VALUES ('NP', 'Nepal');
INSERT INTO Country (id, name) VALUES ('NL', 'Netherlands');
INSERT INTO Country (id, name) VALUES ('NC', 'New Caledonia');
INSERT INTO Country (id, name) VALUES ('NZ', 'New Zealand');
INSERT INTO Country (id, name) VALUES ('NI', 'Nicaragua');
INSERT INTO Country (id, name) VALUES ('N', 'Niger');
INSERT INTO Country (id, name) VALUES ('NG', 'Nigeria');
INSERT INTO Country (id, name) VALUES ('NU', 'Niu');
INSERT INTO Country (id, name) VALUES ('NF', 'Norfolk Island');
INSERT INTO Country (id, name) VALUES ('KP', 'North Korea');
INSERT INTO Country (id, name) VALUES ('MK', 'North Macedonia');
INSERT INTO Country (id, name) VALUES ('MP', 'Northern Mariana Islands');
INSERT INTO Country (id, name) VALUES ('NO', 'Norway');
INSERT INTO Country (id, name) VALUES ('OM', 'Oman');
INSERT INTO Country (id, name) VALUES ('PK', 'Pakistan');
INSERT INTO Country (id, name) VALUES ('PW', 'Palau');
INSERT INTO Country (id, name) VALUES ('PS', 'Palestinian Territories');
INSERT INTO Country (id, name) VALUES ('PA', 'Panama');
INSERT INTO Country (id, name) VALUES ('PG', 'Papua New Guinea');
INSERT INTO Country (id, name) VALUES ('PY', 'Paraguay');
INSERT INTO Country (id, name) VALUES ('P', 'Peru');
INSERT INTO Country (id, name) VALUES ('PH', 'Philippines');
INSERT INTO Country (id, name) VALUES ('PN', 'Pitcairn Islands');
INSERT INTO Country (id, name) VALUES ('PL', 'Poland');
INSERT INTO Country (id, name) VALUES ('PT', 'Portugal');
INSERT INTO Country (id, name) VALUES ('PR', 'Puerto Rico');
INSERT INTO Country (id, name) VALUES ('QA', 'Qatar');
INSERT INTO Country (id, name) VALUES ('R', 'Réunion');
INSERT INTO Country (id, name) VALUES ('RO', 'Romania');
INSERT INTO Country (id, name) VALUES ('RU', 'Russia');
INSERT INTO Country (id, name) VALUES ('RW', 'Rwanda');
INSERT INTO Country (id, name) VALUES ('WS', 'Samoa');
INSERT INTO Country (id, name) VALUES ('SM', 'San Marino');
INSERT INTO Country (id, name) VALUES ('ST', 'São Tomé & Príncip');
INSERT INTO Country (id, name) VALUES ('SA', 'Saudi Arabia');
INSERT INTO Country (id, name) VALUES ('SN', 'Senegal');
INSERT INTO Country (id, name) VALUES ('RS', 'Serbia');
INSERT INTO Country (id, name) VALUES ('SC', 'Seychelles');
INSERT INTO Country (id, name) VALUES ('SL', 'Sierra Leon');
INSERT INTO Country (id, name) VALUES ('SG', 'Singapor');
INSERT INTO Country (id, name) VALUES ('SX', 'Sint Maarten');
INSERT INTO Country (id, name) VALUES ('SK', 'Slovakia');
INSERT INTO Country (id, name) VALUES ('SI', 'Slovenia');
INSERT INTO Country (id, name) VALUES ('SB', 'Solomon Islands');
INSERT INTO Country (id, name) VALUES ('SO', 'Somalia');
INSERT INTO Country (id, name) VALUES ('ZA', 'South Africa');
INSERT INTO Country (id, name) VALUES ('GS', 'South Georgia & South Sandwich Islands');
INSERT INTO Country (id, name) VALUES ('KR', 'South Korea');
INSERT INTO Country (id, name) VALUES ('SS', 'South Sudan');
INSERT INTO Country (id, name) VALUES ('ES', 'Spain');
INSERT INTO Country (id, name) VALUES ('LK', 'Sri Lanka');
INSERT INTO Country (id, name) VALUES ('BL', 'St. Barthélemy');
INSERT INTO Country (id, name) VALUES ('SH', 'St. Helena');
INSERT INTO Country (id, name) VALUES ('KN', 'St. Kitts & Nevis');
INSERT INTO Country (id, name) VALUES ('LC', 'St. Lucia');
INSERT INTO Country (id, name) VALUES ('MF', 'St. Martin');
INSERT INTO Country (id, name) VALUES ('PM', 'St. Pierre & Miquelon');
INSERT INTO Country (id, name) VALUES ('VC', 'St. Vincent & Grenadines');
INSERT INTO Country (id, name) VALUES ('SD', 'Sudan');
INSERT INTO Country (id, name) VALUES ('SR', 'Surinam');
INSERT INTO Country (id, name) VALUES ('SJ', 'Svalbard & Jan Mayen');
INSERT INTO Country (id, name) VALUES ('S', 'Sweden');
INSERT INTO Country (id, name) VALUES ('CH', 'Switzerland');
INSERT INTO Country (id, name) VALUES ('SY', 'Syria');
INSERT INTO Country (id, name) VALUES ('TW', 'Taiwan');
INSERT INTO Country (id, name) VALUES ('TJ', 'Tajikistan');
INSERT INTO Country (id, name) VALUES ('TZ', 'Tanzania');
INSERT INTO Country (id, name) VALUES ('TH', 'Thailand');
INSERT INTO Country (id, name) VALUES ('TL', 'Timor-Lest');
INSERT INTO Country (id, name) VALUES ('TG', 'Togo');
INSERT INTO Country (id, name) VALUES ('TK', 'Tokelau');
INSERT INTO Country (id, name) VALUES ('TO', 'Tonga');
INSERT INTO Country (id, name) VALUES ('TT', 'Trinidad & Tobago');
INSERT INTO Country (id, name) VALUES ('TN', 'Tunisia');
INSERT INTO Country (id, name) VALUES ('TR', 'Turkey');
INSERT INTO Country (id, name) VALUES ('TM', 'Turkmenistan');
INSERT INTO Country (id, name) VALUES ('TC', 'Turks & Caicos Islands');
INSERT INTO Country (id, name) VALUES ('TV', 'Tuvalu');
INSERT INTO Country (id, name) VALUES ('UM', 'U.S. Outlying Islands');
INSERT INTO Country (id, name) VALUES ('VI', 'U.S. Virgin Islands');
INSERT INTO Country (id, name) VALUES ('UG', 'Uganda');
INSERT INTO Country (id, name) VALUES ('UA', 'Ukrain');
INSERT INTO Country (id, name) VALUES ('A', 'United Arab Emirates');
INSERT INTO Country (id, name) VALUES ('GB', 'United Kingdom');
INSERT INTO Country (id, name) VALUES ('US', 'United States');
INSERT INTO Country (id, name) VALUES ('UY', 'Uruguay');
INSERT INTO Country (id, name) VALUES ('UZ', 'Uzbekistan');
INSERT INTO Country (id, name) VALUES ('VU', 'Vanuatu');
INSERT INTO Country (id, name) VALUES ('VA', 'Vatican City');
INSERT INTO Country (id, name) VALUES ('V', 'Venezuela');
INSERT INTO Country (id, name) VALUES ('VN', 'Vietnam');
INSERT INTO Country (id, name) VALUES ('WF', 'Wallis & Futuna');
INSERT INTO Country (id, name) VALUES ('EH', 'Western Sahara');
INSERT INTO Country (id, name) VALUES ('Y', 'Yemen');
INSERT INTO Country (id, name) VALUES ('ZM', 'Zambia');
INSERT INTO Country (id, name) VALUES ('ZW', 'Zimbabw');

-- INSERT OF NEW SONGS --
INSERT INTO Album(id,name,preview_url,launch_date) VALUES ('3T4tUhGYeRNVUGevb0wThu','÷ (Deluxe)','https://i.scdn.co/image/ab67616d0000b273ba5db46f4b838ef6027e6f96','2017-03-03');
INSERT INTO Song(id,name,duration_ms,active,preview_url,album_id) VALUES ('7oolFzHipTMg2nL7shhdz2','Eraser',227426,'1','https://p.scdn.co/mp3-preview/169e8c087a6f0d05808fc893eedc13794bedfc36?cid=65f755ce97bd4889b54cfc425aad9390','3T4tUhGYeRNVUGevb0wThu');
INSERT INTO Song(id,name,duration_ms,active,preview_url,album_id) VALUES ('6PCUP3dWmTjcTtXY02oFdT','Castle on the Hill',261153,'1','https://p.scdn.co/mp3-preview/beb4ed48cca5d2a792e877c7efe92d54046eac67?cid=65f755ce97bd4889b54cfc425aad9390','3T4tUhGYeRNVUGevb0wThu');
INSERT INTO Song(id,name,duration_ms,active,preview_url,album_id) VALUES ('51ChrwmUPDJvedPQnIU8Ls','Dive',238440,'1','https://p.scdn.co/mp3-preview/14bdcdfb15edba50c56d07af3880aceb8bf831bc?cid=65f755ce97bd4889b54cfc425aad9390','3T4tUhGYeRNVUGevb0wThu');
INSERT INTO Song(id,name,duration_ms,active,preview_url,album_id) VALUES ('7qiZfU4dY1lWllzX7mPBI3','Shape of You',233712,'1','https://p.scdn.co/mp3-preview/84462d8e1e4d0f9e5ccd06f0da390f65843774a2?cid=65f755ce97bd4889b54cfc425aad9390','3T4tUhGYeRNVUGevb0wThu');
INSERT INTO Song(id,name,duration_ms,active,preview_url,album_id) VALUES ('0tgVpDi06FyKpA1z0VMD4v','Perfect',263400,'1','https://p.scdn.co/mp3-preview/9779493d90a47f29e4257aa45bc6146d1ee9cb26?cid=65f755ce97bd4889b54cfc425aad9390','3T4tUhGYeRNVUGevb0wThu');
INSERT INTO Song(id,name,duration_ms,active,preview_url,album_id) VALUES ('0afhq8XCExXpqazXczTSve','Galway Girl',170826,'1','https://p.scdn.co/mp3-preview/cec1fc40a0220f20d3b91dd28d8e1141ad5e7e25?cid=65f755ce97bd4889b54cfc425aad9390','3T4tUhGYeRNVUGevb0wThu');
INSERT INTO Song(id,name,duration_ms,active,preview_url,album_id) VALUES ('2RttW7RAu5nOAfq6YFvApB','Happier',207520,'1','https://p.scdn.co/mp3-preview/e2f5edb569c73916428ec0a2e0b56a9f777851dd?cid=65f755ce97bd4889b54cfc425aad9390','3T4tUhGYeRNVUGevb0wThu');
INSERT INTO Song(id,name,duration_ms,active,preview_url,album_id) VALUES ('5HDPtsnyb3maFmPL8LLUTG','New Man',189280,'1','https://p.scdn.co/mp3-preview/31b412a3beb5843fde6b7716388887f3dc556d1a?cid=65f755ce97bd4889b54cfc425aad9390','3T4tUhGYeRNVUGevb0wThu');
INSERT INTO Song(id,name,duration_ms,active,preview_url,album_id) VALUES ('2dfHh7ECGxfNqZTQno09Vk','Hearts Don''t Break Around Here',248413,'1','https://p.scdn.co/mp3-preview/b24db7d4d944f7585f82a7be8f113d25882c4e4d?cid=65f755ce97bd4889b54cfc425aad9390','3T4tUhGYeRNVUGevb0wThu');
INSERT INTO Song(id,name,duration_ms,active,preview_url,album_id) VALUES ('2pJZ1v8HezrAoZ0Fhzby92','What Do I Know?',237333,'1','https://p.scdn.co/mp3-preview/bad41a580c7e5f886297528f7cf9003e5a316335?cid=65f755ce97bd4889b54cfc425aad9390','3T4tUhGYeRNVUGevb0wThu');
INSERT INTO Song(id,name,duration_ms,active,preview_url,album_id) VALUES ('6PJ8FF6UR8FZXfEvpHkIVN','How Would You Feel (Paean)',280533,'1','https://p.scdn.co/mp3-preview/523a1f1134418aded6cdbac1ed09f7fb6255d8d9?cid=65f755ce97bd4889b54cfc425aad9390','3T4tUhGYeRNVUGevb0wThu');
INSERT INTO Song(id,name,duration_ms,active,preview_url,album_id) VALUES ('4VuS959DSpr82t3qBqCrWG','Supermarket Flowers',221106,'1','https://p.scdn.co/mp3-preview/44c5f2f0aba08060bb8f50273931a68e8eea7d34?cid=65f755ce97bd4889b54cfc425aad9390','3T4tUhGYeRNVUGevb0wThu');
INSERT INTO Song(id,name,duration_ms,active,preview_url,album_id) VALUES ('3Lfiu5sZ4M4B6JaKMBc0FU','Barcelona',191146,'1','https://p.scdn.co/mp3-preview/61d235aabd27bdf44b0043c043de21faf040cf24?cid=65f755ce97bd4889b54cfc425aad9390','3T4tUhGYeRNVUGevb0wThu');
INSERT INTO Song(id,name,duration_ms,active,preview_url,album_id) VALUES ('6SznMYPQJHzr3IwsAHLId2','Bibia Be Ye Ye',176746,'1','https://p.scdn.co/mp3-preview/bc84bf6cbd9287336f7a17130fc231b2a70ca465?cid=65f755ce97bd4889b54cfc425aad9390','3T4tUhGYeRNVUGevb0wThu');
INSERT INTO Song(id,name,duration_ms,active,preview_url,album_id) VALUES ('35QZaWQRkmnAVqBF1TLCxQ','Nancy Mulligan',179786,'1','https://p.scdn.co/mp3-preview/96644ed062a08f54434611cf88114de8c6d57177?cid=65f755ce97bd4889b54cfc425aad9390','3T4tUhGYeRNVUGevb0wThu');
INSERT INTO Song(id,name,duration_ms,active,preview_url,album_id) VALUES ('6TIU9Ehmi6dMzZK73Ym4yj','Save Myself',247106,'1','https://p.scdn.co/mp3-preview/4347957dfa008ba33c58177c860ef54bb4420c9f?cid=65f755ce97bd4889b54cfc425aad9390','3T4tUhGYeRNVUGevb0wThu');
INSERT INTO Account(username,password,first_name,email) VALUES ('edsheeran','123','Ed Sheeran','edsheeran@gmail.com');
INSERT INTO Artist(id,artistic_name,username) VALUES ('6eUKZXaKkcviH0Ku9w2n3V','Ed Sheeran','edsheeran');
INSERT INTO Album_Artist(album_id,artist_id) VALUES ('3T4tUhGYeRNVUGevb0wThu','6eUKZXaKkcviH0Ku9w2n3V');
INSERT INTO Song_Artist(song_id,artist_id) VALUES ('7oolFzHipTMg2nL7shhdz2','6eUKZXaKkcviH0Ku9w2n3V');
INSERT INTO Song_Artist(song_id,artist_id) VALUES ('6PCUP3dWmTjcTtXY02oFdT','6eUKZXaKkcviH0Ku9w2n3V');
INSERT INTO Song_Artist(song_id,artist_id) VALUES ('51ChrwmUPDJvedPQnIU8Ls','6eUKZXaKkcviH0Ku9w2n3V');
INSERT INTO Song_Artist(song_id,artist_id) VALUES ('7qiZfU4dY1lWllzX7mPBI3','6eUKZXaKkcviH0Ku9w2n3V');
INSERT INTO Song_Artist(song_id,artist_id) VALUES ('0tgVpDi06FyKpA1z0VMD4v','6eUKZXaKkcviH0Ku9w2n3V');
INSERT INTO Song_Artist(song_id,artist_id) VALUES ('0afhq8XCExXpqazXczTSve','6eUKZXaKkcviH0Ku9w2n3V');
INSERT INTO Song_Artist(song_id,artist_id) VALUES ('2RttW7RAu5nOAfq6YFvApB','6eUKZXaKkcviH0Ku9w2n3V');
INSERT INTO Song_Artist(song_id,artist_id) VALUES ('5HDPtsnyb3maFmPL8LLUTG','6eUKZXaKkcviH0Ku9w2n3V');
INSERT INTO Song_Artist(song_id,artist_id) VALUES ('2dfHh7ECGxfNqZTQno09Vk','6eUKZXaKkcviH0Ku9w2n3V');
INSERT INTO Song_Artist(song_id,artist_id) VALUES ('2pJZ1v8HezrAoZ0Fhzby92','6eUKZXaKkcviH0Ku9w2n3V');
INSERT INTO Song_Artist(song_id,artist_id) VALUES ('6PJ8FF6UR8FZXfEvpHkIVN','6eUKZXaKkcviH0Ku9w2n3V');
INSERT INTO Song_Artist(song_id,artist_id) VALUES ('4VuS959DSpr82t3qBqCrWG','6eUKZXaKkcviH0Ku9w2n3V');
INSERT INTO Song_Artist(song_id,artist_id) VALUES ('3Lfiu5sZ4M4B6JaKMBc0FU','6eUKZXaKkcviH0Ku9w2n3V');
INSERT INTO Song_Artist(song_id,artist_id) VALUES ('6SznMYPQJHzr3IwsAHLId2','6eUKZXaKkcviH0Ku9w2n3V');
INSERT INTO Song_Artist(song_id,artist_id) VALUES ('35QZaWQRkmnAVqBF1TLCxQ','6eUKZXaKkcviH0Ku9w2n3V');
INSERT INTO Song_Artist(song_id,artist_id) VALUES ('6TIU9Ehmi6dMzZK73Ym4yj','6eUKZXaKkcviH0Ku9w2n3V');
INSERT INTO Song_Genre(song_id,genre_id) VALUES ('7oolFzHipTMg2nL7shhdz2', (SELECT id FROM Genre WHERE Genre.name = 'Pop'));
INSERT INTO Song_Genre(song_id,genre_id) VALUES ('6PCUP3dWmTjcTtXY02oFdT', (SELECT id FROM Genre WHERE Genre.name = 'Pop'));
INSERT INTO Song_Genre(song_id,genre_id) VALUES ('51ChrwmUPDJvedPQnIU8Ls', (SELECT id FROM Genre WHERE Genre.name = 'Pop'));
INSERT INTO Song_Genre(song_id,genre_id) VALUES ('7qiZfU4dY1lWllzX7mPBI3', (SELECT id FROM Genre WHERE Genre.name = 'Pop'));
INSERT INTO Song_Genre(song_id,genre_id) VALUES ('0tgVpDi06FyKpA1z0VMD4v', (SELECT id FROM Genre WHERE Genre.name = 'Pop'));
INSERT INTO Song_Genre(song_id,genre_id) VALUES ('0afhq8XCExXpqazXczTSve', (SELECT id FROM Genre WHERE Genre.name = 'Pop'));
INSERT INTO Song_Genre(song_id,genre_id) VALUES ('2RttW7RAu5nOAfq6YFvApB', (SELECT id FROM Genre WHERE Genre.name = 'Pop'));
INSERT INTO Song_Genre(song_id,genre_id) VALUES ('5HDPtsnyb3maFmPL8LLUTG', (SELECT id FROM Genre WHERE Genre.name = 'Pop'));
INSERT INTO Song_Genre(song_id,genre_id) VALUES ('2dfHh7ECGxfNqZTQno09Vk', (SELECT id FROM Genre WHERE Genre.name = 'Pop'));
INSERT INTO Song_Genre(song_id,genre_id) VALUES ('2pJZ1v8HezrAoZ0Fhzby92', (SELECT id FROM Genre WHERE Genre.name = 'Pop'));
INSERT INTO Song_Genre(song_id,genre_id) VALUES ('6PJ8FF6UR8FZXfEvpHkIVN', (SELECT id FROM Genre WHERE Genre.name = 'Pop'));
INSERT INTO Song_Genre(song_id,genre_id) VALUES ('4VuS959DSpr82t3qBqCrWG', (SELECT id FROM Genre WHERE Genre.name = 'Pop'));
INSERT INTO Song_Genre(song_id,genre_id) VALUES ('3Lfiu5sZ4M4B6JaKMBc0FU', (SELECT id FROM Genre WHERE Genre.name = 'Pop'));
INSERT INTO Song_Genre(song_id,genre_id) VALUES ('6SznMYPQJHzr3IwsAHLId2', (SELECT id FROM Genre WHERE Genre.name = 'Pop'));
INSERT INTO Song_Genre(song_id,genre_id) VALUES ('35QZaWQRkmnAVqBF1TLCxQ', (SELECT id FROM Genre WHERE Genre.name = 'Pop'));
INSERT INTO Song_Genre(song_id,genre_id) VALUES ('6TIU9Ehmi6dMzZK73Ym4yj', (SELECT id FROM Genre WHERE Genre.name = 'Pop'));

INSERT INTO Album(id,name,preview_url,launch_date) VALUES ('5dGWwsZ9iB2Xc3UKR0gif2','Justice','https://i.scdn.co/image/ab67616d0000b273e6f407c7f3a0ec98845e4431','2021-03-19');
INSERT INTO Song(id,name,duration_ms,active,preview_url,album_id) VALUES ('0oaY19dUwZimIgzn3ZZLZO','2 Much',152796,'1','https://p.scdn.co/mp3-preview/99e688747de6108b417c7d1f8e7e1cfbfc8dedd4?cid=65f755ce97bd4889b54cfc425aad9390','5dGWwsZ9iB2Xc3UKR0gif2');
INSERT INTO Song(id,name,duration_ms,active,preview_url,album_id) VALUES ('5NU40QTlXrDUJzDBdv79bg','Deserve You',187238,'1','https://p.scdn.co/mp3-preview/bdd46355ba546ab93812ba4370fb878a8c91a1d0?cid=65f755ce97bd4889b54cfc425aad9390','5dGWwsZ9iB2Xc3UKR0gif2');
INSERT INTO Song(id,name,duration_ms,active,preview_url,album_id) VALUES ('6F2r4HgpJnvKDmkN6JEN6J','As I Am (feat. Khalid)',174406,'1','https://p.scdn.co/mp3-preview/a66c9959b708a0736d469820a1b0c69798139915?cid=65f755ce97bd4889b54cfc425aad9390','5dGWwsZ9iB2Xc3UKR0gif2');
INSERT INTO Song(id,name,duration_ms,active,preview_url,album_id) VALUES ('3T03rPwlL8NVk1yIaxeD8U','Off My Face',156467,'1','https://p.scdn.co/mp3-preview/b9c29c6d9d533b8e4d29ffc0a12401ae7ac03c67?cid=65f755ce97bd4889b54cfc425aad9390','5dGWwsZ9iB2Xc3UKR0gif2');
INSERT INTO Song(id,name,duration_ms,active,preview_url,album_id) VALUES ('6Xgq7MvZiet0hVi3KaDSgJ','Holy (feat. Chance The Rapper)',212093,'1','https://p.scdn.co/mp3-preview/4031d3caae9e8c9f757923afce2f06957f796e4f?cid=65f755ce97bd4889b54cfc425aad9390','5dGWwsZ9iB2Xc3UKR0gif2');
INSERT INTO Song(id,name,duration_ms,active,preview_url,album_id) VALUES ('137mSruegm1u6x9NvwiagR','Unstable (feat. The Kid LAROI)',158324,'1','https://p.scdn.co/mp3-preview/9795e2d032b84636ea29baf1abb4a6dc89660253?cid=65f755ce97bd4889b54cfc425aad9390','5dGWwsZ9iB2Xc3UKR0gif2');
INSERT INTO Song(id,name,duration_ms,active,preview_url,album_id) VALUES ('680qLWCMRfR6evrNNBCE9e','MLK Interlude',104007,'1','https://p.scdn.co/mp3-preview/bdc193d979a59a9d135fc22ac7c6a9fdc2eaea34?cid=65f755ce97bd4889b54cfc425aad9390','5dGWwsZ9iB2Xc3UKR0gif2');
INSERT INTO Song(id,name,duration_ms,active,preview_url,album_id) VALUES ('7aely3H8kMj9o0gt6vXHE1','Die For You (feat. Dominic Fike)',198425,'1','https://p.scdn.co/mp3-preview/c03e4bb7113eb68d20bbedebc9188282ae3c9981?cid=65f755ce97bd4889b54cfc425aad9390','5dGWwsZ9iB2Xc3UKR0gif2');
INSERT INTO Song(id,name,duration_ms,active,preview_url,album_id) VALUES ('1nahzW3kfMuwReTka28tH5','Hold On',170813,'1','https://p.scdn.co/mp3-preview/e63b0fc98a4709c27c995ec019ad71c299dcc474?cid=65f755ce97bd4889b54cfc425aad9390','5dGWwsZ9iB2Xc3UKR0gif2');
INSERT INTO Song(id,name,duration_ms,active,preview_url,album_id) VALUES ('3buwFfY33H32wfZ6X9poV3','Somebody',179414,'1','https://p.scdn.co/mp3-preview/1e63995599687fce201bb19fc2e58445d210fabe?cid=65f755ce97bd4889b54cfc425aad9390','5dGWwsZ9iB2Xc3UKR0gif2');
INSERT INTO Song(id,name,duration_ms,active,preview_url,album_id) VALUES ('6I3mqTwhRpn34SLVafSH7G','Ghost',153190,'1','https://p.scdn.co/mp3-preview/e42e60d629a57d76b2c7c1d83bf68c78b4209bc6?cid=65f755ce97bd4889b54cfc425aad9390','5dGWwsZ9iB2Xc3UKR0gif2');
INSERT INTO Song(id,name,duration_ms,active,preview_url,album_id) VALUES ('4iJyoBOLtHqaGxP12qzhQI','Peaches (feat. Daniel Caesar & Giveon)',198081,'1','https://p.scdn.co/mp3-preview/2d914ef1e42235bd50ba4f1c08f84d84ebb0bebc?cid=65f755ce97bd4889b54cfc425aad9390','5dGWwsZ9iB2Xc3UKR0gif2');
INSERT INTO Song(id,name,duration_ms,active,preview_url,album_id) VALUES ('27UcQ6dAvQrgH9C880rCM3','Love You Different (feat. BEAM)',186695,'1','https://p.scdn.co/mp3-preview/95906e3ca72798dc25b00e847080d4b093495bdf?cid=65f755ce97bd4889b54cfc425aad9390','5dGWwsZ9iB2Xc3UKR0gif2');
INSERT INTO Song(id,name,duration_ms,active,preview_url,album_id) VALUES ('2tB9OFgAHjAds3cqquLlvp','Loved By You (feat. Burna Boy)',159250,'1','https://p.scdn.co/mp3-preview/e817ee71eadeea7df1064120392b9b814a84ce1d?cid=65f755ce97bd4889b54cfc425aad9390','5dGWwsZ9iB2Xc3UKR0gif2');
INSERT INTO Song(id,name,duration_ms,active,preview_url,album_id) VALUES ('2WnAKZefdRHxtBEkRjFOHC','Anyone',190779,'1','https://p.scdn.co/mp3-preview/5163cd75b5bd90f21614a747b2445a883f8a94e0?cid=65f755ce97bd4889b54cfc425aad9390','5dGWwsZ9iB2Xc3UKR0gif2');
INSERT INTO Song(id,name,duration_ms,active,preview_url,album_id) VALUES ('3S8jK1mGzQi24ilFb45DAZ','Lonely (with benny blanco)',149189,'1','https://p.scdn.co/mp3-preview/d6fbe0be908c88a14f43d48d8487b2722978aa8a?cid=65f755ce97bd4889b54cfc425aad9390','5dGWwsZ9iB2Xc3UKR0gif2');
INSERT INTO Account(username,password,first_name,email) VALUES ('justinbieber','123','Justin Bieber','justinbieber@gmail.com');
INSERT INTO Artist(id,artistic_name,username) VALUES ('1uNFoZAHBGtllmzznpCI3s','Justin Bieber','justinbieber');
INSERT INTO Album_Artist(album_id,artist_id) VALUES ('5dGWwsZ9iB2Xc3UKR0gif2','1uNFoZAHBGtllmzznpCI3s');
INSERT INTO Song_Artist(song_id,artist_id) VALUES ('0oaY19dUwZimIgzn3ZZLZO','1uNFoZAHBGtllmzznpCI3s');
INSERT INTO Song_Artist(song_id,artist_id) VALUES ('5NU40QTlXrDUJzDBdv79bg','1uNFoZAHBGtllmzznpCI3s');
INSERT INTO Song_Artist(song_id,artist_id) VALUES ('6F2r4HgpJnvKDmkN6JEN6J','1uNFoZAHBGtllmzznpCI3s');
INSERT INTO Account(username,password,first_name,email) VALUES ('khalid','123','Khalid','khalid@gmail.com');
INSERT INTO Artist(id,artistic_name,username) VALUES ('6LuN9FCkKOj5PcnpouEgny','Khalid','khalid');
INSERT INTO Song_Artist(song_id,artist_id) VALUES ('6F2r4HgpJnvKDmkN6JEN6J','6LuN9FCkKOj5PcnpouEgny');
INSERT INTO Song_Artist(song_id,artist_id) VALUES ('3T03rPwlL8NVk1yIaxeD8U','1uNFoZAHBGtllmzznpCI3s');
INSERT INTO Song_Artist(song_id,artist_id) VALUES ('6Xgq7MvZiet0hVi3KaDSgJ','1uNFoZAHBGtllmzznpCI3s');
INSERT INTO Account(username,password,first_name,email) VALUES ('chancetherapper','123','Chance the Rapper','chancetherapper@gmail.com');
INSERT INTO Artist(id,artistic_name,username) VALUES ('1anyVhU62p31KFi8MEzkbf','Chance the Rapper','chancetherapper');
INSERT INTO Song_Artist(song_id,artist_id) VALUES ('6Xgq7MvZiet0hVi3KaDSgJ','1anyVhU62p31KFi8MEzkbf');
INSERT INTO Song_Artist(song_id,artist_id) VALUES ('137mSruegm1u6x9NvwiagR','1uNFoZAHBGtllmzznpCI3s');
INSERT INTO Account(username,password,first_name,email) VALUES ('thekidlaroi','123','The Kid LAROI','thekidlaroi@gmail.com');
INSERT INTO Artist(id,artistic_name,username) VALUES ('2tIP7SsRs7vjIcLrU85W8J','The Kid LAROI','thekidlaroi');
INSERT INTO Song_Artist(song_id,artist_id) VALUES ('137mSruegm1u6x9NvwiagR','2tIP7SsRs7vjIcLrU85W8J');
INSERT INTO Song_Artist(song_id,artist_id) VALUES ('680qLWCMRfR6evrNNBCE9e','1uNFoZAHBGtllmzznpCI3s');
INSERT INTO Account(username,password,first_name,email) VALUES ('-','123','-','-@gmail.com');
INSERT INTO Artist(id,artistic_name,username) VALUES ('1jAC8IeyIj2ItNCJdGaUv7','-','-');
INSERT INTO Song_Artist(song_id,artist_id) VALUES ('680qLWCMRfR6evrNNBCE9e','1jAC8IeyIj2ItNCJdGaUv7');
INSERT INTO Song_Artist(song_id,artist_id) VALUES ('7aely3H8kMj9o0gt6vXHE1','1uNFoZAHBGtllmzznpCI3s');
INSERT INTO Account(username,password,first_name,email) VALUES ('dominicfike','123','Dominic Fike','dominicfike@gmail.com');
INSERT INTO Artist(id,artistic_name,username) VALUES ('6USv9qhCn6zfxlBQIYJ9qs','Dominic Fike','dominicfike');
INSERT INTO Song_Artist(song_id,artist_id) VALUES ('7aely3H8kMj9o0gt6vXHE1','6USv9qhCn6zfxlBQIYJ9qs');
INSERT INTO Song_Artist(song_id,artist_id) VALUES ('1nahzW3kfMuwReTka28tH5','1uNFoZAHBGtllmzznpCI3s');
INSERT INTO Song_Artist(song_id,artist_id) VALUES ('3buwFfY33H32wfZ6X9poV3','1uNFoZAHBGtllmzznpCI3s');
INSERT INTO Song_Artist(song_id,artist_id) VALUES ('6I3mqTwhRpn34SLVafSH7G','1uNFoZAHBGtllmzznpCI3s');
INSERT INTO Song_Artist(song_id,artist_id) VALUES ('4iJyoBOLtHqaGxP12qzhQI','1uNFoZAHBGtllmzznpCI3s');
INSERT INTO Account(username,password,first_name,email) VALUES ('danielcaesar','123','Daniel Caesar','danielcaesar@gmail.com');
INSERT INTO Artist(id,artistic_name,username) VALUES ('20wkVLutqVOYrc0kxFs7rA','Daniel Caesar','danielcaesar');
INSERT INTO Song_Artist(song_id,artist_id) VALUES ('4iJyoBOLtHqaGxP12qzhQI','20wkVLutqVOYrc0kxFs7rA');
INSERT INTO Account(username,password,first_name,email) VALUES ('giveon','123','Giveon','giveon@gmail.com');
INSERT INTO Artist(id,artistic_name,username) VALUES ('4fxd5Ee7UefO4CUXgwJ7IP','Giveon','giveon');
INSERT INTO Song_Artist(song_id,artist_id) VALUES ('4iJyoBOLtHqaGxP12qzhQI','4fxd5Ee7UefO4CUXgwJ7IP');
INSERT INTO Song_Artist(song_id,artist_id) VALUES ('27UcQ6dAvQrgH9C880rCM3','1uNFoZAHBGtllmzznpCI3s');
INSERT INTO Account(username,password,first_name,email) VALUES ('beam','123','BEAM','beam@gmail.com');
INSERT INTO Artist(id,artistic_name,username) VALUES ('46MWeeHNVMYRIIofQBEX98','BEAM','beam');
INSERT INTO Song_Artist(song_id,artist_id) VALUES ('27UcQ6dAvQrgH9C880rCM3','46MWeeHNVMYRIIofQBEX98');
INSERT INTO Song_Artist(song_id,artist_id) VALUES ('2tB9OFgAHjAds3cqquLlvp','1uNFoZAHBGtllmzznpCI3s');
INSERT INTO Account(username,password,first_name,email) VALUES ('burnaboy','123','Burna Boy','burnaboy@gmail.com');
INSERT INTO Artist(id,artistic_name,username) VALUES ('3wcj11K77LjEY1PkEazffa','Burna Boy','burnaboy');
INSERT INTO Song_Artist(song_id,artist_id) VALUES ('2tB9OFgAHjAds3cqquLlvp','3wcj11K77LjEY1PkEazffa');
INSERT INTO Song_Artist(song_id,artist_id) VALUES ('2WnAKZefdRHxtBEkRjFOHC','1uNFoZAHBGtllmzznpCI3s');
INSERT INTO Song_Artist(song_id,artist_id) VALUES ('3S8jK1mGzQi24ilFb45DAZ','1uNFoZAHBGtllmzznpCI3s');
INSERT INTO Account(username,password,first_name,email) VALUES ('bennyblanco','123','benny blanco','bennyblanco@gmail.com');
INSERT INTO Artist(id,artistic_name,username) VALUES ('5CiGnKThu5ctn9pBxv7DGa','benny blanco','bennyblanco');
INSERT INTO Song_Artist(song_id,artist_id) VALUES ('3S8jK1mGzQi24ilFb45DAZ','5CiGnKThu5ctn9pBxv7DGa');
INSERT INTO Song_Genre(song_id,genre_id) VALUES ('0oaY19dUwZimIgzn3ZZLZO', (SELECT id FROM Genre WHERE Genre.name = 'Pop'));
INSERT INTO Song_Genre(song_id,genre_id) VALUES ('5NU40QTlXrDUJzDBdv79bg', (SELECT id FROM Genre WHERE Genre.name = 'Pop'));
INSERT INTO Song_Genre(song_id,genre_id) VALUES ('6F2r4HgpJnvKDmkN6JEN6J', (SELECT id FROM Genre WHERE Genre.name = 'Pop'));
INSERT INTO Song_Genre(song_id,genre_id) VALUES ('3T03rPwlL8NVk1yIaxeD8U', (SELECT id FROM Genre WHERE Genre.name = 'Pop'));
INSERT INTO Song_Genre(song_id,genre_id) VALUES ('6Xgq7MvZiet0hVi3KaDSgJ', (SELECT id FROM Genre WHERE Genre.name = 'Pop'));
INSERT INTO Song_Genre(song_id,genre_id) VALUES ('137mSruegm1u6x9NvwiagR', (SELECT id FROM Genre WHERE Genre.name = 'Pop'));
INSERT INTO Song_Genre(song_id,genre_id) VALUES ('680qLWCMRfR6evrNNBCE9e', (SELECT id FROM Genre WHERE Genre.name = 'Pop'));
INSERT INTO Song_Genre(song_id,genre_id) VALUES ('7aely3H8kMj9o0gt6vXHE1', (SELECT id FROM Genre WHERE Genre.name = 'Pop'));
INSERT INTO Song_Genre(song_id,genre_id) VALUES ('1nahzW3kfMuwReTka28tH5', (SELECT id FROM Genre WHERE Genre.name = 'Pop'));
INSERT INTO Song_Genre(song_id,genre_id) VALUES ('3buwFfY33H32wfZ6X9poV3', (SELECT id FROM Genre WHERE Genre.name = 'Pop'));
INSERT INTO Song_Genre(song_id,genre_id) VALUES ('6I3mqTwhRpn34SLVafSH7G', (SELECT id FROM Genre WHERE Genre.name = 'Pop'));
INSERT INTO Song_Genre(song_id,genre_id) VALUES ('4iJyoBOLtHqaGxP12qzhQI', (SELECT id FROM Genre WHERE Genre.name = 'Pop'));
INSERT INTO Song_Genre(song_id,genre_id) VALUES ('27UcQ6dAvQrgH9C880rCM3', (SELECT id FROM Genre WHERE Genre.name = 'Pop'));
INSERT INTO Song_Genre(song_id,genre_id) VALUES ('2tB9OFgAHjAds3cqquLlvp', (SELECT id FROM Genre WHERE Genre.name = 'Pop'));
INSERT INTO Song_Genre(song_id,genre_id) VALUES ('2WnAKZefdRHxtBEkRjFOHC', (SELECT id FROM Genre WHERE Genre.name = 'Pop'));
INSERT INTO Song_Genre(song_id,genre_id) VALUES ('3S8jK1mGzQi24ilFb45DAZ', (SELECT id FROM Genre WHERE Genre.name = 'Pop'));

INSERT INTO Album(id,name,preview_url,launch_date) VALUES ('2i6q4YYCAdOgdODbbhyKdk','10º Aniversario','https://i.scdn.co/image/ab67616d0000b2732ee254999da6036bd18bc725','2013-10-01');
INSERT INTO Song(id,name,duration_ms,active,preview_url,album_id) VALUES ('3UM6SDtK8B6C9gr0Cnxj76','El Viejito',181760,'1','https://p.scdn.co/mp3-preview/fd3467c8d1ebbcf79b7f73194be0d20873b3bbbb?cid=65f755ce97bd4889b54cfc425aad9390','2i6q4YYCAdOgdODbbhyKdk');
INSERT INTO Song(id,name,duration_ms,active,preview_url,album_id) VALUES ('2YWNDA3fGajWfhLp9VOYnf','Por Las Calles de Chihuahua',112733,'1','https://p.scdn.co/mp3-preview/28550a89b0e6d1af5ea7d985c22a3e169f4be529?cid=65f755ce97bd4889b54cfc425aad9390','2i6q4YYCAdOgdODbbhyKdk');
INSERT INTO Song(id,name,duration_ms,active,preview_url,album_id) VALUES ('6GTX6TGcHEWHoxHXPSVbJ2','Hermosa Experiencia',153493,'1','https://p.scdn.co/mp3-preview/3f5f000449ca576d6e74b6366b3881bafad7d0f7?cid=65f755ce97bd4889b54cfc425aad9390','2i6q4YYCAdOgdODbbhyKdk');
INSERT INTO Song(id,name,duration_ms,active,preview_url,album_id) VALUES ('2RJGeLJi0SYcJ2mJS70NoJ','El Pelo Chino',131373,'1','https://p.scdn.co/mp3-preview/0476d308a3fb91d9d663b345966ee2c8ff39ca10?cid=65f755ce97bd4889b54cfc425aad9390','2i6q4YYCAdOgdODbbhyKdk');
INSERT INTO Song(id,name,duration_ms,active,preview_url,album_id) VALUES ('2mxzvXFtYSbDwPPpsuC2MA','Me Gustas Mucho',143013,'1','https://p.scdn.co/mp3-preview/0b6938742b0722f08ccb6274c56353b3db96658f?cid=65f755ce97bd4889b54cfc425aad9390','2i6q4YYCAdOgdODbbhyKdk');
INSERT INTO Song(id,name,duration_ms,active,preview_url,album_id) VALUES ('3UuwCA546GH10huWVd2rNm','Las Tundras',158186,'1','https://p.scdn.co/mp3-preview/6259c2d16fac3628703bd4b186c12135fea280ca?cid=65f755ce97bd4889b54cfc425aad9390','2i6q4YYCAdOgdODbbhyKdk');
INSERT INTO Song(id,name,duration_ms,active,preview_url,album_id) VALUES ('6132QMlGPQp9OZe69podWn','Ni Las Moscas Se Te Paran',180573,'1','https://p.scdn.co/mp3-preview/f7fa4ce791af0241004134f4274a8569b1f165be?cid=65f755ce97bd4889b54cfc425aad9390','2i6q4YYCAdOgdODbbhyKdk');
INSERT INTO Song(id,name,duration_ms,active,preview_url,album_id) VALUES ('0uwcHhHMo2lHmrLLk0ziWh','Fiesta de Muerte',136960,'1','https://p.scdn.co/mp3-preview/8250c167a93f055f75d0f8983898a34eeb1cc924?cid=65f755ce97bd4889b54cfc425aad9390','2i6q4YYCAdOgdODbbhyKdk');
INSERT INTO Song(id,name,duration_ms,active,preview_url,album_id) VALUES ('7dyGB7fuain2KZ39KGmLl6','Atrapada',181226,'1','https://p.scdn.co/mp3-preview/6ba01256374d6b64ee88a3d974b86c93dd5acc91?cid=65f755ce97bd4889b54cfc425aad9390','2i6q4YYCAdOgdODbbhyKdk');
INSERT INTO Song(id,name,duration_ms,active,preview_url,album_id) VALUES ('4jlZyPj4tj5w9THvdXe51i','Hoy Vivo En El Alcohol',137920,'1','https://p.scdn.co/mp3-preview/4c2d67567e9e8c85b7d3dd09a9fe940d66a3acb6?cid=65f755ce97bd4889b54cfc425aad9390','2i6q4YYCAdOgdODbbhyKdk');
INSERT INTO Song(id,name,duration_ms,active,preview_url,album_id) VALUES ('5j0oxyW170a3S2peBC63uF','Acabo de Enterarme',176080,'1','https://p.scdn.co/mp3-preview/bcfe57eaada49d0944f78f1faff74e38d32b22c9?cid=65f755ce97bd4889b54cfc425aad9390','2i6q4YYCAdOgdODbbhyKdk');
INSERT INTO Song(id,name,duration_ms,active,preview_url,album_id) VALUES ('0XtDMwBTsBWuyip0qCtuJW','La Pasadita',135013,'1','https://p.scdn.co/mp3-preview/06dd49f142e36630c855db412e9fa4eb1e4f08e1?cid=65f755ce97bd4889b54cfc425aad9390','2i6q4YYCAdOgdODbbhyKdk');
INSERT INTO Account(username,password,first_name,email) VALUES ('bandamsdesergiolizárraga','123','Banda MS de Sergio Lizárraga','bandamsdesergiolizárraga@gmail.com');
INSERT INTO Artist(id,artistic_name,username) VALUES ('2C6i0I5RiGzDKN9IAF8reh','Banda MS de Sergio Lizárraga','bandamsdesergiolizárraga');
INSERT INTO Album_Artist(album_id,artist_id) VALUES ('2i6q4YYCAdOgdODbbhyKdk','2C6i0I5RiGzDKN9IAF8reh');
INSERT INTO Song_Artist(song_id,artist_id) VALUES ('3UM6SDtK8B6C9gr0Cnxj76','2C6i0I5RiGzDKN9IAF8reh');
INSERT INTO Song_Artist(song_id,artist_id) VALUES ('2YWNDA3fGajWfhLp9VOYnf','2C6i0I5RiGzDKN9IAF8reh');
INSERT INTO Song_Artist(song_id,artist_id) VALUES ('6GTX6TGcHEWHoxHXPSVbJ2','2C6i0I5RiGzDKN9IAF8reh');
INSERT INTO Song_Artist(song_id,artist_id) VALUES ('2RJGeLJi0SYcJ2mJS70NoJ','2C6i0I5RiGzDKN9IAF8reh');
INSERT INTO Song_Artist(song_id,artist_id) VALUES ('2mxzvXFtYSbDwPPpsuC2MA','2C6i0I5RiGzDKN9IAF8reh');
INSERT INTO Song_Artist(song_id,artist_id) VALUES ('3UuwCA546GH10huWVd2rNm','2C6i0I5RiGzDKN9IAF8reh');
INSERT INTO Song_Artist(song_id,artist_id) VALUES ('6132QMlGPQp9OZe69podWn','2C6i0I5RiGzDKN9IAF8reh');
INSERT INTO Song_Artist(song_id,artist_id) VALUES ('0uwcHhHMo2lHmrLLk0ziWh','2C6i0I5RiGzDKN9IAF8reh');
INSERT INTO Song_Artist(song_id,artist_id) VALUES ('7dyGB7fuain2KZ39KGmLl6','2C6i0I5RiGzDKN9IAF8reh');
INSERT INTO Song_Artist(song_id,artist_id) VALUES ('4jlZyPj4tj5w9THvdXe51i','2C6i0I5RiGzDKN9IAF8reh');
INSERT INTO Song_Artist(song_id,artist_id) VALUES ('5j0oxyW170a3S2peBC63uF','2C6i0I5RiGzDKN9IAF8reh');
INSERT INTO Song_Artist(song_id,artist_id) VALUES ('0XtDMwBTsBWuyip0qCtuJW','2C6i0I5RiGzDKN9IAF8reh');
INSERT INTO Genre(name) VALUES ('Banda');
INSERT INTO Song_Genre(song_id,genre_id) VALUES ('3UM6SDtK8B6C9gr0Cnxj76', (SELECT id FROM Genre WHERE Genre.name = 'Banda'));
INSERT INTO Song_Genre(song_id,genre_id) VALUES ('2YWNDA3fGajWfhLp9VOYnf', (SELECT id FROM Genre WHERE Genre.name = 'Banda'));
INSERT INTO Song_Genre(song_id,genre_id) VALUES ('6GTX6TGcHEWHoxHXPSVbJ2', (SELECT id FROM Genre WHERE Genre.name = 'Banda'));
INSERT INTO Song_Genre(song_id,genre_id) VALUES ('2RJGeLJi0SYcJ2mJS70NoJ', (SELECT id FROM Genre WHERE Genre.name = 'Banda'));
INSERT INTO Song_Genre(song_id,genre_id) VALUES ('2mxzvXFtYSbDwPPpsuC2MA', (SELECT id FROM Genre WHERE Genre.name = 'Banda'));
INSERT INTO Song_Genre(song_id,genre_id) VALUES ('3UuwCA546GH10huWVd2rNm', (SELECT id FROM Genre WHERE Genre.name = 'Banda'));
INSERT INTO Song_Genre(song_id,genre_id) VALUES ('6132QMlGPQp9OZe69podWn', (SELECT id FROM Genre WHERE Genre.name = 'Banda'));
INSERT INTO Song_Genre(song_id,genre_id) VALUES ('0uwcHhHMo2lHmrLLk0ziWh', (SELECT id FROM Genre WHERE Genre.name = 'Banda'));
INSERT INTO Song_Genre(song_id,genre_id) VALUES ('7dyGB7fuain2KZ39KGmLl6', (SELECT id FROM Genre WHERE Genre.name = 'Banda'));
INSERT INTO Song_Genre(song_id,genre_id) VALUES ('4jlZyPj4tj5w9THvdXe51i', (SELECT id FROM Genre WHERE Genre.name = 'Banda'));
INSERT INTO Song_Genre(song_id,genre_id) VALUES ('5j0oxyW170a3S2peBC63uF', (SELECT id FROM Genre WHERE Genre.name = 'Banda'));
INSERT INTO Song_Genre(song_id,genre_id) VALUES ('0XtDMwBTsBWuyip0qCtuJW', (SELECT id FROM Genre WHERE Genre.name = 'Banda'));

INSERT INTO Album(id,name,preview_url,launch_date) VALUES ('2avjXzB9ndvLElhdXzKOBX','Coleccion definitiva (Deluxe)','https://i.scdn.co/image/ab67616d0000b273b648b034dca63d0b5e4d4c4a','2011-10-19');
INSERT INTO Song(id,name,duration_ms,active,preview_url,album_id) VALUES ('0WlskmmuIGnHDYhHohSuGJ','Corazón partío',343413,'1','https://p.scdn.co/mp3-preview/cee7191f8b94d18b77bf6a6382d34f5418844095?cid=65f755ce97bd4889b54cfc425aad9390','2avjXzB9ndvLElhdXzKOBX');
INSERT INTO Song(id,name,duration_ms,active,preview_url,album_id) VALUES ('21NWkvsMiVnaIPZhkDomGt','¿Lo ves?',229800,'1','https://p.scdn.co/mp3-preview/06db965a264b5db0f4ce72bc64f77d897ae44dc0?cid=65f755ce97bd4889b54cfc425aad9390','2avjXzB9ndvLElhdXzKOBX');
INSERT INTO Song(id,name,duration_ms,active,preview_url,album_id) VALUES ('0PQySLQIY1UmBPDDP1SZhG','Amiga mía',290973,'1','https://p.scdn.co/mp3-preview/b587457ae4c60f2ea3dc61ed256dc4a826211cab?cid=65f755ce97bd4889b54cfc425aad9390','2avjXzB9ndvLElhdXzKOBX');
INSERT INTO Song(id,name,duration_ms,active,preview_url,album_id) VALUES ('7nY8fkDi2zmlQQHGSN9U9m','Mi soledad y yo',299840,'1','https://p.scdn.co/mp3-preview/d2ef0fdfc08e5339a162105a42195a163d04cf70?cid=65f755ce97bd4889b54cfc425aad9390','2avjXzB9ndvLElhdXzKOBX');
INSERT INTO Song(id,name,duration_ms,active,preview_url,album_id) VALUES ('0akgYnbCTTuUEmtegu95GG','Mi primera canción',275720,'1','https://p.scdn.co/mp3-preview/a11494eebd21bd41f49c29fd4063485b3e85cc5e?cid=65f755ce97bd4889b54cfc425aad9390','2avjXzB9ndvLElhdXzKOBX');
INSERT INTO Song(id,name,duration_ms,active,preview_url,album_id) VALUES ('0vKMom5e5GubfG5lHQ5Cz8','Y, ¿Si fuera ella?',323026,'1','https://p.scdn.co/mp3-preview/8e31152a558b8f471dee924358aaa1cfe7dd3f9a?cid=65f755ce97bd4889b54cfc425aad9390','2avjXzB9ndvLElhdXzKOBX');
INSERT INTO Song(id,name,duration_ms,active,preview_url,album_id) VALUES ('5gYWapqQi1qN9MEnrRga7v','Quiero morir en tu veneno',242973,'1','https://p.scdn.co/mp3-preview/0f221e7ded87d554859cdf904e2463d29dd499b5?cid=65f755ce97bd4889b54cfc425aad9390','2avjXzB9ndvLElhdXzKOBX');
INSERT INTO Song(id,name,duration_ms,active,preview_url,album_id) VALUES ('4FeF1k2bNlTK082HG46b4z','Aquello que me diste',285520,'1','https://p.scdn.co/mp3-preview/f4de62c1e743029426834a9d5427c670807c9322?cid=65f755ce97bd4889b54cfc425aad9390','2avjXzB9ndvLElhdXzKOBX');
INSERT INTO Song(id,name,duration_ms,active,preview_url,album_id) VALUES ('2tGz2V08kK3BR0wQFlp4Ny','Si tú me miras',257920,'1','https://p.scdn.co/mp3-preview/12df681dd65537122cd39032a1bb30ba2813aba4?cid=65f755ce97bd4889b54cfc425aad9390','2avjXzB9ndvLElhdXzKOBX');
INSERT INTO Song(id,name,duration_ms,active,preview_url,album_id) VALUES ('3aRzvecdmWtR0yVjqUU9S5','Viviendo deprisa',199653,'1','https://p.scdn.co/mp3-preview/f8058c220cf04b3a83a92c24888d65a0fa4a022f?cid=65f755ce97bd4889b54cfc425aad9390','2avjXzB9ndvLElhdXzKOBX');
INSERT INTO Song(id,name,duration_ms,active,preview_url,album_id) VALUES ('4pS8QxaLCM3u9cUaVso8PA','La fuerza del corazón',307053,'1','https://p.scdn.co/mp3-preview/768507238433d6698f51cf84b795484ea198d7d3?cid=65f755ce97bd4889b54cfc425aad9390','2avjXzB9ndvLElhdXzKOBX');
INSERT INTO Song(id,name,duration_ms,active,preview_url,album_id) VALUES ('1loH5obF6hkdEjEpgkcXIv','Cómo te echo de menos',239720,'1','https://p.scdn.co/mp3-preview/449e1d56ece186da2fb6466963afea594af9c3eb?cid=65f755ce97bd4889b54cfc425aad9390','2avjXzB9ndvLElhdXzKOBX');
INSERT INTO Song(id,name,duration_ms,active,preview_url,album_id) VALUES ('4RXaCB8ClD3BCGYdLxO19B','Pisando fuerte',269813,'1','https://p.scdn.co/mp3-preview/1c8b755df8aa67ec74e39b9d5b2ae12c009866f4?cid=65f755ce97bd4889b54cfc425aad9390','2avjXzB9ndvLElhdXzKOBX');
INSERT INTO Song(id,name,duration_ms,active,preview_url,album_id) VALUES ('5diFodoQvNAtOsWX6TH9dZ','Se le apagó la luz',287800,'1','https://p.scdn.co/mp3-preview/e3ed8f42ea81ac56951d3916714ea5860f46b39d?cid=65f755ce97bd4889b54cfc425aad9390','2avjXzB9ndvLElhdXzKOBX');
INSERT INTO Song(id,name,duration_ms,active,preview_url,album_id) VALUES ('4hhV7gOIXItJokLjkeRpt6','Looking for Paradise (feat. Alicia Keys)',270626,'1','https://p.scdn.co/mp3-preview/6340a14cd13dc3b29cede871830076a571f518be?cid=65f755ce97bd4889b54cfc425aad9390','2avjXzB9ndvLElhdXzKOBX');
INSERT INTO Song(id,name,duration_ms,active,preview_url,album_id) VALUES ('2sC8ZDPXm0jZTPG84hQ80S','Quisiera ser',328533,'1','https://p.scdn.co/mp3-preview/295af3a66e45566f7efc68dea2111c53227f8545?cid=65f755ce97bd4889b54cfc425aad9390','2avjXzB9ndvLElhdXzKOBX');
INSERT INTO Song(id,name,duration_ms,active,preview_url,album_id) VALUES ('1wQKHeMy7Z3gytV1pw0ov0','A la primera persona',301933,'1','https://p.scdn.co/mp3-preview/984794f718184ba0ad2e6de01722bcb7becdf40e?cid=65f755ce97bd4889b54cfc425aad9390','2avjXzB9ndvLElhdXzKOBX');
INSERT INTO Song(id,name,duration_ms,active,preview_url,album_id) VALUES ('67g3Wn5bMFDV4qGICl4u6J','Te lo agradezco, pero no',277453,'1','https://p.scdn.co/mp3-preview/706df66cd069000b538e3d211e20a3394b876f47?cid=65f755ce97bd4889b54cfc425aad9390','2avjXzB9ndvLElhdXzKOBX');
INSERT INTO Song(id,name,duration_ms,active,preview_url,album_id) VALUES ('6yV2W1h4PZla1PE5s1zjVM','No es lo mismo',359173,'1','https://p.scdn.co/mp3-preview/c76b6c02d9d1b4648998d7faae3023e2d8c5404a?cid=65f755ce97bd4889b54cfc425aad9390','2avjXzB9ndvLElhdXzKOBX');
INSERT INTO Song(id,name,duration_ms,active,preview_url,album_id) VALUES ('2A8JrolyBB1nVXVCd7AqYj','Nuestro amor será leyenda',278160,'1','https://p.scdn.co/mp3-preview/f4c341696de2827c2285fabc08f2c66b61b9a9cc?cid=65f755ce97bd4889b54cfc425aad9390','2avjXzB9ndvLElhdXzKOBX');
INSERT INTO Song(id,name,duration_ms,active,preview_url,album_id) VALUES ('5PczsbMK39oiVxkh8akIdC','Cuando nadie me ve',308560,'1','https://p.scdn.co/mp3-preview/f021a74b3b38395a7435611c41916402b28c2fb3?cid=65f755ce97bd4889b54cfc425aad9390','2avjXzB9ndvLElhdXzKOBX');
INSERT INTO Song(id,name,duration_ms,active,preview_url,album_id) VALUES ('0Xqaolx6r2Kpbt3wcEyALI','Try to Save Your Song',223173,'1','https://p.scdn.co/mp3-preview/a6f300aeafa5c5e8a73c3d63649c9c529a592fe8?cid=65f755ce97bd4889b54cfc425aad9390','2avjXzB9ndvLElhdXzKOBX');
INSERT INTO Song(id,name,duration_ms,active,preview_url,album_id) VALUES ('0axkqaAtzVAmIY3qb1gTLa','Desde cuando',235906,'1','https://p.scdn.co/mp3-preview/6479942161455b0b4f35a5d6b82962d7b075db1a?cid=65f755ce97bd4889b54cfc425aad9390','2avjXzB9ndvLElhdXzKOBX');
INSERT INTO Song(id,name,duration_ms,active,preview_url,album_id) VALUES ('4qjPG51k0pnidnHZXU0chv','Enséñame tus manos',231359,'1','https://p.scdn.co/mp3-preview/7e509fc2d050b3d76ddeac0d81c3125fe586be70?cid=65f755ce97bd4889b54cfc425aad9390','2avjXzB9ndvLElhdXzKOBX');
INSERT INTO Song(id,name,duration_ms,active,preview_url,album_id) VALUES ('4Vp3RsQyxbZiIiVj3JSZkp','El alma al aire',356760,'1','https://p.scdn.co/mp3-preview/6577cca99cf980e19bb788c81c2f78a98dc9789c?cid=65f755ce97bd4889b54cfc425aad9390','2avjXzB9ndvLElhdXzKOBX');
INSERT INTO Song(id,name,duration_ms,active,preview_url,album_id) VALUES ('67QPog6VSmaGoLw8uJ28cp','Lola Soledad',213826,'1','https://p.scdn.co/mp3-preview/739aa443fa3b6cd694de7d46f24491c2ece118ea?cid=65f755ce97bd4889b54cfc425aad9390','2avjXzB9ndvLElhdXzKOBX');
INSERT INTO Song(id,name,duration_ms,active,preview_url,album_id) VALUES ('2acwat5DtLFSIodgQsPqa4','Regálame la silla donde te esperé',290880,'1','https://p.scdn.co/mp3-preview/264d525c65407e591a0416724ca581dbb7cdbe9b?cid=65f755ce97bd4889b54cfc425aad9390','2avjXzB9ndvLElhdXzKOBX');
INSERT INTO Song(id,name,duration_ms,active,preview_url,album_id) VALUES ('0qyQSGbMznclQ1RzCaTfuo','Tú no tienes alma',238719,'1','https://p.scdn.co/mp3-preview/48706d4da3348a9a7f47e447f049af2774420825?cid=65f755ce97bd4889b54cfc425aad9390','2avjXzB9ndvLElhdXzKOBX');
INSERT INTO Song(id,name,duration_ms,active,preview_url,album_id) VALUES ('3c64REpQJStJ1fPTfA5gwW','Sin que se note',266853,'1','https://p.scdn.co/mp3-preview/948877fd67e5bd3d345c6980d97cda57287f75d6?cid=65f755ce97bd4889b54cfc425aad9390','2avjXzB9ndvLElhdXzKOBX');
INSERT INTO Song(id,name,duration_ms,active,preview_url,album_id) VALUES ('0ofDrTTcinCUxm7wqCLPQa','La tortura',213106,'1','null','2avjXzB9ndvLElhdXzKOBX');
INSERT INTO Song(id,name,duration_ms,active,preview_url,album_id) VALUES ('6Wpp9BCmrxwwUyyrfP5iIA','Volvera',181360,'1','null','2avjXzB9ndvLElhdXzKOBX');
INSERT INTO Song(id,name,duration_ms,active,preview_url,album_id) VALUES ('0kSvdZglfcfLVHghrEbfl6','Adoro (con Alejandro Sanz)',262893,'1','https://p.scdn.co/mp3-preview/22462cc6ebcb5c8b695758dfe5aa1dd8d7928df7?cid=65f755ce97bd4889b54cfc425aad9390','2avjXzB9ndvLElhdXzKOBX');
INSERT INTO Song(id,name,duration_ms,active,preview_url,album_id) VALUES ('072KjWHD28QfDcgrFYnoPP','Hay días - Dueto 2007',214666,'1','https://p.scdn.co/mp3-preview/a3a0bfdbc66425200de8bfe67f150285ca35a0b9?cid=65f755ce97bd4889b54cfc425aad9390','2avjXzB9ndvLElhdXzKOBX');
INSERT INTO Song(id,name,duration_ms,active,preview_url,album_id) VALUES ('7F7HZxQ4va3SGoar8sHArZ','Grande - Spanish Version',296653,'1','null','2avjXzB9ndvLElhdXzKOBX');
INSERT INTO Song(id,name,duration_ms,active,preview_url,album_id) VALUES ('70JYZ64E1nWmi27KOx6Xcq','Cai (con Niña Pastori)',312546,'1','null','2avjXzB9ndvLElhdXzKOBX');
INSERT INTO Song(id,name,duration_ms,active,preview_url,album_id) VALUES ('6Npd39C3CNeehJN2bwzSIx','La Fuerza Del Corazon - feat. Raphael',312413,'1','https://p.scdn.co/mp3-preview/6e4dc987610e3036286dd2630682bc7063312b1f?cid=65f755ce97bd4889b54cfc425aad9390','2avjXzB9ndvLElhdXzKOBX');
INSERT INTO Song(id,name,duration_ms,active,preview_url,album_id) VALUES ('5W9bn2Aw1fgzk1ZJFKlDh4','The Hardest Day (con the Corrs) - con The Corrs',281973,'1','https://p.scdn.co/mp3-preview/2a153827a7f3d2f1674e927a1f726626296ab281?cid=65f755ce97bd4889b54cfc425aad9390','2avjXzB9ndvLElhdXzKOBX');
INSERT INTO Song(id,name,duration_ms,active,preview_url,album_id) VALUES ('5DjG0KKlTh2q6VOzKQ5H92','Quiero estar solo (feat. Jeros y Los Chichos)',305653,'1','null','2avjXzB9ndvLElhdXzKOBX');
INSERT INTO Song(id,name,duration_ms,active,preview_url,album_id) VALUES ('4NQqfJhGXCZkBAXkhamUTs','Solo que me falta - feat. Alexandre Pires',292160,'1','null','2avjXzB9ndvLElhdXzKOBX');
INSERT INTO Song(id,name,duration_ms,active,preview_url,album_id) VALUES ('52JeETc293Vf9CJ0LUXVc7','El aprendiz - feat. Malú en directo',333053,'1','https://p.scdn.co/mp3-preview/fc7d4387a7700d21e93427405788758124efadee?cid=65f755ce97bd4889b54cfc425aad9390','2avjXzB9ndvLElhdXzKOBX');
INSERT INTO Song(id,name,duration_ms,active,preview_url,album_id) VALUES ('0YNFUFH50E8MJDd0F5vgN2','La quiero a morir (con Alejandro Sanz)',199533,'1','null','2avjXzB9ndvLElhdXzKOBX');
INSERT INTO Song(id,name,duration_ms,active,preview_url,album_id) VALUES ('0uAvtuCXYrKDzTy8BeZtH7','Sozinho',182173,'1','https://p.scdn.co/mp3-preview/b3fc32c63fac76ee0277ebad76a434aaa37c8ed3?cid=65f755ce97bd4889b54cfc425aad9390','2avjXzB9ndvLElhdXzKOBX');
INSERT INTO Song(id,name,duration_ms,active,preview_url,album_id) VALUES ('3yZSaK6Fq5vAuV4AeXZYyY','Para que tu no llores',316440,'1','null','2avjXzB9ndvLElhdXzKOBX');
INSERT INTO Song(id,name,duration_ms,active,preview_url,album_id) VALUES ('7wKwCU0Cwc4sCELQGK1Iab','Y sera verdad - feat. Vicente Amigo y Enrique Morente',300306,'1','null','2avjXzB9ndvLElhdXzKOBX');
INSERT INTO Song(id,name,duration_ms,active,preview_url,album_id) VALUES ('1ab4fNQqrXEqtZJ8U1CCoM','Me vestí de silencio (con Moncho)',238786,'1','null','2avjXzB9ndvLElhdXzKOBX');
INSERT INTO Song(id,name,duration_ms,active,preview_url,album_id) VALUES ('4V8gtNNKV670LjbcUElMEj','Tu corazon - A duo con Alejandro Sanz',284413,'1','https://p.scdn.co/mp3-preview/58a19904aa071746a8d7a3a3907f99f62c15fc3b?cid=65f755ce97bd4889b54cfc425aad9390','2avjXzB9ndvLElhdXzKOBX');
INSERT INTO Song(id,name,duration_ms,active,preview_url,album_id) VALUES ('1OGeDo6MFMLVcrINKo0gTK','La vida es un espejo - Tangos',256973,'1','null','2avjXzB9ndvLElhdXzKOBX');
INSERT INTO Song(id,name,duration_ms,active,preview_url,album_id) VALUES ('5Y555Ug9Jgb5iPm3M0lHCd','Llegaste - Vieste - feat. Ivan Lins',260360,'1','null','2avjXzB9ndvLElhdXzKOBX');
INSERT INTO Song(id,name,duration_ms,active,preview_url,album_id) VALUES ('3n8PpLGNTi4x6AX8vRGZsT','Lola Soledad - con Joaquín Sabina',214293,'1','https://p.scdn.co/mp3-preview/67e8d36708f47a405d97e1208c8b90ab5cafda29?cid=65f755ce97bd4889b54cfc425aad9390','2avjXzB9ndvLElhdXzKOBX');
INSERT INTO Song(id,name,duration_ms,active,preview_url,album_id) VALUES ('0vYVnrReNrYQtelaSAE96X','Eso (con Omara Portuondo)',261453,'1','null','2avjXzB9ndvLElhdXzKOBX');
INSERT INTO Account(username,password,first_name,email) VALUES ('alejandrosanz','123','Alejandro Sanz','alejandrosanz@gmail.com');
INSERT INTO Artist(id,artistic_name,username) VALUES ('5sUrlPAHlS9NEirDB8SEbF','Alejandro Sanz','alejandrosanz');
INSERT INTO Album_Artist(album_id,artist_id) VALUES ('2avjXzB9ndvLElhdXzKOBX','5sUrlPAHlS9NEirDB8SEbF');
INSERT INTO Song_Artist(song_id,artist_id) VALUES ('0WlskmmuIGnHDYhHohSuGJ','5sUrlPAHlS9NEirDB8SEbF');
INSERT INTO Song_Artist(song_id,artist_id) VALUES ('21NWkvsMiVnaIPZhkDomGt','5sUrlPAHlS9NEirDB8SEbF');
INSERT INTO Song_Artist(song_id,artist_id) VALUES ('0PQySLQIY1UmBPDDP1SZhG','5sUrlPAHlS9NEirDB8SEbF');
INSERT INTO Song_Artist(song_id,artist_id) VALUES ('7nY8fkDi2zmlQQHGSN9U9m','5sUrlPAHlS9NEirDB8SEbF');
INSERT INTO Song_Artist(song_id,artist_id) VALUES ('0akgYnbCTTuUEmtegu95GG','5sUrlPAHlS9NEirDB8SEbF');
INSERT INTO Song_Artist(song_id,artist_id) VALUES ('0vKMom5e5GubfG5lHQ5Cz8','5sUrlPAHlS9NEirDB8SEbF');
INSERT INTO Song_Artist(song_id,artist_id) VALUES ('5gYWapqQi1qN9MEnrRga7v','5sUrlPAHlS9NEirDB8SEbF');
INSERT INTO Song_Artist(song_id,artist_id) VALUES ('4FeF1k2bNlTK082HG46b4z','5sUrlPAHlS9NEirDB8SEbF');
INSERT INTO Song_Artist(song_id,artist_id) VALUES ('2tGz2V08kK3BR0wQFlp4Ny','5sUrlPAHlS9NEirDB8SEbF');
INSERT INTO Song_Artist(song_id,artist_id) VALUES ('3aRzvecdmWtR0yVjqUU9S5','5sUrlPAHlS9NEirDB8SEbF');
INSERT INTO Song_Artist(song_id,artist_id) VALUES ('4pS8QxaLCM3u9cUaVso8PA','5sUrlPAHlS9NEirDB8SEbF');
INSERT INTO Song_Artist(song_id,artist_id) VALUES ('1loH5obF6hkdEjEpgkcXIv','5sUrlPAHlS9NEirDB8SEbF');
INSERT INTO Song_Artist(song_id,artist_id) VALUES ('4RXaCB8ClD3BCGYdLxO19B','5sUrlPAHlS9NEirDB8SEbF');
INSERT INTO Song_Artist(song_id,artist_id) VALUES ('5diFodoQvNAtOsWX6TH9dZ','5sUrlPAHlS9NEirDB8SEbF');
INSERT INTO Song_Artist(song_id,artist_id) VALUES ('4hhV7gOIXItJokLjkeRpt6','5sUrlPAHlS9NEirDB8SEbF');
INSERT INTO Account(username,password,first_name,email) VALUES ('aliciakeys','123','Alicia Keys','aliciakeys@gmail.com');
INSERT INTO Artist(id,artistic_name,username) VALUES ('3DiDSECUqqY1AuBP8qtaIa','Alicia Keys','aliciakeys');
INSERT INTO Song_Artist(song_id,artist_id) VALUES ('4hhV7gOIXItJokLjkeRpt6','3DiDSECUqqY1AuBP8qtaIa');
INSERT INTO Song_Artist(song_id,artist_id) VALUES ('2sC8ZDPXm0jZTPG84hQ80S','5sUrlPAHlS9NEirDB8SEbF');
INSERT INTO Song_Artist(song_id,artist_id) VALUES ('1wQKHeMy7Z3gytV1pw0ov0','5sUrlPAHlS9NEirDB8SEbF');
INSERT INTO Song_Artist(song_id,artist_id) VALUES ('67g3Wn5bMFDV4qGICl4u6J','5sUrlPAHlS9NEirDB8SEbF');
INSERT INTO Song_Artist(song_id,artist_id) VALUES ('6yV2W1h4PZla1PE5s1zjVM','5sUrlPAHlS9NEirDB8SEbF');
INSERT INTO Song_Artist(song_id,artist_id) VALUES ('2A8JrolyBB1nVXVCd7AqYj','5sUrlPAHlS9NEirDB8SEbF');
INSERT INTO Song_Artist(song_id,artist_id) VALUES ('5PczsbMK39oiVxkh8akIdC','5sUrlPAHlS9NEirDB8SEbF');
INSERT INTO Song_Artist(song_id,artist_id) VALUES ('0Xqaolx6r2Kpbt3wcEyALI','5sUrlPAHlS9NEirDB8SEbF');
INSERT INTO Song_Artist(song_id,artist_id) VALUES ('0axkqaAtzVAmIY3qb1gTLa','5sUrlPAHlS9NEirDB8SEbF');
INSERT INTO Song_Artist(song_id,artist_id) VALUES ('4qjPG51k0pnidnHZXU0chv','5sUrlPAHlS9NEirDB8SEbF');
INSERT INTO Song_Artist(song_id,artist_id) VALUES ('4Vp3RsQyxbZiIiVj3JSZkp','5sUrlPAHlS9NEirDB8SEbF');
INSERT INTO Song_Artist(song_id,artist_id) VALUES ('67QPog6VSmaGoLw8uJ28cp','5sUrlPAHlS9NEirDB8SEbF');
INSERT INTO Song_Artist(song_id,artist_id) VALUES ('2acwat5DtLFSIodgQsPqa4','5sUrlPAHlS9NEirDB8SEbF');
INSERT INTO Song_Artist(song_id,artist_id) VALUES ('0qyQSGbMznclQ1RzCaTfuo','5sUrlPAHlS9NEirDB8SEbF');
INSERT INTO Song_Artist(song_id,artist_id) VALUES ('3c64REpQJStJ1fPTfA5gwW','5sUrlPAHlS9NEirDB8SEbF');
INSERT INTO Account(username,password,first_name,email) VALUES ('shakira','123','Shakira','shakira@gmail.com');
INSERT INTO Artist(id,artistic_name,username) VALUES ('0EmeFodog0BfCgMzAIvKQp','Shakira','shakira');
INSERT INTO Song_Artist(song_id,artist_id) VALUES ('0ofDrTTcinCUxm7wqCLPQa','0EmeFodog0BfCgMzAIvKQp');
INSERT INTO Song_Artist(song_id,artist_id) VALUES ('0ofDrTTcinCUxm7wqCLPQa','5sUrlPAHlS9NEirDB8SEbF');
INSERT INTO Account(username,password,first_name,email) VALUES ('elcantodelloco','123','El Canto Del Loco','elcantodelloco@gmail.com');
INSERT INTO Artist(id,artistic_name,username) VALUES ('5RK6c1tyaKpwcDpbgCGNgj','El Canto Del Loco','elcantodelloco');
INSERT INTO Song_Artist(song_id,artist_id) VALUES ('6Wpp9BCmrxwwUyyrfP5iIA','5RK6c1tyaKpwcDpbgCGNgj');
INSERT INTO Song_Artist(song_id,artist_id) VALUES ('6Wpp9BCmrxwwUyyrfP5iIA','5sUrlPAHlS9NEirDB8SEbF');
INSERT INTO Account(username,password,first_name,email) VALUES ('armandomanzanero','123','Armando Manzanero','armandomanzanero@gmail.com');
INSERT INTO Artist(id,artistic_name,username) VALUES ('5lODCkFdEtpPn3YxfmyLfT','Armando Manzanero','armandomanzanero');
INSERT INTO Song_Artist(song_id,artist_id) VALUES ('0kSvdZglfcfLVHghrEbfl6','5lODCkFdEtpPn3YxfmyLfT');
INSERT INTO Song_Artist(song_id,artist_id) VALUES ('0kSvdZglfcfLVHghrEbfl6','5sUrlPAHlS9NEirDB8SEbF');
INSERT INTO Account(username,password,first_name,email) VALUES ('miguelbosé','123','Miguel Bosé','miguelbosé@gmail.com');
INSERT INTO Artist(id,artistic_name,username) VALUES ('7mWCSSOYqm4E9mB7V4ot6S','Miguel Bosé','miguelbosé');
INSERT INTO Song_Artist(song_id,artist_id) VALUES ('072KjWHD28QfDcgrFYnoPP','7mWCSSOYqm4E9mB7V4ot6S');
INSERT INTO Song_Artist(song_id,artist_id) VALUES ('072KjWHD28QfDcgrFYnoPP','5sUrlPAHlS9NEirDB8SEbF');
INSERT INTO Account(username,password,first_name,email) VALUES ('paolovallesi','123','Paolo Vallesi','paolovallesi@gmail.com');
INSERT INTO Artist(id,artistic_name,username) VALUES ('6pFcWb0HY8RhECAwPdjpFT','Paolo Vallesi','paolovallesi');
INSERT INTO Song_Artist(song_id,artist_id) VALUES ('7F7HZxQ4va3SGoar8sHArZ','6pFcWb0HY8RhECAwPdjpFT');
INSERT INTO Song_Artist(song_id,artist_id) VALUES ('70JYZ64E1nWmi27KOx6Xcq','5sUrlPAHlS9NEirDB8SEbF');
INSERT INTO Account(username,password,first_name,email) VALUES ('niñapastori','123','Niña Pastori','niñapastori@gmail.com');
INSERT INTO Artist(id,artistic_name,username) VALUES ('6UelqIK8qwhWFc2f6nSEh8','Niña Pastori','niñapastori');
INSERT INTO Song_Artist(song_id,artist_id) VALUES ('70JYZ64E1nWmi27KOx6Xcq','6UelqIK8qwhWFc2f6nSEh8');
INSERT INTO Song_Artist(song_id,artist_id) VALUES ('6Npd39C3CNeehJN2bwzSIx','5sUrlPAHlS9NEirDB8SEbF');
INSERT INTO Song_Artist(song_id,artist_id) VALUES ('5W9bn2Aw1fgzk1ZJFKlDh4','5sUrlPAHlS9NEirDB8SEbF');
INSERT INTO Account(username,password,first_name,email) VALUES ('thecorrs','123','The Corrs','thecorrs@gmail.com');
INSERT INTO Artist(id,artistic_name,username) VALUES ('1VbWUxZTRNY2gw3qZ1tg9W','The Corrs','thecorrs');
INSERT INTO Song_Artist(song_id,artist_id) VALUES ('5W9bn2Aw1fgzk1ZJFKlDh4','1VbWUxZTRNY2gw3qZ1tg9W');
INSERT INTO Song_Artist(song_id,artist_id) VALUES ('5DjG0KKlTh2q6VOzKQ5H92','5sUrlPAHlS9NEirDB8SEbF');
INSERT INTO Account(username,password,first_name,email) VALUES ('jeros','123','Jeros','jeros@gmail.com');
INSERT INTO Artist(id,artistic_name,username) VALUES ('4bAhZFhszWJi2NEdLuu8Li','Jeros','jeros');
INSERT INTO Song_Artist(song_id,artist_id) VALUES ('5DjG0KKlTh2q6VOzKQ5H92','4bAhZFhszWJi2NEdLuu8Li');
INSERT INTO Account(username,password,first_name,email) VALUES ('loschichos','123','Los Chichos','loschichos@gmail.com');
INSERT INTO Artist(id,artistic_name,username) VALUES ('1xivtET7hPQUzwgnLRQfEP','Los Chichos','loschichos');
INSERT INTO Song_Artist(song_id,artist_id) VALUES ('5DjG0KKlTh2q6VOzKQ5H92','1xivtET7hPQUzwgnLRQfEP');
INSERT INTO Song_Artist(song_id,artist_id) VALUES ('4NQqfJhGXCZkBAXkhamUTs','5sUrlPAHlS9NEirDB8SEbF');
INSERT INTO Song_Artist(song_id,artist_id) VALUES ('52JeETc293Vf9CJ0LUXVc7','5sUrlPAHlS9NEirDB8SEbF');
INSERT INTO Account(username,password,first_name,email) VALUES ('jarabedepalo','123','Jarabe De Palo','jarabedepalo@gmail.com');
INSERT INTO Artist(id,artistic_name,username) VALUES ('5B6H1Dq77AV1LZWrbNsuH5','Jarabe De Palo','jarabedepalo');
INSERT INTO Song_Artist(song_id,artist_id) VALUES ('0YNFUFH50E8MJDd0F5vgN2','5B6H1Dq77AV1LZWrbNsuH5');
INSERT INTO Song_Artist(song_id,artist_id) VALUES ('0YNFUFH50E8MJDd0F5vgN2','5sUrlPAHlS9NEirDB8SEbF');
INSERT INTO Song_Artist(song_id,artist_id) VALUES ('0uAvtuCXYrKDzTy8BeZtH7','5sUrlPAHlS9NEirDB8SEbF');
INSERT INTO Account(username,password,first_name,email) VALUES ('antoniocarmonaconalejandrosanz','123','Antonio Carmona con Alejandro Sanz','antoniocarmonaconalejandrosanz@gmail.com');
INSERT INTO Artist(id,artistic_name,username) VALUES ('3ccXkn4Em3LfxTROJKoINW','Antonio Carmona con Alejandro Sanz','antoniocarmonaconalejandrosanz');
INSERT INTO Song_Artist(song_id,artist_id) VALUES ('3yZSaK6Fq5vAuV4AeXZYyY','3ccXkn4Em3LfxTROJKoINW');
INSERT INTO Song_Artist(song_id,artist_id) VALUES ('7wKwCU0Cwc4sCELQGK1Iab','5sUrlPAHlS9NEirDB8SEbF');
INSERT INTO Song_Artist(song_id,artist_id) VALUES ('1ab4fNQqrXEqtZJ8U1CCoM','5sUrlPAHlS9NEirDB8SEbF');
INSERT INTO Account(username,password,first_name,email) VALUES ('moncho','123','Moncho','moncho@gmail.com');
INSERT INTO Artist(id,artistic_name,username) VALUES ('7wl2zsfpo2anm8K9Nqwd0B','Moncho','moncho');
INSERT INTO Song_Artist(song_id,artist_id) VALUES ('1ab4fNQqrXEqtZJ8U1CCoM','7wl2zsfpo2anm8K9Nqwd0B');
INSERT INTO Account(username,password,first_name,email) VALUES ('lena','123','Lena','lena@gmail.com');
INSERT INTO Artist(id,artistic_name,username) VALUES ('0EmA3wlv6dnf3Pc9SINsvA','Lena','lena');
INSERT INTO Song_Artist(song_id,artist_id) VALUES ('4V8gtNNKV670LjbcUElMEj','0EmA3wlv6dnf3Pc9SINsvA');
INSERT INTO Song_Artist(song_id,artist_id) VALUES ('1OGeDo6MFMLVcrINKo0gTK','5sUrlPAHlS9NEirDB8SEbF');
INSERT INTO Song_Artist(song_id,artist_id) VALUES ('5Y555Ug9Jgb5iPm3M0lHCd','5sUrlPAHlS9NEirDB8SEbF');
INSERT INTO Song_Artist(song_id,artist_id) VALUES ('3n8PpLGNTi4x6AX8vRGZsT','5sUrlPAHlS9NEirDB8SEbF');
INSERT INTO Song_Artist(song_id,artist_id) VALUES ('0vYVnrReNrYQtelaSAE96X','5sUrlPAHlS9NEirDB8SEbF');
INSERT INTO Account(username,password,first_name,email) VALUES ('omaraportuondo','123','Omara Portuondo','omaraportuondo@gmail.com');
INSERT INTO Artist(id,artistic_name,username) VALUES ('1h4iSQAKdvAAm07l6FX6dy','Omara Portuondo','omaraportuondo');
INSERT INTO Song_Artist(song_id,artist_id) VALUES ('0vYVnrReNrYQtelaSAE96X','1h4iSQAKdvAAm07l6FX6dy');
INSERT INTO Genre(name) VALUES ('Latina');
INSERT INTO Song_Genre(song_id,genre_id) VALUES ('0WlskmmuIGnHDYhHohSuGJ', (SELECT id FROM Genre WHERE Genre.name = 'Pop'));
INSERT INTO Song_Genre(song_id,genre_id) VALUES ('0WlskmmuIGnHDYhHohSuGJ', (SELECT id FROM Genre WHERE Genre.name = 'Latina'));
INSERT INTO Song_Genre(song_id,genre_id) VALUES ('21NWkvsMiVnaIPZhkDomGt', (SELECT id FROM Genre WHERE Genre.name = 'Pop'));
INSERT INTO Song_Genre(song_id,genre_id) VALUES ('21NWkvsMiVnaIPZhkDomGt', (SELECT id FROM Genre WHERE Genre.name = 'Latina'));
INSERT INTO Song_Genre(song_id,genre_id) VALUES ('0PQySLQIY1UmBPDDP1SZhG', (SELECT id FROM Genre WHERE Genre.name = 'Pop'));
INSERT INTO Song_Genre(song_id,genre_id) VALUES ('0PQySLQIY1UmBPDDP1SZhG', (SELECT id FROM Genre WHERE Genre.name = 'Latina'));
INSERT INTO Song_Genre(song_id,genre_id) VALUES ('7nY8fkDi2zmlQQHGSN9U9m', (SELECT id FROM Genre WHERE Genre.name = 'Pop'));
INSERT INTO Song_Genre(song_id,genre_id) VALUES ('7nY8fkDi2zmlQQHGSN9U9m', (SELECT id FROM Genre WHERE Genre.name = 'Latina'));
INSERT INTO Song_Genre(song_id,genre_id) VALUES ('0akgYnbCTTuUEmtegu95GG', (SELECT id FROM Genre WHERE Genre.name = 'Pop'));
INSERT INTO Song_Genre(song_id,genre_id) VALUES ('0akgYnbCTTuUEmtegu95GG', (SELECT id FROM Genre WHERE Genre.name = 'Latina'));
INSERT INTO Song_Genre(song_id,genre_id) VALUES ('0vKMom5e5GubfG5lHQ5Cz8', (SELECT id FROM Genre WHERE Genre.name = 'Pop'));
INSERT INTO Song_Genre(song_id,genre_id) VALUES ('0vKMom5e5GubfG5lHQ5Cz8', (SELECT id FROM Genre WHERE Genre.name = 'Latina'));
INSERT INTO Song_Genre(song_id,genre_id) VALUES ('5gYWapqQi1qN9MEnrRga7v', (SELECT id FROM Genre WHERE Genre.name = 'Pop'));
INSERT INTO Song_Genre(song_id,genre_id) VALUES ('5gYWapqQi1qN9MEnrRga7v', (SELECT id FROM Genre WHERE Genre.name = 'Latina'));
INSERT INTO Song_Genre(song_id,genre_id) VALUES ('4FeF1k2bNlTK082HG46b4z', (SELECT id FROM Genre WHERE Genre.name = 'Pop'));
INSERT INTO Song_Genre(song_id,genre_id) VALUES ('4FeF1k2bNlTK082HG46b4z', (SELECT id FROM Genre WHERE Genre.name = 'Latina'));
INSERT INTO Song_Genre(song_id,genre_id) VALUES ('2tGz2V08kK3BR0wQFlp4Ny', (SELECT id FROM Genre WHERE Genre.name = 'Pop'));
INSERT INTO Song_Genre(song_id,genre_id) VALUES ('2tGz2V08kK3BR0wQFlp4Ny', (SELECT id FROM Genre WHERE Genre.name = 'Latina'));
INSERT INTO Song_Genre(song_id,genre_id) VALUES ('3aRzvecdmWtR0yVjqUU9S5', (SELECT id FROM Genre WHERE Genre.name = 'Pop'));
INSERT INTO Song_Genre(song_id,genre_id) VALUES ('3aRzvecdmWtR0yVjqUU9S5', (SELECT id FROM Genre WHERE Genre.name = 'Latina'));
INSERT INTO Song_Genre(song_id,genre_id) VALUES ('4pS8QxaLCM3u9cUaVso8PA', (SELECT id FROM Genre WHERE Genre.name = 'Pop'));
INSERT INTO Song_Genre(song_id,genre_id) VALUES ('4pS8QxaLCM3u9cUaVso8PA', (SELECT id FROM Genre WHERE Genre.name = 'Latina'));
INSERT INTO Song_Genre(song_id,genre_id) VALUES ('1loH5obF6hkdEjEpgkcXIv', (SELECT id FROM Genre WHERE Genre.name = 'Pop'));
INSERT INTO Song_Genre(song_id,genre_id) VALUES ('1loH5obF6hkdEjEpgkcXIv', (SELECT id FROM Genre WHERE Genre.name = 'Latina'));
INSERT INTO Song_Genre(song_id,genre_id) VALUES ('4RXaCB8ClD3BCGYdLxO19B', (SELECT id FROM Genre WHERE Genre.name = 'Pop'));
INSERT INTO Song_Genre(song_id,genre_id) VALUES ('4RXaCB8ClD3BCGYdLxO19B', (SELECT id FROM Genre WHERE Genre.name = 'Latina'));
INSERT INTO Song_Genre(song_id,genre_id) VALUES ('5diFodoQvNAtOsWX6TH9dZ', (SELECT id FROM Genre WHERE Genre.name = 'Pop'));
INSERT INTO Song_Genre(song_id,genre_id) VALUES ('5diFodoQvNAtOsWX6TH9dZ', (SELECT id FROM Genre WHERE Genre.name = 'Latina'));
INSERT INTO Song_Genre(song_id,genre_id) VALUES ('4hhV7gOIXItJokLjkeRpt6', (SELECT id FROM Genre WHERE Genre.name = 'Pop'));
INSERT INTO Song_Genre(song_id,genre_id) VALUES ('4hhV7gOIXItJokLjkeRpt6', (SELECT id FROM Genre WHERE Genre.name = 'Latina'));
INSERT INTO Song_Genre(song_id,genre_id) VALUES ('2sC8ZDPXm0jZTPG84hQ80S', (SELECT id FROM Genre WHERE Genre.name = 'Pop'));
INSERT INTO Song_Genre(song_id,genre_id) VALUES ('2sC8ZDPXm0jZTPG84hQ80S', (SELECT id FROM Genre WHERE Genre.name = 'Latina'));
INSERT INTO Song_Genre(song_id,genre_id) VALUES ('1wQKHeMy7Z3gytV1pw0ov0', (SELECT id FROM Genre WHERE Genre.name = 'Pop'));
INSERT INTO Song_Genre(song_id,genre_id) VALUES ('1wQKHeMy7Z3gytV1pw0ov0', (SELECT id FROM Genre WHERE Genre.name = 'Latina'));
INSERT INTO Song_Genre(song_id,genre_id) VALUES ('67g3Wn5bMFDV4qGICl4u6J', (SELECT id FROM Genre WHERE Genre.name = 'Pop'));
INSERT INTO Song_Genre(song_id,genre_id) VALUES ('67g3Wn5bMFDV4qGICl4u6J', (SELECT id FROM Genre WHERE Genre.name = 'Latina'));
INSERT INTO Song_Genre(song_id,genre_id) VALUES ('6yV2W1h4PZla1PE5s1zjVM', (SELECT id FROM Genre WHERE Genre.name = 'Pop'));
INSERT INTO Song_Genre(song_id,genre_id) VALUES ('6yV2W1h4PZla1PE5s1zjVM', (SELECT id FROM Genre WHERE Genre.name = 'Latina'));
INSERT INTO Song_Genre(song_id,genre_id) VALUES ('2A8JrolyBB1nVXVCd7AqYj', (SELECT id FROM Genre WHERE Genre.name = 'Pop'));
INSERT INTO Song_Genre(song_id,genre_id) VALUES ('2A8JrolyBB1nVXVCd7AqYj', (SELECT id FROM Genre WHERE Genre.name = 'Latina'));
INSERT INTO Song_Genre(song_id,genre_id) VALUES ('5PczsbMK39oiVxkh8akIdC', (SELECT id FROM Genre WHERE Genre.name = 'Pop'));
INSERT INTO Song_Genre(song_id,genre_id) VALUES ('5PczsbMK39oiVxkh8akIdC', (SELECT id FROM Genre WHERE Genre.name = 'Latina'));
INSERT INTO Song_Genre(song_id,genre_id) VALUES ('0Xqaolx6r2Kpbt3wcEyALI', (SELECT id FROM Genre WHERE Genre.name = 'Pop'));
INSERT INTO Song_Genre(song_id,genre_id) VALUES ('0Xqaolx6r2Kpbt3wcEyALI', (SELECT id FROM Genre WHERE Genre.name = 'Latina'));
INSERT INTO Song_Genre(song_id,genre_id) VALUES ('0axkqaAtzVAmIY3qb1gTLa', (SELECT id FROM Genre WHERE Genre.name = 'Pop'));
INSERT INTO Song_Genre(song_id,genre_id) VALUES ('0axkqaAtzVAmIY3qb1gTLa', (SELECT id FROM Genre WHERE Genre.name = 'Latina'));
INSERT INTO Song_Genre(song_id,genre_id) VALUES ('4qjPG51k0pnidnHZXU0chv', (SELECT id FROM Genre WHERE Genre.name = 'Pop'));
INSERT INTO Song_Genre(song_id,genre_id) VALUES ('4qjPG51k0pnidnHZXU0chv', (SELECT id FROM Genre WHERE Genre.name = 'Latina'));
INSERT INTO Song_Genre(song_id,genre_id) VALUES ('4Vp3RsQyxbZiIiVj3JSZkp', (SELECT id FROM Genre WHERE Genre.name = 'Pop'));
INSERT INTO Song_Genre(song_id,genre_id) VALUES ('4Vp3RsQyxbZiIiVj3JSZkp', (SELECT id FROM Genre WHERE Genre.name = 'Latina'));
INSERT INTO Song_Genre(song_id,genre_id) VALUES ('67QPog6VSmaGoLw8uJ28cp', (SELECT id FROM Genre WHERE Genre.name = 'Pop'));
INSERT INTO Song_Genre(song_id,genre_id) VALUES ('67QPog6VSmaGoLw8uJ28cp', (SELECT id FROM Genre WHERE Genre.name = 'Latina'));
INSERT INTO Song_Genre(song_id,genre_id) VALUES ('2acwat5DtLFSIodgQsPqa4', (SELECT id FROM Genre WHERE Genre.name = 'Pop'));
INSERT INTO Song_Genre(song_id,genre_id) VALUES ('2acwat5DtLFSIodgQsPqa4', (SELECT id FROM Genre WHERE Genre.name = 'Latina'));
INSERT INTO Song_Genre(song_id,genre_id) VALUES ('0qyQSGbMznclQ1RzCaTfuo', (SELECT id FROM Genre WHERE Genre.name = 'Pop'));
INSERT INTO Song_Genre(song_id,genre_id) VALUES ('0qyQSGbMznclQ1RzCaTfuo', (SELECT id FROM Genre WHERE Genre.name = 'Latina'));
INSERT INTO Song_Genre(song_id,genre_id) VALUES ('3c64REpQJStJ1fPTfA5gwW', (SELECT id FROM Genre WHERE Genre.name = 'Pop'));
INSERT INTO Song_Genre(song_id,genre_id) VALUES ('3c64REpQJStJ1fPTfA5gwW', (SELECT id FROM Genre WHERE Genre.name = 'Latina'));
INSERT INTO Song_Genre(song_id,genre_id) VALUES ('0ofDrTTcinCUxm7wqCLPQa', (SELECT id FROM Genre WHERE Genre.name = 'Pop'));
INSERT INTO Song_Genre(song_id,genre_id) VALUES ('0ofDrTTcinCUxm7wqCLPQa', (SELECT id FROM Genre WHERE Genre.name = 'Latina'));
INSERT INTO Song_Genre(song_id,genre_id) VALUES ('6Wpp9BCmrxwwUyyrfP5iIA', (SELECT id FROM Genre WHERE Genre.name = 'Pop'));
INSERT INTO Song_Genre(song_id,genre_id) VALUES ('6Wpp9BCmrxwwUyyrfP5iIA', (SELECT id FROM Genre WHERE Genre.name = 'Latina'));
INSERT INTO Song_Genre(song_id,genre_id) VALUES ('0kSvdZglfcfLVHghrEbfl6', (SELECT id FROM Genre WHERE Genre.name = 'Pop'));
INSERT INTO Song_Genre(song_id,genre_id) VALUES ('0kSvdZglfcfLVHghrEbfl6', (SELECT id FROM Genre WHERE Genre.name = 'Latina'));
INSERT INTO Song_Genre(song_id,genre_id) VALUES ('072KjWHD28QfDcgrFYnoPP', (SELECT id FROM Genre WHERE Genre.name = 'Pop'));
INSERT INTO Song_Genre(song_id,genre_id) VALUES ('072KjWHD28QfDcgrFYnoPP', (SELECT id FROM Genre WHERE Genre.name = 'Latina'));
INSERT INTO Song_Genre(song_id,genre_id) VALUES ('7F7HZxQ4va3SGoar8sHArZ', (SELECT id FROM Genre WHERE Genre.name = 'Pop'));
INSERT INTO Song_Genre(song_id,genre_id) VALUES ('7F7HZxQ4va3SGoar8sHArZ', (SELECT id FROM Genre WHERE Genre.name = 'Latina'));
INSERT INTO Song_Genre(song_id,genre_id) VALUES ('70JYZ64E1nWmi27KOx6Xcq', (SELECT id FROM Genre WHERE Genre.name = 'Pop'));
INSERT INTO Song_Genre(song_id,genre_id) VALUES ('70JYZ64E1nWmi27KOx6Xcq', (SELECT id FROM Genre WHERE Genre.name = 'Latina'));
INSERT INTO Song_Genre(song_id,genre_id) VALUES ('6Npd39C3CNeehJN2bwzSIx', (SELECT id FROM Genre WHERE Genre.name = 'Pop'));
INSERT INTO Song_Genre(song_id,genre_id) VALUES ('6Npd39C3CNeehJN2bwzSIx', (SELECT id FROM Genre WHERE Genre.name = 'Latina'));
INSERT INTO Song_Genre(song_id,genre_id) VALUES ('5W9bn2Aw1fgzk1ZJFKlDh4', (SELECT id FROM Genre WHERE Genre.name = 'Pop'));
INSERT INTO Song_Genre(song_id,genre_id) VALUES ('5W9bn2Aw1fgzk1ZJFKlDh4', (SELECT id FROM Genre WHERE Genre.name = 'Latina'));
INSERT INTO Song_Genre(song_id,genre_id) VALUES ('5DjG0KKlTh2q6VOzKQ5H92', (SELECT id FROM Genre WHERE Genre.name = 'Pop'));
INSERT INTO Song_Genre(song_id,genre_id) VALUES ('5DjG0KKlTh2q6VOzKQ5H92', (SELECT id FROM Genre WHERE Genre.name = 'Latina'));
INSERT INTO Song_Genre(song_id,genre_id) VALUES ('4NQqfJhGXCZkBAXkhamUTs', (SELECT id FROM Genre WHERE Genre.name = 'Pop'));
INSERT INTO Song_Genre(song_id,genre_id) VALUES ('4NQqfJhGXCZkBAXkhamUTs', (SELECT id FROM Genre WHERE Genre.name = 'Latina'));
INSERT INTO Song_Genre(song_id,genre_id) VALUES ('52JeETc293Vf9CJ0LUXVc7', (SELECT id FROM Genre WHERE Genre.name = 'Pop'));
INSERT INTO Song_Genre(song_id,genre_id) VALUES ('52JeETc293Vf9CJ0LUXVc7', (SELECT id FROM Genre WHERE Genre.name = 'Latina'));
INSERT INTO Song_Genre(song_id,genre_id) VALUES ('0YNFUFH50E8MJDd0F5vgN2', (SELECT id FROM Genre WHERE Genre.name = 'Pop'));
INSERT INTO Song_Genre(song_id,genre_id) VALUES ('0YNFUFH50E8MJDd0F5vgN2', (SELECT id FROM Genre WHERE Genre.name = 'Latina'));
INSERT INTO Song_Genre(song_id,genre_id) VALUES ('0uAvtuCXYrKDzTy8BeZtH7', (SELECT id FROM Genre WHERE Genre.name = 'Pop'));
INSERT INTO Song_Genre(song_id,genre_id) VALUES ('0uAvtuCXYrKDzTy8BeZtH7', (SELECT id FROM Genre WHERE Genre.name = 'Latina'));
INSERT INTO Song_Genre(song_id,genre_id) VALUES ('3yZSaK6Fq5vAuV4AeXZYyY', (SELECT id FROM Genre WHERE Genre.name = 'Pop'));
INSERT INTO Song_Genre(song_id,genre_id) VALUES ('3yZSaK6Fq5vAuV4AeXZYyY', (SELECT id FROM Genre WHERE Genre.name = 'Latina'));
INSERT INTO Song_Genre(song_id,genre_id) VALUES ('7wKwCU0Cwc4sCELQGK1Iab', (SELECT id FROM Genre WHERE Genre.name = 'Pop'));
INSERT INTO Song_Genre(song_id,genre_id) VALUES ('7wKwCU0Cwc4sCELQGK1Iab', (SELECT id FROM Genre WHERE Genre.name = 'Latina'));
INSERT INTO Song_Genre(song_id,genre_id) VALUES ('1ab4fNQqrXEqtZJ8U1CCoM', (SELECT id FROM Genre WHERE Genre.name = 'Pop'));
INSERT INTO Song_Genre(song_id,genre_id) VALUES ('1ab4fNQqrXEqtZJ8U1CCoM', (SELECT id FROM Genre WHERE Genre.name = 'Latina'));
INSERT INTO Song_Genre(song_id,genre_id) VALUES ('4V8gtNNKV670LjbcUElMEj', (SELECT id FROM Genre WHERE Genre.name = 'Pop'));
INSERT INTO Song_Genre(song_id,genre_id) VALUES ('4V8gtNNKV670LjbcUElMEj', (SELECT id FROM Genre WHERE Genre.name = 'Latina'));
INSERT INTO Song_Genre(song_id,genre_id) VALUES ('1OGeDo6MFMLVcrINKo0gTK', (SELECT id FROM Genre WHERE Genre.name = 'Pop'));
INSERT INTO Song_Genre(song_id,genre_id) VALUES ('1OGeDo6MFMLVcrINKo0gTK', (SELECT id FROM Genre WHERE Genre.name = 'Latina'));
INSERT INTO Song_Genre(song_id,genre_id) VALUES ('5Y555Ug9Jgb5iPm3M0lHCd', (SELECT id FROM Genre WHERE Genre.name = 'Pop'));
INSERT INTO Song_Genre(song_id,genre_id) VALUES ('5Y555Ug9Jgb5iPm3M0lHCd', (SELECT id FROM Genre WHERE Genre.name = 'Latina'));
INSERT INTO Song_Genre(song_id,genre_id) VALUES ('3n8PpLGNTi4x6AX8vRGZsT', (SELECT id FROM Genre WHERE Genre.name = 'Pop'));
INSERT INTO Song_Genre(song_id,genre_id) VALUES ('3n8PpLGNTi4x6AX8vRGZsT', (SELECT id FROM Genre WHERE Genre.name = 'Latina'));
INSERT INTO Song_Genre(song_id,genre_id) VALUES ('0vYVnrReNrYQtelaSAE96X', (SELECT id FROM Genre WHERE Genre.name = 'Pop'));
INSERT INTO Song_Genre(song_id,genre_id) VALUES ('0vYVnrReNrYQtelaSAE96X', (SELECT id FROM Genre WHERE Genre.name = 'Latina'));

INSERT INTO Album(id,name,preview_url,launch_date) VALUES ('59SjgIQv3ASnijrzYyR44Z','La Dulzura','https://i.scdn.co/image/ab67616d0000b2737991752200596435cac1ffcb','2010-08-24');
INSERT INTO Song(id,name,duration_ms,active,preview_url,album_id) VALUES ('371wHShA5ERqTuwuRj8xgG','Rimas pa'' seducir',187053,'1','null','59SjgIQv3ASnijrzYyR44Z');
INSERT INTO Song(id,name,duration_ms,active,preview_url,album_id) VALUES ('2jz6smAw1Pzy7Gs5AJACv3','La complicidad',363920,'1','null','59SjgIQv3ASnijrzYyR44Z');
INSERT INTO Song(id,name,duration_ms,active,preview_url,album_id) VALUES ('3AUF2LhnUFlSodvFq50bPG','Amante luz',310853,'1','null','59SjgIQv3ASnijrzYyR44Z');
INSERT INTO Song(id,name,duration_ms,active,preview_url,album_id) VALUES ('4HdN4R0n6RU401N0FmS4e2','Para estar',296293,'1','null','59SjgIQv3ASnijrzYyR44Z');
INSERT INTO Song(id,name,duration_ms,active,preview_url,album_id) VALUES ('0yThzO62cGQo3Y2XEr7JjH','En la oscuridad',273386,'1','null','59SjgIQv3ASnijrzYyR44Z');
INSERT INTO Song(id,name,duration_ms,active,preview_url,album_id) VALUES ('1rWksds0t6BM5phg9qeEKv','Baja la tensión',267253,'1','null','59SjgIQv3ASnijrzYyR44Z');
INSERT INTO Song(id,name,duration_ms,active,preview_url,album_id) VALUES ('2K2YkSn2utzsRntEClbyB8','Ilegal',305000,'1','null','59SjgIQv3ASnijrzYyR44Z');
INSERT INTO Song(id,name,duration_ms,active,preview_url,album_id) VALUES ('1iacxi13r4eNkwYEtiqRxB','Somos muchos',284093,'1','null','59SjgIQv3ASnijrzYyR44Z');
INSERT INTO Song(id,name,duration_ms,active,preview_url,album_id) VALUES ('5swQPv1Nj5XNgIg5AeAOna','Del tope al fondo',306253,'1','null','59SjgIQv3ASnijrzYyR44Z');
INSERT INTO Song(id,name,duration_ms,active,preview_url,album_id) VALUES ('342EXbThPNJ6xXwT5DFTiA','Me faltabas tú',172640,'1','null','59SjgIQv3ASnijrzYyR44Z');
INSERT INTO Song(id,name,duration_ms,active,preview_url,album_id) VALUES ('205glCfI2TErd262A6az6T','Verso terso',365386,'1','null','59SjgIQv3ASnijrzYyR44Z');
INSERT INTO Song(id,name,duration_ms,active,preview_url,album_id) VALUES ('0pBewKk1R251xxQzKIh9jr','La espera',265893,'1','null','59SjgIQv3ASnijrzYyR44Z');
INSERT INTO Account(username,password,first_name,email) VALUES ('culturaprofética','123','Cultura Profética','culturaprofética@gmail.com');
INSERT INTO Artist(id,artistic_name,username) VALUES ('65HuWBUC1d8ty1q6J42Nfi','Cultura Profética','culturaprofética');
INSERT INTO Album_Artist(album_id,artist_id) VALUES ('59SjgIQv3ASnijrzYyR44Z','65HuWBUC1d8ty1q6J42Nfi');
INSERT INTO Song_Artist(song_id,artist_id) VALUES ('371wHShA5ERqTuwuRj8xgG','65HuWBUC1d8ty1q6J42Nfi');
INSERT INTO Song_Artist(song_id,artist_id) VALUES ('2jz6smAw1Pzy7Gs5AJACv3','65HuWBUC1d8ty1q6J42Nfi');
INSERT INTO Song_Artist(song_id,artist_id) VALUES ('3AUF2LhnUFlSodvFq50bPG','65HuWBUC1d8ty1q6J42Nfi');
INSERT INTO Song_Artist(song_id,artist_id) VALUES ('4HdN4R0n6RU401N0FmS4e2','65HuWBUC1d8ty1q6J42Nfi');
INSERT INTO Song_Artist(song_id,artist_id) VALUES ('0yThzO62cGQo3Y2XEr7JjH','65HuWBUC1d8ty1q6J42Nfi');
INSERT INTO Song_Artist(song_id,artist_id) VALUES ('1rWksds0t6BM5phg9qeEKv','65HuWBUC1d8ty1q6J42Nfi');
INSERT INTO Song_Artist(song_id,artist_id) VALUES ('2K2YkSn2utzsRntEClbyB8','65HuWBUC1d8ty1q6J42Nfi');
INSERT INTO Song_Artist(song_id,artist_id) VALUES ('1iacxi13r4eNkwYEtiqRxB','65HuWBUC1d8ty1q6J42Nfi');
INSERT INTO Song_Artist(song_id,artist_id) VALUES ('5swQPv1Nj5XNgIg5AeAOna','65HuWBUC1d8ty1q6J42Nfi');
INSERT INTO Song_Artist(song_id,artist_id) VALUES ('342EXbThPNJ6xXwT5DFTiA','65HuWBUC1d8ty1q6J42Nfi');
INSERT INTO Song_Artist(song_id,artist_id) VALUES ('205glCfI2TErd262A6az6T','65HuWBUC1d8ty1q6J42Nfi');
INSERT INTO Song_Artist(song_id,artist_id) VALUES ('0pBewKk1R251xxQzKIh9jr','65HuWBUC1d8ty1q6J42Nfi');
INSERT INTO Song_Genre(song_id,genre_id) VALUES ('371wHShA5ERqTuwuRj8xgG', (SELECT id FROM Genre WHERE Genre.name = 'Reggae'));
INSERT INTO Song_Genre(song_id,genre_id) VALUES ('2jz6smAw1Pzy7Gs5AJACv3', (SELECT id FROM Genre WHERE Genre.name = 'Reggae'));
INSERT INTO Song_Genre(song_id,genre_id) VALUES ('3AUF2LhnUFlSodvFq50bPG', (SELECT id FROM Genre WHERE Genre.name = 'Reggae'));
INSERT INTO Song_Genre(song_id,genre_id) VALUES ('4HdN4R0n6RU401N0FmS4e2', (SELECT id FROM Genre WHERE Genre.name = 'Reggae'));
INSERT INTO Song_Genre(song_id,genre_id) VALUES ('0yThzO62cGQo3Y2XEr7JjH', (SELECT id FROM Genre WHERE Genre.name = 'Reggae'));
INSERT INTO Song_Genre(song_id,genre_id) VALUES ('1rWksds0t6BM5phg9qeEKv', (SELECT id FROM Genre WHERE Genre.name = 'Reggae'));
INSERT INTO Song_Genre(song_id,genre_id) VALUES ('2K2YkSn2utzsRntEClbyB8', (SELECT id FROM Genre WHERE Genre.name = 'Reggae'));
INSERT INTO Song_Genre(song_id,genre_id) VALUES ('1iacxi13r4eNkwYEtiqRxB', (SELECT id FROM Genre WHERE Genre.name = 'Reggae'));
INSERT INTO Song_Genre(song_id,genre_id) VALUES ('5swQPv1Nj5XNgIg5AeAOna', (SELECT id FROM Genre WHERE Genre.name = 'Reggae'));
INSERT INTO Song_Genre(song_id,genre_id) VALUES ('342EXbThPNJ6xXwT5DFTiA', (SELECT id FROM Genre WHERE Genre.name = 'Reggae'));
INSERT INTO Song_Genre(song_id,genre_id) VALUES ('205glCfI2TErd262A6az6T', (SELECT id FROM Genre WHERE Genre.name = 'Reggae'));
INSERT INTO Song_Genre(song_id,genre_id) VALUES ('0pBewKk1R251xxQzKIh9jr', (SELECT id FROM Genre WHERE Genre.name = 'Reggae'));

INSERT INTO Album(id,name,preview_url,launch_date) VALUES ('4X6PQwYWxtGGtKjAfX6wa6','Porfiado','https://i.scdn.co/image/ab67616d0000b273e32b600cf149063d811341e3','2012-04-27');
INSERT INTO Song(id,name,duration_ms,active,preview_url,album_id) VALUES ('5GzToRpMxX7x8dUhWWUffH','Algo mejor que hacer',201133,'1','https://p.scdn.co/mp3-preview/b4a3bf7f825a0f1a7c6b4205d485124a357c303b?cid=65f755ce97bd4889b54cfc425aad9390','4X6PQwYWxtGGtKjAfX6wa6');
INSERT INTO Song(id,name,duration_ms,active,preview_url,album_id) VALUES ('6Pa10qJeYr5qu777xSieyM','Cuando sea grande',249986,'1','https://p.scdn.co/mp3-preview/a97d50d881063ea29025b246050d3750688db0da?cid=65f755ce97bd4889b54cfc425aad9390','4X6PQwYWxtGGtKjAfX6wa6');
INSERT INTO Song(id,name,duration_ms,active,preview_url,album_id) VALUES ('4LFrQltHBSWQ187o7oWJcS','Sólo estoy sobreviviendo',267360,'1','https://p.scdn.co/mp3-preview/881b4c87bf17227b3295340da1f542328afc0a1d?cid=65f755ce97bd4889b54cfc425aad9390','4X6PQwYWxtGGtKjAfX6wa6');
INSERT INTO Song(id,name,duration_ms,active,preview_url,album_id) VALUES ('1JaUafXxwvSsQhN3V5MjxV','Buen día Benito',230293,'1','https://p.scdn.co/mp3-preview/e8bb2ca045944d4fc36a960ab521d65ef1274277?cid=65f755ce97bd4889b54cfc425aad9390','4X6PQwYWxtGGtKjAfX6wa6');
INSERT INTO Song(id,name,duration_ms,active,preview_url,album_id) VALUES ('2kHMrSmCFjxS76sQnhdxfJ','El lado soleado de la calle',250306,'1','https://p.scdn.co/mp3-preview/7ba0479b83502d32399185b6608dfcf3a6aaec88?cid=65f755ce97bd4889b54cfc425aad9390','4X6PQwYWxtGGtKjAfX6wa6');
INSERT INTO Song(id,name,duration_ms,active,preview_url,album_id) VALUES ('7xB3hSztVbX6xFvQqEGKud','Lo malo de ser bueno',242120,'1','https://p.scdn.co/mp3-preview/9bac56db815e08ccf5a87e6bde3bf1b620835648?cid=65f755ce97bd4889b54cfc425aad9390','4X6PQwYWxtGGtKjAfX6wa6');
INSERT INTO Song(id,name,duration_ms,active,preview_url,album_id) VALUES ('35LdDKNMwvKftENaj1WIwF','Enamorado tuyo',259680,'1','https://p.scdn.co/mp3-preview/af2f3a116cf60f85482132aa3f103a44df655375?cid=65f755ce97bd4889b54cfc425aad9390','4X6PQwYWxtGGtKjAfX6wa6');
INSERT INTO Song(id,name,duration_ms,active,preview_url,album_id) VALUES ('0m29Kyrm8caxQ22r1rZ4wn','El balcón de Paul',234106,'1','https://p.scdn.co/mp3-preview/f79a689becadba4cee6e2b4f20cb9c7a3666a405?cid=65f755ce97bd4889b54cfc425aad9390','4X6PQwYWxtGGtKjAfX6wa6');
INSERT INTO Song(id,name,duration_ms,active,preview_url,album_id) VALUES ('0lwcP1BPhpJD0hGLH1a4AW','Vida ingrata',237640,'1','https://p.scdn.co/mp3-preview/4ab09f1110b717391a9f107543baefd299edb27e?cid=65f755ce97bd4889b54cfc425aad9390','4X6PQwYWxtGGtKjAfX6wa6');
INSERT INTO Song(id,name,duration_ms,active,preview_url,album_id) VALUES ('57OOcF6DKYbuRgYb703YRQ','No te invité a mi cumpleaños',253920,'1','https://p.scdn.co/mp3-preview/3171b861c9dbd0210820d34af9233a4ea758d100?cid=65f755ce97bd4889b54cfc425aad9390','4X6PQwYWxtGGtKjAfX6wa6');
INSERT INTO Song(id,name,duration_ms,active,preview_url,album_id) VALUES ('4LAL36nGagL2EYjnXEz3vV','Insaciable',230826,'1','https://p.scdn.co/mp3-preview/afdc81a0597c168bd577c838c4fd7f21c851e431?cid=65f755ce97bd4889b54cfc425aad9390','4X6PQwYWxtGGtKjAfX6wa6');
INSERT INTO Song(id,name,duration_ms,active,preview_url,album_id) VALUES ('0ePp0z6IzzKip3DQVw2S5Z','Todos pasan por mi rancho',308893,'1','https://p.scdn.co/mp3-preview/29a48c4a2b0f9dc9b3b17fc908df789c57d1783b?cid=65f755ce97bd4889b54cfc425aad9390','4X6PQwYWxtGGtKjAfX6wa6');
INSERT INTO Account(username,password,first_name,email) VALUES ('elcuartetodenos','123','El Cuarteto De Nos','elcuartetodenos@gmail.com');
INSERT INTO Artist(id,artistic_name,username) VALUES ('13JJKrUewC1CJYmIDXQNoH','El Cuarteto De Nos','elcuartetodenos');
INSERT INTO Album_Artist(album_id,artist_id) VALUES ('4X6PQwYWxtGGtKjAfX6wa6','13JJKrUewC1CJYmIDXQNoH');
INSERT INTO Song_Artist(song_id,artist_id) VALUES ('5GzToRpMxX7x8dUhWWUffH','13JJKrUewC1CJYmIDXQNoH');
INSERT INTO Song_Artist(song_id,artist_id) VALUES ('6Pa10qJeYr5qu777xSieyM','13JJKrUewC1CJYmIDXQNoH');
INSERT INTO Song_Artist(song_id,artist_id) VALUES ('4LFrQltHBSWQ187o7oWJcS','13JJKrUewC1CJYmIDXQNoH');
INSERT INTO Song_Artist(song_id,artist_id) VALUES ('1JaUafXxwvSsQhN3V5MjxV','13JJKrUewC1CJYmIDXQNoH');
INSERT INTO Song_Artist(song_id,artist_id) VALUES ('2kHMrSmCFjxS76sQnhdxfJ','13JJKrUewC1CJYmIDXQNoH');
INSERT INTO Song_Artist(song_id,artist_id) VALUES ('7xB3hSztVbX6xFvQqEGKud','13JJKrUewC1CJYmIDXQNoH');
INSERT INTO Song_Artist(song_id,artist_id) VALUES ('35LdDKNMwvKftENaj1WIwF','13JJKrUewC1CJYmIDXQNoH');
INSERT INTO Song_Artist(song_id,artist_id) VALUES ('0m29Kyrm8caxQ22r1rZ4wn','13JJKrUewC1CJYmIDXQNoH');
INSERT INTO Song_Artist(song_id,artist_id) VALUES ('0lwcP1BPhpJD0hGLH1a4AW','13JJKrUewC1CJYmIDXQNoH');
INSERT INTO Song_Artist(song_id,artist_id) VALUES ('57OOcF6DKYbuRgYb703YRQ','13JJKrUewC1CJYmIDXQNoH');
INSERT INTO Song_Artist(song_id,artist_id) VALUES ('4LAL36nGagL2EYjnXEz3vV','13JJKrUewC1CJYmIDXQNoH');
INSERT INTO Song_Artist(song_id,artist_id) VALUES ('0ePp0z6IzzKip3DQVw2S5Z','13JJKrUewC1CJYmIDXQNoH');
INSERT INTO Song_Genre(song_id,genre_id) VALUES ('5GzToRpMxX7x8dUhWWUffH', (SELECT id FROM Genre WHERE Genre.name = 'Pop Rock'));
INSERT INTO Song_Genre(song_id,genre_id) VALUES ('5GzToRpMxX7x8dUhWWUffH', (SELECT id FROM Genre WHERE Genre.name = 'Rock Alternativo'));
INSERT INTO Song_Genre(song_id,genre_id) VALUES ('6Pa10qJeYr5qu777xSieyM', (SELECT id FROM Genre WHERE Genre.name = 'Pop Rock'));
INSERT INTO Song_Genre(song_id,genre_id) VALUES ('6Pa10qJeYr5qu777xSieyM', (SELECT id FROM Genre WHERE Genre.name = 'Rock Alternativo'));
INSERT INTO Song_Genre(song_id,genre_id) VALUES ('4LFrQltHBSWQ187o7oWJcS', (SELECT id FROM Genre WHERE Genre.name = 'Pop Rock'));
INSERT INTO Song_Genre(song_id,genre_id) VALUES ('4LFrQltHBSWQ187o7oWJcS', (SELECT id FROM Genre WHERE Genre.name = 'Rock Alternativo'));
INSERT INTO Song_Genre(song_id,genre_id) VALUES ('1JaUafXxwvSsQhN3V5MjxV', (SELECT id FROM Genre WHERE Genre.name = 'Pop Rock'));
INSERT INTO Song_Genre(song_id,genre_id) VALUES ('1JaUafXxwvSsQhN3V5MjxV', (SELECT id FROM Genre WHERE Genre.name = 'Rock Alternativo'));
INSERT INTO Song_Genre(song_id,genre_id) VALUES ('2kHMrSmCFjxS76sQnhdxfJ', (SELECT id FROM Genre WHERE Genre.name = 'Pop Rock'));
INSERT INTO Song_Genre(song_id,genre_id) VALUES ('2kHMrSmCFjxS76sQnhdxfJ', (SELECT id FROM Genre WHERE Genre.name = 'Rock Alternativo'));
INSERT INTO Song_Genre(song_id,genre_id) VALUES ('7xB3hSztVbX6xFvQqEGKud', (SELECT id FROM Genre WHERE Genre.name = 'Pop Rock'));
INSERT INTO Song_Genre(song_id,genre_id) VALUES ('7xB3hSztVbX6xFvQqEGKud', (SELECT id FROM Genre WHERE Genre.name = 'Rock Alternativo'));
INSERT INTO Song_Genre(song_id,genre_id) VALUES ('35LdDKNMwvKftENaj1WIwF', (SELECT id FROM Genre WHERE Genre.name = 'Pop Rock'));
INSERT INTO Song_Genre(song_id,genre_id) VALUES ('35LdDKNMwvKftENaj1WIwF', (SELECT id FROM Genre WHERE Genre.name = 'Rock Alternativo'));
INSERT INTO Song_Genre(song_id,genre_id) VALUES ('0m29Kyrm8caxQ22r1rZ4wn', (SELECT id FROM Genre WHERE Genre.name = 'Pop Rock'));
INSERT INTO Song_Genre(song_id,genre_id) VALUES ('0m29Kyrm8caxQ22r1rZ4wn', (SELECT id FROM Genre WHERE Genre.name = 'Rock Alternativo'));
INSERT INTO Song_Genre(song_id,genre_id) VALUES ('0lwcP1BPhpJD0hGLH1a4AW', (SELECT id FROM Genre WHERE Genre.name = 'Pop Rock'));
INSERT INTO Song_Genre(song_id,genre_id) VALUES ('0lwcP1BPhpJD0hGLH1a4AW', (SELECT id FROM Genre WHERE Genre.name = 'Rock Alternativo'));
INSERT INTO Song_Genre(song_id,genre_id) VALUES ('57OOcF6DKYbuRgYb703YRQ', (SELECT id FROM Genre WHERE Genre.name = 'Pop Rock'));
INSERT INTO Song_Genre(song_id,genre_id) VALUES ('57OOcF6DKYbuRgYb703YRQ', (SELECT id FROM Genre WHERE Genre.name = 'Rock Alternativo'));
INSERT INTO Song_Genre(song_id,genre_id) VALUES ('4LAL36nGagL2EYjnXEz3vV', (SELECT id FROM Genre WHERE Genre.name = 'Pop Rock'));
INSERT INTO Song_Genre(song_id,genre_id) VALUES ('4LAL36nGagL2EYjnXEz3vV', (SELECT id FROM Genre WHERE Genre.name = 'Rock Alternativo'));
INSERT INTO Song_Genre(song_id,genre_id) VALUES ('0ePp0z6IzzKip3DQVw2S5Z', (SELECT id FROM Genre WHERE Genre.name = 'Pop Rock'));
INSERT INTO Song_Genre(song_id,genre_id) VALUES ('0ePp0z6IzzKip3DQVw2S5Z', (SELECT id FROM Genre WHERE Genre.name = 'Rock Alternativo'));

INSERT INTO Album(id,name,preview_url,launch_date) VALUES ('6teCruByoWS0CHb6ghm3zv','Conditions','https://i.scdn.co/image/ab67616d0000b2734dcd7cc06dc79a1f485794d8','2009-01-01');
INSERT INTO Song(id,name,duration_ms,active,preview_url,album_id) VALUES ('3M4ABCY911pKJB3GpJmtqK','Love Lost',213386,'1','null','6teCruByoWS0CHb6ghm3zv');
INSERT INTO Song(id,name,duration_ms,active,preview_url,album_id) VALUES ('4inRrO3vWsXlogLFuuB6B8','Sweet Disposition',231546,'1','null','6teCruByoWS0CHb6ghm3zv');
INSERT INTO Song(id,name,duration_ms,active,preview_url,album_id) VALUES ('09LYE3SI0elCRRCEwjQFfy','Fader',183906,'1','null','6teCruByoWS0CHb6ghm3zv');
INSERT INTO Song(id,name,duration_ms,active,preview_url,album_id) VALUES ('4MpSbTWPq2Sf2ptb7BJcUE','Rest',220506,'1','null','6teCruByoWS0CHb6ghm3zv');
INSERT INTO Song(id,name,duration_ms,active,preview_url,album_id) VALUES ('7itbS6p92YVVSJwONlskg7','Down River',224973,'1','null','6teCruByoWS0CHb6ghm3zv');
INSERT INTO Song(id,name,duration_ms,active,preview_url,album_id) VALUES ('74cpNdiCh2MmPk34XbDwFV','Soldier On',355080,'1','null','6teCruByoWS0CHb6ghm3zv');
INSERT INTO Song(id,name,duration_ms,active,preview_url,album_id) VALUES ('2sb1LKi2W0zeTtizzr6U9z','Fools',273800,'1','null','6teCruByoWS0CHb6ghm3zv');
INSERT INTO Song(id,name,duration_ms,active,preview_url,album_id) VALUES ('1C3HKOFdTZ7nESsxrlZ0ej','Resurrection',331520,'1','null','6teCruByoWS0CHb6ghm3zv');
INSERT INTO Song(id,name,duration_ms,active,preview_url,album_id) VALUES ('0z7NDXfVfFJwROg30dOWso','Science Of Fear',257760,'1','null','6teCruByoWS0CHb6ghm3zv');
INSERT INTO Song(id,name,duration_ms,active,preview_url,album_id) VALUES ('09BH6CueE8Jr6yLa8LQyyp','Drum Song',201000,'1','null','6teCruByoWS0CHb6ghm3zv');
INSERT INTO Account(username,password,first_name,email) VALUES ('thetempertrap','123','The Temper Trap','thetempertrap@gmail.com');
INSERT INTO Artist(id,artistic_name,username) VALUES ('4W48hZAnAHVOC2c8WH8pcq','The Temper Trap','thetempertrap');
INSERT INTO Album_Artist(album_id,artist_id) VALUES ('6teCruByoWS0CHb6ghm3zv','4W48hZAnAHVOC2c8WH8pcq');
INSERT INTO Song_Artist(song_id,artist_id) VALUES ('3M4ABCY911pKJB3GpJmtqK','4W48hZAnAHVOC2c8WH8pcq');
INSERT INTO Song_Artist(song_id,artist_id) VALUES ('4inRrO3vWsXlogLFuuB6B8','4W48hZAnAHVOC2c8WH8pcq');
INSERT INTO Song_Artist(song_id,artist_id) VALUES ('09LYE3SI0elCRRCEwjQFfy','4W48hZAnAHVOC2c8WH8pcq');
INSERT INTO Song_Artist(song_id,artist_id) VALUES ('4MpSbTWPq2Sf2ptb7BJcUE','4W48hZAnAHVOC2c8WH8pcq');
INSERT INTO Song_Artist(song_id,artist_id) VALUES ('7itbS6p92YVVSJwONlskg7','4W48hZAnAHVOC2c8WH8pcq');
INSERT INTO Song_Artist(song_id,artist_id) VALUES ('74cpNdiCh2MmPk34XbDwFV','4W48hZAnAHVOC2c8WH8pcq');
INSERT INTO Song_Artist(song_id,artist_id) VALUES ('2sb1LKi2W0zeTtizzr6U9z','4W48hZAnAHVOC2c8WH8pcq');
INSERT INTO Song_Artist(song_id,artist_id) VALUES ('1C3HKOFdTZ7nESsxrlZ0ej','4W48hZAnAHVOC2c8WH8pcq');
INSERT INTO Song_Artist(song_id,artist_id) VALUES ('0z7NDXfVfFJwROg30dOWso','4W48hZAnAHVOC2c8WH8pcq');
INSERT INTO Song_Artist(song_id,artist_id) VALUES ('09BH6CueE8Jr6yLa8LQyyp','4W48hZAnAHVOC2c8WH8pcq');
INSERT INTO Genre(name) VALUES ('Indie Rock');
INSERT INTO Genre(name) VALUES ('Indie Pop');
INSERT INTO Song_Genre(song_id,genre_id) VALUES ('3M4ABCY911pKJB3GpJmtqK', (SELECT id FROM Genre WHERE Genre.name = 'Indie Rock'));
INSERT INTO Song_Genre(song_id,genre_id) VALUES ('3M4ABCY911pKJB3GpJmtqK', (SELECT id FROM Genre WHERE Genre.name = 'Indie Pop'));
INSERT INTO Song_Genre(song_id,genre_id) VALUES ('4inRrO3vWsXlogLFuuB6B8', (SELECT id FROM Genre WHERE Genre.name = 'Indie Rock'));
INSERT INTO Song_Genre(song_id,genre_id) VALUES ('4inRrO3vWsXlogLFuuB6B8', (SELECT id FROM Genre WHERE Genre.name = 'Indie Pop'));
INSERT INTO Song_Genre(song_id,genre_id) VALUES ('09LYE3SI0elCRRCEwjQFfy', (SELECT id FROM Genre WHERE Genre.name = 'Indie Rock'));
INSERT INTO Song_Genre(song_id,genre_id) VALUES ('09LYE3SI0elCRRCEwjQFfy', (SELECT id FROM Genre WHERE Genre.name = 'Indie Pop'));
INSERT INTO Song_Genre(song_id,genre_id) VALUES ('4MpSbTWPq2Sf2ptb7BJcUE', (SELECT id FROM Genre WHERE Genre.name = 'Indie Rock'));
INSERT INTO Song_Genre(song_id,genre_id) VALUES ('4MpSbTWPq2Sf2ptb7BJcUE', (SELECT id FROM Genre WHERE Genre.name = 'Indie Pop'));
INSERT INTO Song_Genre(song_id,genre_id) VALUES ('7itbS6p92YVVSJwONlskg7', (SELECT id FROM Genre WHERE Genre.name = 'Indie Rock'));
INSERT INTO Song_Genre(song_id,genre_id) VALUES ('7itbS6p92YVVSJwONlskg7', (SELECT id FROM Genre WHERE Genre.name = 'Indie Pop'));
INSERT INTO Song_Genre(song_id,genre_id) VALUES ('74cpNdiCh2MmPk34XbDwFV', (SELECT id FROM Genre WHERE Genre.name = 'Indie Rock'));
INSERT INTO Song_Genre(song_id,genre_id) VALUES ('74cpNdiCh2MmPk34XbDwFV', (SELECT id FROM Genre WHERE Genre.name = 'Indie Pop'));
INSERT INTO Song_Genre(song_id,genre_id) VALUES ('2sb1LKi2W0zeTtizzr6U9z', (SELECT id FROM Genre WHERE Genre.name = 'Indie Rock'));
INSERT INTO Song_Genre(song_id,genre_id) VALUES ('2sb1LKi2W0zeTtizzr6U9z', (SELECT id FROM Genre WHERE Genre.name = 'Indie Pop'));
INSERT INTO Song_Genre(song_id,genre_id) VALUES ('1C3HKOFdTZ7nESsxrlZ0ej', (SELECT id FROM Genre WHERE Genre.name = 'Indie Rock'));
INSERT INTO Song_Genre(song_id,genre_id) VALUES ('1C3HKOFdTZ7nESsxrlZ0ej', (SELECT id FROM Genre WHERE Genre.name = 'Indie Pop'));
INSERT INTO Song_Genre(song_id,genre_id) VALUES ('0z7NDXfVfFJwROg30dOWso', (SELECT id FROM Genre WHERE Genre.name = 'Indie Rock'));
INSERT INTO Song_Genre(song_id,genre_id) VALUES ('0z7NDXfVfFJwROg30dOWso', (SELECT id FROM Genre WHERE Genre.name = 'Indie Pop'));
INSERT INTO Song_Genre(song_id,genre_id) VALUES ('09BH6CueE8Jr6yLa8LQyyp', (SELECT id FROM Genre WHERE Genre.name = 'Indie Rock'));
INSERT INTO Song_Genre(song_id,genre_id) VALUES ('09BH6CueE8Jr6yLa8LQyyp', (SELECT id FROM Genre WHERE Genre.name = 'Indie Pop'));

INSERT INTO Album(id,name,preview_url,launch_date) VALUES ('7xl50xr9NDkd3i2kBbzsNZ','Stadium Arcadium','https://i.scdn.co/image/ab67616d0000b27309fd83d32aee93dceba78517','2006-05-09');
INSERT INTO Song(id,name,duration_ms,active,preview_url,album_id) VALUES ('10Nmj3JCNoMeBQ87uw5j8k','Dani California',282160,'1','https://p.scdn.co/mp3-preview/87d4f1047475a73d44731914bca0b883cc1d5876?cid=65f755ce97bd4889b54cfc425aad9390','7xl50xr9NDkd3i2kBbzsNZ');
INSERT INTO Song(id,name,duration_ms,active,preview_url,album_id) VALUES ('2aibwv5hGXSgw7Yru8IYTO','Snow (Hey Oh)',334666,'1','https://p.scdn.co/mp3-preview/bc8d37532bace773a946ed1ab59f4181e632d93a?cid=65f755ce97bd4889b54cfc425aad9390','7xl50xr9NDkd3i2kBbzsNZ');
INSERT INTO Song(id,name,duration_ms,active,preview_url,album_id) VALUES ('3SoDB59Y7dSZLSDBiNJ6o2','Charlie',277533,'1','https://p.scdn.co/mp3-preview/e9e0aa6303769ff18d2983877e533b9e657667c9?cid=65f755ce97bd4889b54cfc425aad9390','7xl50xr9NDkd3i2kBbzsNZ');
INSERT INTO Song(id,name,duration_ms,active,preview_url,album_id) VALUES ('4y84ILALZSa4LyP6H7NVjR','Stadium Arcadium',314773,'1','https://p.scdn.co/mp3-preview/88889971bc65155ae5c236abc08a1c801be168e2?cid=65f755ce97bd4889b54cfc425aad9390','7xl50xr9NDkd3i2kBbzsNZ');
INSERT INTO Song(id,name,duration_ms,active,preview_url,album_id) VALUES ('5f2ZVFERwwh3asebmurZEf','Hump de Bump',213093,'1','https://p.scdn.co/mp3-preview/86af5d41b84d9428030cd08ff571c6c85852a65c?cid=65f755ce97bd4889b54cfc425aad9390','7xl50xr9NDkd3i2kBbzsNZ');
INSERT INTO Song(id,name,duration_ms,active,preview_url,album_id) VALUES ('3gvyksxkLbyKwi0WjCiPXE','She''s Only 18',205266,'1','https://p.scdn.co/mp3-preview/5b90fda364130d64ec04f8ce0b82919ea57a6b2e?cid=65f755ce97bd4889b54cfc425aad9390','7xl50xr9NDkd3i2kBbzsNZ');
INSERT INTO Song(id,name,duration_ms,active,preview_url,album_id) VALUES ('06wTEKL2rSrSaOjFtgG8fj','Slow Cheetah',319933,'1','https://p.scdn.co/mp3-preview/7d65b144c591885358ced95c99d7896c1a4ee133?cid=65f755ce97bd4889b54cfc425aad9390','7xl50xr9NDkd3i2kBbzsNZ');
INSERT INTO Song(id,name,duration_ms,active,preview_url,album_id) VALUES ('5ZISTTuh3YIBtYsCvBKk5w','Torture Me',224506,'1','https://p.scdn.co/mp3-preview/7a8073e712d26508675d590e8033eb079ee8d3d5?cid=65f755ce97bd4889b54cfc425aad9390','7xl50xr9NDkd3i2kBbzsNZ');
INSERT INTO Song(id,name,duration_ms,active,preview_url,album_id) VALUES ('0J3ytriezGZ3KCREfHKDOI','Strip My Mind',259333,'1','https://p.scdn.co/mp3-preview/b2f39d332cfebf1d9604ad68d7409bdccaeb1823?cid=65f755ce97bd4889b54cfc425aad9390','7xl50xr9NDkd3i2kBbzsNZ');
INSERT INTO Song(id,name,duration_ms,active,preview_url,album_id) VALUES ('1ylzYcU6FGnuBqqdqqH7QL','Especially in Michigan',240333,'1','https://p.scdn.co/mp3-preview/d2e7386457014488159f9ca67e9669935de82372?cid=65f755ce97bd4889b54cfc425aad9390','7xl50xr9NDkd3i2kBbzsNZ');
INSERT INTO Song(id,name,duration_ms,active,preview_url,album_id) VALUES ('1jrARDhheF2nrDEevG9rmo','Warlocks',205733,'1','https://p.scdn.co/mp3-preview/fa337a544bc0824e5b0661a9363864bdeec28b44?cid=65f755ce97bd4889b54cfc425aad9390','7xl50xr9NDkd3i2kBbzsNZ');
INSERT INTO Song(id,name,duration_ms,active,preview_url,album_id) VALUES ('0CZQNI3Evb4Nd8GeU49LFj','C''mon Girl',228666,'1','https://p.scdn.co/mp3-preview/c121e20e48c336922f59e85a6a9e45a0806896fe?cid=65f755ce97bd4889b54cfc425aad9390','7xl50xr9NDkd3i2kBbzsNZ');
INSERT INTO Song(id,name,duration_ms,active,preview_url,album_id) VALUES ('3L2Nyi3T7XabH8EEZFLDdX','Wet Sand',309800,'1','https://p.scdn.co/mp3-preview/fc943bd27a6525c0cd6afc53c86e3978a1a23ade?cid=65f755ce97bd4889b54cfc425aad9390','7xl50xr9NDkd3i2kBbzsNZ');
INSERT INTO Song(id,name,duration_ms,active,preview_url,album_id) VALUES ('0xAjq4KAQdJvUyCM7fFZ9K','Hey',339533,'1','https://p.scdn.co/mp3-preview/1e00474e049866ae3c465c2b138eb4d3edac42b3?cid=65f755ce97bd4889b54cfc425aad9390','7xl50xr9NDkd3i2kBbzsNZ');
INSERT INTO Song(id,name,duration_ms,active,preview_url,album_id) VALUES ('0GRvnYqlnh7ttq9NS6s3Ta','Desecration Smile',301626,'1','https://p.scdn.co/mp3-preview/5f42024fbdee3c1b03d2490022d52b12e0e28f85?cid=65f755ce97bd4889b54cfc425aad9390','7xl50xr9NDkd3i2kBbzsNZ');
INSERT INTO Song(id,name,duration_ms,active,preview_url,album_id) VALUES ('0itNMuBHye9fu392b4e9oa','Tell Me Baby',247666,'1','https://p.scdn.co/mp3-preview/1f87dec6f9fee9fa038d6d99e5ed57201158721b?cid=65f755ce97bd4889b54cfc425aad9390','7xl50xr9NDkd3i2kBbzsNZ');
INSERT INTO Song(id,name,duration_ms,active,preview_url,album_id) VALUES ('37kTASujIfZZ27NV7PfIrf','Hard to Concentrate',241840,'1','https://p.scdn.co/mp3-preview/ad9dbf9cd20b7b640ff8e611e1943eca69d5f41f?cid=65f755ce97bd4889b54cfc425aad9390','7xl50xr9NDkd3i2kBbzsNZ');
INSERT INTO Song(id,name,duration_ms,active,preview_url,album_id) VALUES ('4vHmY3cg7PWCPE0buO3G6t','21st Century',262333,'1','https://p.scdn.co/mp3-preview/1a46df8621d69f0f44e77e31aeba0f23220a261d?cid=65f755ce97bd4889b54cfc425aad9390','7xl50xr9NDkd3i2kBbzsNZ');
INSERT INTO Song(id,name,duration_ms,active,preview_url,album_id) VALUES ('31EJcKUZGaDCm684ByEx0G','She Looks to Me',245893,'1','https://p.scdn.co/mp3-preview/a15b87c167b04516b54150153ae0e410b9ecf7ed?cid=65f755ce97bd4889b54cfc425aad9390','7xl50xr9NDkd3i2kBbzsNZ');
INSERT INTO Song(id,name,duration_ms,active,preview_url,album_id) VALUES ('2Y5ngAobMcspRywfmb77k5','Readymade',270466,'1','https://p.scdn.co/mp3-preview/fd02cf4099aebdb2ceaf360b22bce8dea507c1e9?cid=65f755ce97bd4889b54cfc425aad9390','7xl50xr9NDkd3i2kBbzsNZ');
INSERT INTO Song(id,name,duration_ms,active,preview_url,album_id) VALUES ('4fYFXbcEDPfl4Yv2Fbwr9Q','If',172400,'1','https://p.scdn.co/mp3-preview/116c26003d8e4ff3c67b4cba618c0ba3f28b4797?cid=65f755ce97bd4889b54cfc425aad9390','7xl50xr9NDkd3i2kBbzsNZ');
INSERT INTO Song(id,name,duration_ms,active,preview_url,album_id) VALUES ('42DSTal38NakfMCu7RuNcv','Make You Feel Better',231733,'1','https://p.scdn.co/mp3-preview/5cc55f3e742c978c16ad67067ef2da2f37748a4e?cid=65f755ce97bd4889b54cfc425aad9390','7xl50xr9NDkd3i2kBbzsNZ');
INSERT INTO Song(id,name,duration_ms,active,preview_url,album_id) VALUES ('5vCK2zLPho1HZ9jTBNzMQ3','Animal Bar',325160,'1','https://p.scdn.co/mp3-preview/076e4f91815ac5d6c7eb6a7bc01adbfce62c3a6d?cid=65f755ce97bd4889b54cfc425aad9390','7xl50xr9NDkd3i2kBbzsNZ');
INSERT INTO Song(id,name,duration_ms,active,preview_url,album_id) VALUES ('6gTdrud3duWIBg8r2YdjOL','So Much I',224440,'1','https://p.scdn.co/mp3-preview/55d6f56a1a5972cf94c04a8f73818a4b57f2a269?cid=65f755ce97bd4889b54cfc425aad9390','7xl50xr9NDkd3i2kBbzsNZ');
INSERT INTO Song(id,name,duration_ms,active,preview_url,album_id) VALUES ('1JTrNAEJN6HCviUe9xMpAq','Storm in a Teacup',224866,'1','https://p.scdn.co/mp3-preview/722dab2f336d049e717e70c7c58019149912ffd3?cid=65f755ce97bd4889b54cfc425aad9390','7xl50xr9NDkd3i2kBbzsNZ');
INSERT INTO Song(id,name,duration_ms,active,preview_url,album_id) VALUES ('3Or10XF8LCimAlD8k4TmCn','We Believe',215400,'1','https://p.scdn.co/mp3-preview/9dc87b80ca60cd7f0be48784e8d2598b62bcf96f?cid=65f755ce97bd4889b54cfc425aad9390','7xl50xr9NDkd3i2kBbzsNZ');
INSERT INTO Song(id,name,duration_ms,active,preview_url,album_id) VALUES ('4gJgHqy4BVCIEcGvx0hGLw','Turn It Again',365533,'1','https://p.scdn.co/mp3-preview/f9bc5a8231c0517217a68672e6896698caf43ae8?cid=65f755ce97bd4889b54cfc425aad9390','7xl50xr9NDkd3i2kBbzsNZ');
INSERT INTO Song(id,name,duration_ms,active,preview_url,album_id) VALUES ('21YMiAQTystq882x5Sh0R5','Death of a Martian',264800,'1','https://p.scdn.co/mp3-preview/65b7591219b87bf28580d2ab6e3a1382717cb43c?cid=65f755ce97bd4889b54cfc425aad9390','7xl50xr9NDkd3i2kBbzsNZ');
INSERT INTO Song(id,name,duration_ms,active,preview_url,album_id) VALUES ('3woCbTsNHhU8lvhgvZ3rJ2','Audio Commentary for Stadium Arcadium - Short Version',1753773,'1','https://p.scdn.co/mp3-preview/e4850985196de2b999bdcb0db432b73c5bd4d599?cid=65f755ce97bd4889b54cfc425aad9390','7xl50xr9NDkd3i2kBbzsNZ');
INSERT INTO Account(username,password,first_name,email) VALUES ('redhotchilipeppers','123','Red Hot Chili Peppers','redhotchilipeppers@gmail.com');
INSERT INTO Artist(id,artistic_name,username) VALUES ('0L8ExT028jH3ddEcZwqJJ5','Red Hot Chili Peppers','redhotchilipeppers');
INSERT INTO Album_Artist(album_id,artist_id) VALUES ('7xl50xr9NDkd3i2kBbzsNZ','0L8ExT028jH3ddEcZwqJJ5');
INSERT INTO Song_Artist(song_id,artist_id) VALUES ('10Nmj3JCNoMeBQ87uw5j8k','0L8ExT028jH3ddEcZwqJJ5');
INSERT INTO Song_Artist(song_id,artist_id) VALUES ('2aibwv5hGXSgw7Yru8IYTO','0L8ExT028jH3ddEcZwqJJ5');
INSERT INTO Song_Artist(song_id,artist_id) VALUES ('3SoDB59Y7dSZLSDBiNJ6o2','0L8ExT028jH3ddEcZwqJJ5');
INSERT INTO Song_Artist(song_id,artist_id) VALUES ('4y84ILALZSa4LyP6H7NVjR','0L8ExT028jH3ddEcZwqJJ5');
INSERT INTO Song_Artist(song_id,artist_id) VALUES ('5f2ZVFERwwh3asebmurZEf','0L8ExT028jH3ddEcZwqJJ5');
INSERT INTO Song_Artist(song_id,artist_id) VALUES ('3gvyksxkLbyKwi0WjCiPXE','0L8ExT028jH3ddEcZwqJJ5');
INSERT INTO Song_Artist(song_id,artist_id) VALUES ('06wTEKL2rSrSaOjFtgG8fj','0L8ExT028jH3ddEcZwqJJ5');
INSERT INTO Song_Artist(song_id,artist_id) VALUES ('5ZISTTuh3YIBtYsCvBKk5w','0L8ExT028jH3ddEcZwqJJ5');
INSERT INTO Song_Artist(song_id,artist_id) VALUES ('0J3ytriezGZ3KCREfHKDOI','0L8ExT028jH3ddEcZwqJJ5');
INSERT INTO Song_Artist(song_id,artist_id) VALUES ('1ylzYcU6FGnuBqqdqqH7QL','0L8ExT028jH3ddEcZwqJJ5');
INSERT INTO Song_Artist(song_id,artist_id) VALUES ('1jrARDhheF2nrDEevG9rmo','0L8ExT028jH3ddEcZwqJJ5');
INSERT INTO Song_Artist(song_id,artist_id) VALUES ('0CZQNI3Evb4Nd8GeU49LFj','0L8ExT028jH3ddEcZwqJJ5');
INSERT INTO Song_Artist(song_id,artist_id) VALUES ('3L2Nyi3T7XabH8EEZFLDdX','0L8ExT028jH3ddEcZwqJJ5');
INSERT INTO Song_Artist(song_id,artist_id) VALUES ('0xAjq4KAQdJvUyCM7fFZ9K','0L8ExT028jH3ddEcZwqJJ5');
INSERT INTO Song_Artist(song_id,artist_id) VALUES ('0GRvnYqlnh7ttq9NS6s3Ta','0L8ExT028jH3ddEcZwqJJ5');
INSERT INTO Song_Artist(song_id,artist_id) VALUES ('0itNMuBHye9fu392b4e9oa','0L8ExT028jH3ddEcZwqJJ5');
INSERT INTO Song_Artist(song_id,artist_id) VALUES ('37kTASujIfZZ27NV7PfIrf','0L8ExT028jH3ddEcZwqJJ5');
INSERT INTO Song_Artist(song_id,artist_id) VALUES ('4vHmY3cg7PWCPE0buO3G6t','0L8ExT028jH3ddEcZwqJJ5');
INSERT INTO Song_Artist(song_id,artist_id) VALUES ('31EJcKUZGaDCm684ByEx0G','0L8ExT028jH3ddEcZwqJJ5');
INSERT INTO Song_Artist(song_id,artist_id) VALUES ('2Y5ngAobMcspRywfmb77k5','0L8ExT028jH3ddEcZwqJJ5');
INSERT INTO Song_Artist(song_id,artist_id) VALUES ('4fYFXbcEDPfl4Yv2Fbwr9Q','0L8ExT028jH3ddEcZwqJJ5');
INSERT INTO Song_Artist(song_id,artist_id) VALUES ('42DSTal38NakfMCu7RuNcv','0L8ExT028jH3ddEcZwqJJ5');
INSERT INTO Song_Artist(song_id,artist_id) VALUES ('5vCK2zLPho1HZ9jTBNzMQ3','0L8ExT028jH3ddEcZwqJJ5');
INSERT INTO Song_Artist(song_id,artist_id) VALUES ('6gTdrud3duWIBg8r2YdjOL','0L8ExT028jH3ddEcZwqJJ5');
INSERT INTO Song_Artist(song_id,artist_id) VALUES ('1JTrNAEJN6HCviUe9xMpAq','0L8ExT028jH3ddEcZwqJJ5');
INSERT INTO Song_Artist(song_id,artist_id) VALUES ('3Or10XF8LCimAlD8k4TmCn','0L8ExT028jH3ddEcZwqJJ5');
INSERT INTO Song_Artist(song_id,artist_id) VALUES ('4gJgHqy4BVCIEcGvx0hGLw','0L8ExT028jH3ddEcZwqJJ5');
INSERT INTO Song_Artist(song_id,artist_id) VALUES ('21YMiAQTystq882x5Sh0R5','0L8ExT028jH3ddEcZwqJJ5');
INSERT INTO Song_Artist(song_id,artist_id) VALUES ('3woCbTsNHhU8lvhgvZ3rJ2','0L8ExT028jH3ddEcZwqJJ5');
INSERT INTO Song_Genre(song_id,genre_id) VALUES ('10Nmj3JCNoMeBQ87uw5j8k', (SELECT id FROM Genre WHERE Genre.name = 'Rock Alternativo'));
INSERT INTO Song_Genre(song_id,genre_id) VALUES ('2aibwv5hGXSgw7Yru8IYTO', (SELECT id FROM Genre WHERE Genre.name = 'Rock Alternativo'));
INSERT INTO Song_Genre(song_id,genre_id) VALUES ('3SoDB59Y7dSZLSDBiNJ6o2', (SELECT id FROM Genre WHERE Genre.name = 'Rock Alternativo'));
INSERT INTO Song_Genre(song_id,genre_id) VALUES ('4y84ILALZSa4LyP6H7NVjR', (SELECT id FROM Genre WHERE Genre.name = 'Rock Alternativo'));
INSERT INTO Song_Genre(song_id,genre_id) VALUES ('5f2ZVFERwwh3asebmurZEf', (SELECT id FROM Genre WHERE Genre.name = 'Rock Alternativo'));
INSERT INTO Song_Genre(song_id,genre_id) VALUES ('3gvyksxkLbyKwi0WjCiPXE', (SELECT id FROM Genre WHERE Genre.name = 'Rock Alternativo'));
INSERT INTO Song_Genre(song_id,genre_id) VALUES ('06wTEKL2rSrSaOjFtgG8fj', (SELECT id FROM Genre WHERE Genre.name = 'Rock Alternativo'));
INSERT INTO Song_Genre(song_id,genre_id) VALUES ('5ZISTTuh3YIBtYsCvBKk5w', (SELECT id FROM Genre WHERE Genre.name = 'Rock Alternativo'));
INSERT INTO Song_Genre(song_id,genre_id) VALUES ('0J3ytriezGZ3KCREfHKDOI', (SELECT id FROM Genre WHERE Genre.name = 'Rock Alternativo'));
INSERT INTO Song_Genre(song_id,genre_id) VALUES ('1ylzYcU6FGnuBqqdqqH7QL', (SELECT id FROM Genre WHERE Genre.name = 'Rock Alternativo'));
INSERT INTO Song_Genre(song_id,genre_id) VALUES ('1jrARDhheF2nrDEevG9rmo', (SELECT id FROM Genre WHERE Genre.name = 'Rock Alternativo'));
INSERT INTO Song_Genre(song_id,genre_id) VALUES ('0CZQNI3Evb4Nd8GeU49LFj', (SELECT id FROM Genre WHERE Genre.name = 'Rock Alternativo'));
INSERT INTO Song_Genre(song_id,genre_id) VALUES ('3L2Nyi3T7XabH8EEZFLDdX', (SELECT id FROM Genre WHERE Genre.name = 'Rock Alternativo'));
INSERT INTO Song_Genre(song_id,genre_id) VALUES ('0xAjq4KAQdJvUyCM7fFZ9K', (SELECT id FROM Genre WHERE Genre.name = 'Rock Alternativo'));
INSERT INTO Song_Genre(song_id,genre_id) VALUES ('0GRvnYqlnh7ttq9NS6s3Ta', (SELECT id FROM Genre WHERE Genre.name = 'Rock Alternativo'));
INSERT INTO Song_Genre(song_id,genre_id) VALUES ('0itNMuBHye9fu392b4e9oa', (SELECT id FROM Genre WHERE Genre.name = 'Rock Alternativo'));
INSERT INTO Song_Genre(song_id,genre_id) VALUES ('37kTASujIfZZ27NV7PfIrf', (SELECT id FROM Genre WHERE Genre.name = 'Rock Alternativo'));
INSERT INTO Song_Genre(song_id,genre_id) VALUES ('4vHmY3cg7PWCPE0buO3G6t', (SELECT id FROM Genre WHERE Genre.name = 'Rock Alternativo'));
INSERT INTO Song_Genre(song_id,genre_id) VALUES ('31EJcKUZGaDCm684ByEx0G', (SELECT id FROM Genre WHERE Genre.name = 'Rock Alternativo'));
INSERT INTO Song_Genre(song_id,genre_id) VALUES ('2Y5ngAobMcspRywfmb77k5', (SELECT id FROM Genre WHERE Genre.name = 'Rock Alternativo'));
INSERT INTO Song_Genre(song_id,genre_id) VALUES ('4fYFXbcEDPfl4Yv2Fbwr9Q', (SELECT id FROM Genre WHERE Genre.name = 'Rock Alternativo'));
INSERT INTO Song_Genre(song_id,genre_id) VALUES ('42DSTal38NakfMCu7RuNcv', (SELECT id FROM Genre WHERE Genre.name = 'Rock Alternativo'));
INSERT INTO Song_Genre(song_id,genre_id) VALUES ('5vCK2zLPho1HZ9jTBNzMQ3', (SELECT id FROM Genre WHERE Genre.name = 'Rock Alternativo'));
INSERT INTO Song_Genre(song_id,genre_id) VALUES ('6gTdrud3duWIBg8r2YdjOL', (SELECT id FROM Genre WHERE Genre.name = 'Rock Alternativo'));
INSERT INTO Song_Genre(song_id,genre_id) VALUES ('1JTrNAEJN6HCviUe9xMpAq', (SELECT id FROM Genre WHERE Genre.name = 'Rock Alternativo'));
INSERT INTO Song_Genre(song_id,genre_id) VALUES ('3Or10XF8LCimAlD8k4TmCn', (SELECT id FROM Genre WHERE Genre.name = 'Rock Alternativo'));
INSERT INTO Song_Genre(song_id,genre_id) VALUES ('4gJgHqy4BVCIEcGvx0hGLw', (SELECT id FROM Genre WHERE Genre.name = 'Rock Alternativo'));
INSERT INTO Song_Genre(song_id,genre_id) VALUES ('21YMiAQTystq882x5Sh0R5', (SELECT id FROM Genre WHERE Genre.name = 'Rock Alternativo'));
INSERT INTO Song_Genre(song_id,genre_id) VALUES ('3woCbTsNHhU8lvhgvZ3rJ2', (SELECT id FROM Genre WHERE Genre.name = 'Rock Alternativo'));

INSERT INTO Album(id,name,preview_url,launch_date) VALUES ('5oH0MFYhMkVmvhWjYumm03','Stoney (Deluxe)','https://i.scdn.co/image/ab67616d0000b2732b6342c296052b7f3658313a','2016-12-09');
INSERT INTO Song(id,name,duration_ms,active,preview_url,album_id) VALUES ('2tRqogWkZYai4sK1982iv0','Broken Whiskey Glass',233813,'1','null','5oH0MFYhMkVmvhWjYumm03');
INSERT INTO Song(id,name,duration_ms,active,preview_url,album_id) VALUES ('6eZJaGs515XMKTMwuTG2mS','Big Lie',207680,'1','null','5oH0MFYhMkVmvhWjYumm03');
INSERT INTO Song(id,name,duration_ms,active,preview_url,album_id) VALUES ('3u52zdokN8DLDJyj9YkkDP','Deja Vu',234213,'1','null','5oH0MFYhMkVmvhWjYumm03');
INSERT INTO Song(id,name,duration_ms,active,preview_url,album_id) VALUES ('65Rpf0AKHEMoAnwqzgBIRg','No Option',179826,'1','null','5oH0MFYhMkVmvhWjYumm03');
INSERT INTO Song(id,name,duration_ms,active,preview_url,album_id) VALUES ('1H630JHLqODWwqPEaXhn9a','Cold',268933,'1','null','5oH0MFYhMkVmvhWjYumm03');
INSERT INTO Song(id,name,duration_ms,active,preview_url,album_id) VALUES ('36OA3hOMG7zcVGLz2lskw8','White Iverson',256533,'1','null','5oH0MFYhMkVmvhWjYumm03');
INSERT INTO Song(id,name,duration_ms,active,preview_url,album_id) VALUES ('4yIB1ij0pS9eiRYtSyB8XE','I Fall Apart',223346,'1','null','5oH0MFYhMkVmvhWjYumm03');
INSERT INTO Song(id,name,duration_ms,active,preview_url,album_id) VALUES ('47begBP3YRuD7eh00Im7L9','Patient',194333,'1','null','5oH0MFYhMkVmvhWjYumm03');
INSERT INTO Song(id,name,duration_ms,active,preview_url,album_id) VALUES ('2rgP2WKh9eDa5boVA4ez4T','Go Flex',179613,'1','null','5oH0MFYhMkVmvhWjYumm03');
INSERT INTO Song(id,name,duration_ms,active,preview_url,album_id) VALUES ('3IEZK5pk3XXd6WsTChAcR8','Feel',197120,'1','null','5oH0MFYhMkVmvhWjYumm03');
INSERT INTO Song(id,name,duration_ms,active,preview_url,album_id) VALUES ('7mF7fA6DsIMAJy9O0TDWV3','Too Young',237146,'1','null','5oH0MFYhMkVmvhWjYumm03');
INSERT INTO Song(id,name,duration_ms,active,preview_url,album_id) VALUES ('7BzNT7knTluY0XGlpG5bxe','Congratulations',220293,'1','null','5oH0MFYhMkVmvhWjYumm03');
INSERT INTO Song(id,name,duration_ms,active,preview_url,album_id) VALUES ('3LDus1ZDkyKaaJvMLmBGdM','Up There',194826,'1','null','5oH0MFYhMkVmvhWjYumm03');
INSERT INTO Song(id,name,duration_ms,active,preview_url,album_id) VALUES ('2vQHywjNpZCBMy6dhVqFkU','Yours Truly, Austin Post',219146,'1','null','5oH0MFYhMkVmvhWjYumm03');
INSERT INTO Song(id,name,duration_ms,active,preview_url,album_id) VALUES ('6ubvDqWOCBQ3Gs89jyFRCI','Leave',324853,'1','null','5oH0MFYhMkVmvhWjYumm03');
INSERT INTO Song(id,name,duration_ms,active,preview_url,album_id) VALUES ('7a2c8KeQi3LhImYQepp4Yg','Hit This Hard',249026,'1','null','5oH0MFYhMkVmvhWjYumm03');
INSERT INTO Song(id,name,duration_ms,active,preview_url,album_id) VALUES ('5bGDb8fjyVuV829GwGaXI6','Money Made Me Do It',224960,'1','null','5oH0MFYhMkVmvhWjYumm03');
INSERT INTO Song(id,name,duration_ms,active,preview_url,album_id) VALUES ('00oy0A1Y3IS8SgP8W8xS30','Feeling Whitney',257266,'1','null','5oH0MFYhMkVmvhWjYumm03');
INSERT INTO Account(username,password,first_name,email) VALUES ('postmalone','123','Post Malone','postmalone@gmail.com');
INSERT INTO Artist(id,artistic_name,username) VALUES ('246dkjvS1zLTtiykXe5h60','Post Malone','postmalone');
INSERT INTO Album_Artist(album_id,artist_id) VALUES ('5oH0MFYhMkVmvhWjYumm03','246dkjvS1zLTtiykXe5h60');
INSERT INTO Song_Artist(song_id,artist_id) VALUES ('2tRqogWkZYai4sK1982iv0','246dkjvS1zLTtiykXe5h60');
INSERT INTO Song_Artist(song_id,artist_id) VALUES ('6eZJaGs515XMKTMwuTG2mS','246dkjvS1zLTtiykXe5h60');
INSERT INTO Song_Artist(song_id,artist_id) VALUES ('3u52zdokN8DLDJyj9YkkDP','246dkjvS1zLTtiykXe5h60');
INSERT INTO Song_Artist(song_id,artist_id) VALUES ('3u52zdokN8DLDJyj9YkkDP','1uNFoZAHBGtllmzznpCI3s');
INSERT INTO Song_Artist(song_id,artist_id) VALUES ('65Rpf0AKHEMoAnwqzgBIRg','246dkjvS1zLTtiykXe5h60');
INSERT INTO Song_Artist(song_id,artist_id) VALUES ('1H630JHLqODWwqPEaXhn9a','246dkjvS1zLTtiykXe5h60');
INSERT INTO Song_Artist(song_id,artist_id) VALUES ('36OA3hOMG7zcVGLz2lskw8','246dkjvS1zLTtiykXe5h60');
INSERT INTO Song_Artist(song_id,artist_id) VALUES ('4yIB1ij0pS9eiRYtSyB8XE','246dkjvS1zLTtiykXe5h60');
INSERT INTO Song_Artist(song_id,artist_id) VALUES ('47begBP3YRuD7eh00Im7L9','246dkjvS1zLTtiykXe5h60');
INSERT INTO Song_Artist(song_id,artist_id) VALUES ('2rgP2WKh9eDa5boVA4ez4T','246dkjvS1zLTtiykXe5h60');
INSERT INTO Song_Artist(song_id,artist_id) VALUES ('3IEZK5pk3XXd6WsTChAcR8','246dkjvS1zLTtiykXe5h60');
INSERT INTO Account(username,password,first_name,email) VALUES ('kehlani','123','Kehlani','kehlani@gmail.com');
INSERT INTO Artist(id,artistic_name,username) VALUES ('0cGUm45nv7Z6M6qdXYQGTX','Kehlani','kehlani');
INSERT INTO Song_Artist(song_id,artist_id) VALUES ('3IEZK5pk3XXd6WsTChAcR8','0cGUm45nv7Z6M6qdXYQGTX');
INSERT INTO Song_Artist(song_id,artist_id) VALUES ('7mF7fA6DsIMAJy9O0TDWV3','246dkjvS1zLTtiykXe5h60');
INSERT INTO Song_Artist(song_id,artist_id) VALUES ('7BzNT7knTluY0XGlpG5bxe','246dkjvS1zLTtiykXe5h60');
INSERT INTO Account(username,password,first_name,email) VALUES ('quavo','123','Quavo','quavo@gmail.com');
INSERT INTO Artist(id,artistic_name,username) VALUES ('0VRj0yCOv2FXJNP47XQnx5','Quavo','quavo');
INSERT INTO Song_Artist(song_id,artist_id) VALUES ('7BzNT7knTluY0XGlpG5bxe','0VRj0yCOv2FXJNP47XQnx5');
INSERT INTO Song_Artist(song_id,artist_id) VALUES ('3LDus1ZDkyKaaJvMLmBGdM','246dkjvS1zLTtiykXe5h60');
INSERT INTO Song_Artist(song_id,artist_id) VALUES ('2vQHywjNpZCBMy6dhVqFkU','246dkjvS1zLTtiykXe5h60');
INSERT INTO Song_Artist(song_id,artist_id) VALUES ('6ubvDqWOCBQ3Gs89jyFRCI','246dkjvS1zLTtiykXe5h60');
INSERT INTO Song_Artist(song_id,artist_id) VALUES ('7a2c8KeQi3LhImYQepp4Yg','246dkjvS1zLTtiykXe5h60');
INSERT INTO Song_Artist(song_id,artist_id) VALUES ('5bGDb8fjyVuV829GwGaXI6','246dkjvS1zLTtiykXe5h60');
INSERT INTO Account(username,password,first_name,email) VALUES ('2chainz','123','2 Chainz','2chainz@gmail.com');
INSERT INTO Artist(id,artistic_name,username) VALUES ('17lzZA2AlOHwCwFALHttmp','2 Chainz','2chainz');
INSERT INTO Song_Artist(song_id,artist_id) VALUES ('5bGDb8fjyVuV829GwGaXI6','17lzZA2AlOHwCwFALHttmp');
INSERT INTO Song_Artist(song_id,artist_id) VALUES ('00oy0A1Y3IS8SgP8W8xS30','246dkjvS1zLTtiykXe5h60');
INSERT INTO Song_Genre(song_id,genre_id) VALUES ('2tRqogWkZYai4sK1982iv0', (SELECT id FROM Genre WHERE Genre.name = 'Hip Hop'));
INSERT INTO Song_Genre(song_id,genre_id) VALUES ('6eZJaGs515XMKTMwuTG2mS', (SELECT id FROM Genre WHERE Genre.name = 'Hip Hop'));
INSERT INTO Song_Genre(song_id,genre_id) VALUES ('3u52zdokN8DLDJyj9YkkDP', (SELECT id FROM Genre WHERE Genre.name = 'Hip Hop'));
INSERT INTO Song_Genre(song_id,genre_id) VALUES ('65Rpf0AKHEMoAnwqzgBIRg', (SELECT id FROM Genre WHERE Genre.name = 'Hip Hop'));
INSERT INTO Song_Genre(song_id,genre_id) VALUES ('1H630JHLqODWwqPEaXhn9a', (SELECT id FROM Genre WHERE Genre.name = 'Hip Hop'));
INSERT INTO Song_Genre(song_id,genre_id) VALUES ('36OA3hOMG7zcVGLz2lskw8', (SELECT id FROM Genre WHERE Genre.name = 'Hip Hop'));
INSERT INTO Song_Genre(song_id,genre_id) VALUES ('4yIB1ij0pS9eiRYtSyB8XE', (SELECT id FROM Genre WHERE Genre.name = 'Hip Hop'));
INSERT INTO Song_Genre(song_id,genre_id) VALUES ('47begBP3YRuD7eh00Im7L9', (SELECT id FROM Genre WHERE Genre.name = 'Hip Hop'));
INSERT INTO Song_Genre(song_id,genre_id) VALUES ('2rgP2WKh9eDa5boVA4ez4T', (SELECT id FROM Genre WHERE Genre.name = 'Hip Hop'));
INSERT INTO Song_Genre(song_id,genre_id) VALUES ('3IEZK5pk3XXd6WsTChAcR8', (SELECT id FROM Genre WHERE Genre.name = 'Hip Hop'));
INSERT INTO Song_Genre(song_id,genre_id) VALUES ('7mF7fA6DsIMAJy9O0TDWV3', (SELECT id FROM Genre WHERE Genre.name = 'Hip Hop'));
INSERT INTO Song_Genre(song_id,genre_id) VALUES ('7BzNT7knTluY0XGlpG5bxe', (SELECT id FROM Genre WHERE Genre.name = 'Hip Hop'));
INSERT INTO Song_Genre(song_id,genre_id) VALUES ('3LDus1ZDkyKaaJvMLmBGdM', (SELECT id FROM Genre WHERE Genre.name = 'Hip Hop'));
INSERT INTO Song_Genre(song_id,genre_id) VALUES ('2vQHywjNpZCBMy6dhVqFkU', (SELECT id FROM Genre WHERE Genre.name = 'Hip Hop'));
INSERT INTO Song_Genre(song_id,genre_id) VALUES ('6ubvDqWOCBQ3Gs89jyFRCI', (SELECT id FROM Genre WHERE Genre.name = 'Hip Hop'));
INSERT INTO Song_Genre(song_id,genre_id) VALUES ('7a2c8KeQi3LhImYQepp4Yg', (SELECT id FROM Genre WHERE Genre.name = 'Hip Hop'));
INSERT INTO Song_Genre(song_id,genre_id) VALUES ('5bGDb8fjyVuV829GwGaXI6', (SELECT id FROM Genre WHERE Genre.name = 'Hip Hop'));
INSERT INTO Song_Genre(song_id,genre_id) VALUES ('00oy0A1Y3IS8SgP8W8xS30', (SELECT id FROM Genre WHERE Genre.name = 'Hip Hop'));

INSERT INTO Album(id,name,preview_url,launch_date) VALUES ('3RPdpabXNb64iiCEVdf94J','Worlds','https://i.scdn.co/image/ab67616d0000b27345d5d9356de312afe2771792','2014-08-08');
INSERT INTO Song(id,name,duration_ms,active,preview_url,album_id) VALUES ('60vkPCkZrYUQLRFK4EQwuA','Divinity',368373,'1','null','3RPdpabXNb64iiCEVdf94J');
INSERT INTO Song(id,name,duration_ms,active,preview_url,album_id) VALUES ('18hTbh3xszreJlzMmi0Kbi','Sad Machine',350690,'1','null','3RPdpabXNb64iiCEVdf94J');
INSERT INTO Song(id,name,duration_ms,active,preview_url,album_id) VALUES ('7LKkZbnbonHlXxLedkGjMv','Years Of War',236053,'1','null','3RPdpabXNb64iiCEVdf94J');
INSERT INTO Song(id,name,duration_ms,active,preview_url,album_id) VALUES ('6svZ9rs70wvsCWacMHgzPM','Flicker',279000,'1','null','3RPdpabXNb64iiCEVdf94J');
INSERT INTO Song(id,name,duration_ms,active,preview_url,album_id) VALUES ('1IzYieZLthiKAsuu3WqhFV','Fresh Static Snow',358760,'1','null','3RPdpabXNb64iiCEVdf94J');
INSERT INTO Song(id,name,duration_ms,active,preview_url,album_id) VALUES ('0sdZhBk6LYQ9wCDfPC8FaK','Polygon Dust',209466,'1','null','3RPdpabXNb64iiCEVdf94J');
INSERT INTO Song(id,name,duration_ms,active,preview_url,album_id) VALUES ('1W7AVHQJRFjDMsEAVESWiT','Hear The Bells',286880,'1','null','3RPdpabXNb64iiCEVdf94J');
INSERT INTO Song(id,name,duration_ms,active,preview_url,album_id) VALUES ('62lbbFO9Rqej51s7Geoxkd','Natural Light',141226,'1','null','3RPdpabXNb64iiCEVdf94J');
INSERT INTO Song(id,name,duration_ms,active,preview_url,album_id) VALUES ('1yEF6KQftCPLUObb4B4KyH','Lionhearted',266106,'1','null','3RPdpabXNb64iiCEVdf94J');
INSERT INTO Song(id,name,duration_ms,active,preview_url,album_id) VALUES ('7lYioyxZZDThE5gXM24rva','Sea Of Voices',298980,'1','null','3RPdpabXNb64iiCEVdf94J');
INSERT INTO Song(id,name,duration_ms,active,preview_url,album_id) VALUES ('6XQPITzyOKEputQ0tLsu7B','Fellow Feeling',350173,'1','null','3RPdpabXNb64iiCEVdf94J');
INSERT INTO Song(id,name,duration_ms,active,preview_url,album_id) VALUES ('3AYrC5Ynyr6LyATBix9uHY','Goodbye To A World',328506,'1','null','3RPdpabXNb64iiCEVdf94J');
INSERT INTO Account(username,password,first_name,email) VALUES ('porterrobinson','123','Porter Robinson','porterrobinson@gmail.com');
INSERT INTO Artist(id,artistic_name,username) VALUES ('3dz0NnIZhtKKeXZxLOxCam','Porter Robinson','porterrobinson');
INSERT INTO Album_Artist(album_id,artist_id) VALUES ('3RPdpabXNb64iiCEVdf94J','3dz0NnIZhtKKeXZxLOxCam');
INSERT INTO Song_Artist(song_id,artist_id) VALUES ('60vkPCkZrYUQLRFK4EQwuA','3dz0NnIZhtKKeXZxLOxCam');
INSERT INTO Account(username,password,first_name,email) VALUES ('amymillan','123','Amy Millan','amymillan@gmail.com');
INSERT INTO Artist(id,artistic_name,username) VALUES ('3lj7jldByrrpUgW5Je8o1p','Amy Millan','amymillan');
INSERT INTO Song_Artist(song_id,artist_id) VALUES ('60vkPCkZrYUQLRFK4EQwuA','3lj7jldByrrpUgW5Je8o1p');
INSERT INTO Song_Artist(song_id,artist_id) VALUES ('18hTbh3xszreJlzMmi0Kbi','3dz0NnIZhtKKeXZxLOxCam');
INSERT INTO Song_Artist(song_id,artist_id) VALUES ('7LKkZbnbonHlXxLedkGjMv','3dz0NnIZhtKKeXZxLOxCam');
INSERT INTO Account(username,password,first_name,email) VALUES ('breannedüren','123','Breanne Düren','breannedüren@gmail.com');
INSERT INTO Artist(id,artistic_name,username) VALUES ('0qN4IkrOJAycUyQsdNUZ3w','Breanne Düren','breannedüren');
INSERT INTO Song_Artist(song_id,artist_id) VALUES ('7LKkZbnbonHlXxLedkGjMv','0qN4IkrOJAycUyQsdNUZ3w');
INSERT INTO Account(username,password,first_name,email) VALUES ('seancaskey','123','Sean Caskey','seancaskey@gmail.com');
INSERT INTO Artist(id,artistic_name,username) VALUES ('6zQ3DdpGgNBLeqQY8Y4bDu','Sean Caskey','seancaskey');
INSERT INTO Song_Artist(song_id,artist_id) VALUES ('7LKkZbnbonHlXxLedkGjMv','6zQ3DdpGgNBLeqQY8Y4bDu');
INSERT INTO Song_Artist(song_id,artist_id) VALUES ('6svZ9rs70wvsCWacMHgzPM','3dz0NnIZhtKKeXZxLOxCam');
INSERT INTO Song_Artist(song_id,artist_id) VALUES ('1IzYieZLthiKAsuu3WqhFV','3dz0NnIZhtKKeXZxLOxCam');
INSERT INTO Song_Artist(song_id,artist_id) VALUES ('0sdZhBk6LYQ9wCDfPC8FaK','3dz0NnIZhtKKeXZxLOxCam');
INSERT INTO Account(username,password,first_name,email) VALUES ('lemaitre','123','Lemaitre','lemaitre@gmail.com');
INSERT INTO Artist(id,artistic_name,username) VALUES ('4CTKqs11Zgsv8EZTVzx764','Lemaitre','lemaitre');
INSERT INTO Song_Artist(song_id,artist_id) VALUES ('0sdZhBk6LYQ9wCDfPC8FaK','4CTKqs11Zgsv8EZTVzx764');
INSERT INTO Song_Artist(song_id,artist_id) VALUES ('1W7AVHQJRFjDMsEAVESWiT','3dz0NnIZhtKKeXZxLOxCam');
INSERT INTO Account(username,password,first_name,email) VALUES ('imaginarycities','123','Imaginary Cities','imaginarycities@gmail.com');
INSERT INTO Artist(id,artistic_name,username) VALUES ('5NLkpkDVhCW6tTuLxVTYEx','Imaginary Cities','imaginarycities');
INSERT INTO Song_Artist(song_id,artist_id) VALUES ('1W7AVHQJRFjDMsEAVESWiT','5NLkpkDVhCW6tTuLxVTYEx');
INSERT INTO Song_Artist(song_id,artist_id) VALUES ('62lbbFO9Rqej51s7Geoxkd','3dz0NnIZhtKKeXZxLOxCam');
INSERT INTO Song_Artist(song_id,artist_id) VALUES ('1yEF6KQftCPLUObb4B4KyH','3dz0NnIZhtKKeXZxLOxCam');
INSERT INTO Account(username,password,first_name,email) VALUES ('urbancone','123','Urban Cone','urbancone@gmail.com');
INSERT INTO Artist(id,artistic_name,username) VALUES ('3WOOglGBDGvr6c2WBeMAWn','Urban Cone','urbancone');
INSERT INTO Song_Artist(song_id,artist_id) VALUES ('1yEF6KQftCPLUObb4B4KyH','3WOOglGBDGvr6c2WBeMAWn');
INSERT INTO Song_Artist(song_id,artist_id) VALUES ('7lYioyxZZDThE5gXM24rva','3dz0NnIZhtKKeXZxLOxCam');
INSERT INTO Song_Artist(song_id,artist_id) VALUES ('6XQPITzyOKEputQ0tLsu7B','3dz0NnIZhtKKeXZxLOxCam');
INSERT INTO Song_Artist(song_id,artist_id) VALUES ('3AYrC5Ynyr6LyATBix9uHY','3dz0NnIZhtKKeXZxLOxCam');
INSERT INTO Genre(name) VALUES ('Synth Pop');
INSERT INTO Genre(name) VALUES ('Chillwave');
INSERT INTO Song_Genre(song_id,genre_id) VALUES ('60vkPCkZrYUQLRFK4EQwuA', (SELECT id FROM Genre WHERE Genre.name = 'Synth Pop'));
INSERT INTO Song_Genre(song_id,genre_id) VALUES ('60vkPCkZrYUQLRFK4EQwuA', (SELECT id FROM Genre WHERE Genre.name = 'Chillwave'));
INSERT INTO Song_Genre(song_id,genre_id) VALUES ('60vkPCkZrYUQLRFK4EQwuA', (SELECT id FROM Genre WHERE Genre.name = 'Electropop'));
INSERT INTO Song_Genre(song_id,genre_id) VALUES ('18hTbh3xszreJlzMmi0Kbi', (SELECT id FROM Genre WHERE Genre.name = 'Synth Pop'));
INSERT INTO Song_Genre(song_id,genre_id) VALUES ('18hTbh3xszreJlzMmi0Kbi', (SELECT id FROM Genre WHERE Genre.name = 'Chillwave'));
INSERT INTO Song_Genre(song_id,genre_id) VALUES ('18hTbh3xszreJlzMmi0Kbi', (SELECT id FROM Genre WHERE Genre.name = 'Electropop'));
INSERT INTO Song_Genre(song_id,genre_id) VALUES ('7LKkZbnbonHlXxLedkGjMv', (SELECT id FROM Genre WHERE Genre.name = 'Synth Pop'));
INSERT INTO Song_Genre(song_id,genre_id) VALUES ('7LKkZbnbonHlXxLedkGjMv', (SELECT id FROM Genre WHERE Genre.name = 'Chillwave'));
INSERT INTO Song_Genre(song_id,genre_id) VALUES ('7LKkZbnbonHlXxLedkGjMv', (SELECT id FROM Genre WHERE Genre.name = 'Electropop'));
INSERT INTO Song_Genre(song_id,genre_id) VALUES ('6svZ9rs70wvsCWacMHgzPM', (SELECT id FROM Genre WHERE Genre.name = 'Synth Pop'));
INSERT INTO Song_Genre(song_id,genre_id) VALUES ('6svZ9rs70wvsCWacMHgzPM', (SELECT id FROM Genre WHERE Genre.name = 'Chillwave'));
INSERT INTO Song_Genre(song_id,genre_id) VALUES ('6svZ9rs70wvsCWacMHgzPM', (SELECT id FROM Genre WHERE Genre.name = 'Electropop'));
INSERT INTO Song_Genre(song_id,genre_id) VALUES ('1IzYieZLthiKAsuu3WqhFV', (SELECT id FROM Genre WHERE Genre.name = 'Synth Pop'));
INSERT INTO Song_Genre(song_id,genre_id) VALUES ('1IzYieZLthiKAsuu3WqhFV', (SELECT id FROM Genre WHERE Genre.name = 'Chillwave'));
INSERT INTO Song_Genre(song_id,genre_id) VALUES ('1IzYieZLthiKAsuu3WqhFV', (SELECT id FROM Genre WHERE Genre.name = 'Electropop'));
INSERT INTO Song_Genre(song_id,genre_id) VALUES ('0sdZhBk6LYQ9wCDfPC8FaK', (SELECT id FROM Genre WHERE Genre.name = 'Synth Pop'));
INSERT INTO Song_Genre(song_id,genre_id) VALUES ('0sdZhBk6LYQ9wCDfPC8FaK', (SELECT id FROM Genre WHERE Genre.name = 'Chillwave'));
INSERT INTO Song_Genre(song_id,genre_id) VALUES ('0sdZhBk6LYQ9wCDfPC8FaK', (SELECT id FROM Genre WHERE Genre.name = 'Electropop'));
INSERT INTO Song_Genre(song_id,genre_id) VALUES ('1W7AVHQJRFjDMsEAVESWiT', (SELECT id FROM Genre WHERE Genre.name = 'Synth Pop'));
INSERT INTO Song_Genre(song_id,genre_id) VALUES ('1W7AVHQJRFjDMsEAVESWiT', (SELECT id FROM Genre WHERE Genre.name = 'Chillwave'));
INSERT INTO Song_Genre(song_id,genre_id) VALUES ('1W7AVHQJRFjDMsEAVESWiT', (SELECT id FROM Genre WHERE Genre.name = 'Electropop'));
INSERT INTO Song_Genre(song_id,genre_id) VALUES ('62lbbFO9Rqej51s7Geoxkd', (SELECT id FROM Genre WHERE Genre.name = 'Synth Pop'));
INSERT INTO Song_Genre(song_id,genre_id) VALUES ('62lbbFO9Rqej51s7Geoxkd', (SELECT id FROM Genre WHERE Genre.name = 'Chillwave'));
INSERT INTO Song_Genre(song_id,genre_id) VALUES ('62lbbFO9Rqej51s7Geoxkd', (SELECT id FROM Genre WHERE Genre.name = 'Electropop'));
INSERT INTO Song_Genre(song_id,genre_id) VALUES ('1yEF6KQftCPLUObb4B4KyH', (SELECT id FROM Genre WHERE Genre.name = 'Synth Pop'));
INSERT INTO Song_Genre(song_id,genre_id) VALUES ('1yEF6KQftCPLUObb4B4KyH', (SELECT id FROM Genre WHERE Genre.name = 'Chillwave'));
INSERT INTO Song_Genre(song_id,genre_id) VALUES ('1yEF6KQftCPLUObb4B4KyH', (SELECT id FROM Genre WHERE Genre.name = 'Electropop'));
INSERT INTO Song_Genre(song_id,genre_id) VALUES ('7lYioyxZZDThE5gXM24rva', (SELECT id FROM Genre WHERE Genre.name = 'Synth Pop'));
INSERT INTO Song_Genre(song_id,genre_id) VALUES ('7lYioyxZZDThE5gXM24rva', (SELECT id FROM Genre WHERE Genre.name = 'Chillwave'));
INSERT INTO Song_Genre(song_id,genre_id) VALUES ('7lYioyxZZDThE5gXM24rva', (SELECT id FROM Genre WHERE Genre.name = 'Electropop'));
INSERT INTO Song_Genre(song_id,genre_id) VALUES ('6XQPITzyOKEputQ0tLsu7B', (SELECT id FROM Genre WHERE Genre.name = 'Synth Pop'));
INSERT INTO Song_Genre(song_id,genre_id) VALUES ('6XQPITzyOKEputQ0tLsu7B', (SELECT id FROM Genre WHERE Genre.name = 'Chillwave'));
INSERT INTO Song_Genre(song_id,genre_id) VALUES ('6XQPITzyOKEputQ0tLsu7B', (SELECT id FROM Genre WHERE Genre.name = 'Electropop'));
INSERT INTO Song_Genre(song_id,genre_id) VALUES ('3AYrC5Ynyr6LyATBix9uHY', (SELECT id FROM Genre WHERE Genre.name = 'Synth Pop'));
INSERT INTO Song_Genre(song_id,genre_id) VALUES ('3AYrC5Ynyr6LyATBix9uHY', (SELECT id FROM Genre WHERE Genre.name = 'Chillwave'));
INSERT INTO Song_Genre(song_id,genre_id) VALUES ('3AYrC5Ynyr6LyATBix9uHY', (SELECT id FROM Genre WHERE Genre.name = 'Electropop'));

INSERT INTO Album(id,name,preview_url,launch_date) VALUES ('3PWi31ROMcAnMbs9ijWQ30','Ser Feliz','https://i.scdn.co/image/ab67616d0000b2737e91c55d27f147343a9475d8','2021-05-21');
INSERT INTO Song(id,name,duration_ms,active,preview_url,album_id) VALUES ('1cP7EwWCp4B4juu238p2QM','Rico Rico',270247,'1','https://p.scdn.co/mp3-preview/8c651416f1f11f741c0fe434aeb5a844dc82e7b5?cid=65f755ce97bd4889b54cfc425aad9390','3PWi31ROMcAnMbs9ijWQ30');
INSERT INTO Song(id,name,duration_ms,active,preview_url,album_id) VALUES ('4ZjzGrlimDUqB69d6xYC56','Ser Feliz',289525,'1','https://p.scdn.co/mp3-preview/1c78912e8a52f0967753478e4d17f0c1ef958b10?cid=65f755ce97bd4889b54cfc425aad9390','3PWi31ROMcAnMbs9ijWQ30');
INSERT INTO Song(id,name,duration_ms,active,preview_url,album_id) VALUES ('4qmKdm0B6hByJuYJjopeSY','Guajira Enamora',242942,'1','https://p.scdn.co/mp3-preview/6c9bf2ae6f8e90a3934385d4360dd0d5dd388596?cid=65f755ce97bd4889b54cfc425aad9390','3PWi31ROMcAnMbs9ijWQ30');
INSERT INTO Song(id,name,duration_ms,active,preview_url,album_id) VALUES ('7iKunHmtAKscvpehPvYvsS','La Balanza',260750,'1','https://p.scdn.co/mp3-preview/787e5beec0c1829fe265210ad53bdc3450a5732d?cid=65f755ce97bd4889b54cfc425aad9390','3PWi31ROMcAnMbs9ijWQ30');
INSERT INTO Song(id,name,duration_ms,active,preview_url,album_id) VALUES ('6nWRQN4q17nag8GQ6K2TeH','Es Demasiado Tarde',281807,'1','https://p.scdn.co/mp3-preview/f6409da16057b5db81cdd654ed89f05df57073fe?cid=65f755ce97bd4889b54cfc425aad9390','3PWi31ROMcAnMbs9ijWQ30');
INSERT INTO Song(id,name,duration_ms,active,preview_url,album_id) VALUES ('011XPMlYKrUjVcgzAnZcVA','Aparécete',297659,'1','https://p.scdn.co/mp3-preview/50ecab1582c8b6c1718ea00dc9c9cf47e52662d8?cid=65f755ce97bd4889b54cfc425aad9390','3PWi31ROMcAnMbs9ijWQ30');
INSERT INTO Song(id,name,duration_ms,active,preview_url,album_id) VALUES ('1LnlgDZwKNndb4AuasooN8','Si Pudieras Amarme',271182,'1','https://p.scdn.co/mp3-preview/73c7c35348f61c428e9b81bf367499e34e479c0b?cid=65f755ce97bd4889b54cfc425aad9390','3PWi31ROMcAnMbs9ijWQ30');
INSERT INTO Song(id,name,duration_ms,active,preview_url,album_id) VALUES ('2nSrPADHcEoAANkCmLBgcQ','Oblígame',280127,'1','https://p.scdn.co/mp3-preview/5dbd553d53b8786d093f8045b0a043702c48ad34?cid=65f755ce97bd4889b54cfc425aad9390','3PWi31ROMcAnMbs9ijWQ30');
INSERT INTO Song(id,name,duration_ms,active,preview_url,album_id) VALUES ('6nDEIvktODOcYosTTA00HH','No Necesito Tus Besos',275533,'1','https://p.scdn.co/mp3-preview/a80035289cf415f27b5277a508ea0cb8f72e41ed?cid=65f755ce97bd4889b54cfc425aad9390','3PWi31ROMcAnMbs9ijWQ30');
INSERT INTO Song(id,name,duration_ms,active,preview_url,album_id) VALUES ('6bsBLa88lQULuHgGBByYkj','No Te Enamores de Mí',286626,'1','https://p.scdn.co/mp3-preview/3a907b14894d4f51f46c900f916190ed3b16a91c?cid=65f755ce97bd4889b54cfc425aad9390','3PWi31ROMcAnMbs9ijWQ30');
INSERT INTO Song(id,name,duration_ms,active,preview_url,album_id) VALUES ('4ibKswsANRhBBUkqXV0nCs','Perú, Amor a Primera Vista',304693,'1','https://p.scdn.co/mp3-preview/935d7d2e259b909061e8da8b31dfa7ba82ccb357?cid=65f755ce97bd4889b54cfc425aad9390','3PWi31ROMcAnMbs9ijWQ30');
INSERT INTO Song(id,name,duration_ms,active,preview_url,album_id) VALUES ('7sdQ8ARU7u34DmfUYg1K76','Te Engañas',270538,'1','https://p.scdn.co/mp3-preview/83f92d1f37e521c0f94aeefddc54465f2363f933?cid=65f755ce97bd4889b54cfc425aad9390','3PWi31ROMcAnMbs9ijWQ30');
INSERT INTO Song(id,name,duration_ms,active,preview_url,album_id) VALUES ('6HZlLzeU4UHo1LKYQy13X1','Sólamente Tú',225346,'1','https://p.scdn.co/mp3-preview/e2ab715c27e93268c1ed0d39dc537a15a907e305?cid=65f755ce97bd4889b54cfc425aad9390','3PWi31ROMcAnMbs9ijWQ30');
INSERT INTO Account(username,password,first_name,email) VALUES ('septetoacarey','123','Septeto Acarey','septetoacarey@gmail.com');
INSERT INTO Artist(id,artistic_name,username) VALUES ('5Vz74ibGHBQaUa2ALDOH0v','Septeto Acarey','septetoacarey');
INSERT INTO Album_Artist(album_id,artist_id) VALUES ('3PWi31ROMcAnMbs9ijWQ30','5Vz74ibGHBQaUa2ALDOH0v');
INSERT INTO Song_Artist(song_id,artist_id) VALUES ('1cP7EwWCp4B4juu238p2QM','5Vz74ibGHBQaUa2ALDOH0v');
INSERT INTO Song_Artist(song_id,artist_id) VALUES ('4ZjzGrlimDUqB69d6xYC56','5Vz74ibGHBQaUa2ALDOH0v');
INSERT INTO Account(username,password,first_name,email) VALUES ('aymeenuviola','123','Aymee Nuviola','aymeenuviola@gmail.com');
INSERT INTO Artist(id,artistic_name,username) VALUES ('7caiLUNvOLW4Hs2Cb78JeY','Aymee Nuviola','aymeenuviola');
INSERT INTO Song_Artist(song_id,artist_id) VALUES ('4ZjzGrlimDUqB69d6xYC56','7caiLUNvOLW4Hs2Cb78JeY');
INSERT INTO Song_Artist(song_id,artist_id) VALUES ('4qmKdm0B6hByJuYJjopeSY','5Vz74ibGHBQaUa2ALDOH0v');
INSERT INTO Account(username,password,first_name,email) VALUES ('albita','123','Albita','albita@gmail.com');
INSERT INTO Artist(id,artistic_name,username) VALUES ('4BFJdlcCGjmEEnDaUNdB4a','Albita','albita');
INSERT INTO Song_Artist(song_id,artist_id) VALUES ('4qmKdm0B6hByJuYJjopeSY','4BFJdlcCGjmEEnDaUNdB4a');
INSERT INTO Account(username,password,first_name,email) VALUES ('arturosandoval','123','Arturo Sandoval','arturosandoval@gmail.com');
INSERT INTO Artist(id,artistic_name,username) VALUES ('0MGQZNEMaEICyku3cSDrnJ','Arturo Sandoval','arturosandoval');
INSERT INTO Song_Artist(song_id,artist_id) VALUES ('4qmKdm0B6hByJuYJjopeSY','0MGQZNEMaEICyku3cSDrnJ');
INSERT INTO Account(username,password,first_name,email) VALUES ('ernestodmarquez','123','Ernesto D'' Marquez','ernestodmarquez@gmail.com');
INSERT INTO Artist(id,artistic_name,username) VALUES ('2jfc3DUV0XbpaOkQmWqvOY','Ernesto D'' Marquez','ernestodmarquez');
INSERT INTO Song_Artist(song_id,artist_id) VALUES ('4qmKdm0B6hByJuYJjopeSY','2jfc3DUV0XbpaOkQmWqvOY');
INSERT INTO Account(username,password,first_name,email) VALUES ('juniorpacora','123','Junior Pacora','juniorpacora@gmail.com');
INSERT INTO Artist(id,artistic_name,username) VALUES ('1Bv9XraQjS6aqD3M9w606Z','Junior Pacora','juniorpacora');
INSERT INTO Song_Artist(song_id,artist_id) VALUES ('4qmKdm0B6hByJuYJjopeSY','1Bv9XraQjS6aqD3M9w606Z');
INSERT INTO Song_Artist(song_id,artist_id) VALUES ('7iKunHmtAKscvpehPvYvsS','5Vz74ibGHBQaUa2ALDOH0v');
INSERT INTO Account(username,password,first_name,email) VALUES ('danieladarcourt','123','Daniela Darcourt','danieladarcourt@gmail.com');
INSERT INTO Artist(id,artistic_name,username) VALUES ('4exGY59juoSimpcH1NiuaR','Daniela Darcourt','danieladarcourt');
INSERT INTO Song_Artist(song_id,artist_id) VALUES ('7iKunHmtAKscvpehPvYvsS','4exGY59juoSimpcH1NiuaR');
INSERT INTO Song_Artist(song_id,artist_id) VALUES ('6nWRQN4q17nag8GQ6K2TeH','5Vz74ibGHBQaUa2ALDOH0v');
INSERT INTO Account(username,password,first_name,email) VALUES ('leonitorres','123','Leoni Torres','leonitorres@gmail.com');
INSERT INTO Artist(id,artistic_name,username) VALUES ('1XXUv8GRyRqOXVuDwB5QaS','Leoni Torres','leonitorres');
INSERT INTO Song_Artist(song_id,artist_id) VALUES ('6nWRQN4q17nag8GQ6K2TeH','1XXUv8GRyRqOXVuDwB5QaS');
INSERT INTO Song_Artist(song_id,artist_id) VALUES ('011XPMlYKrUjVcgzAnZcVA','5Vz74ibGHBQaUa2ALDOH0v');
INSERT INTO Account(username,password,first_name,email) VALUES ('orquestabembe','123','Orquesta Bembe','orquestabembe@gmail.com');
INSERT INTO Artist(id,artistic_name,username) VALUES ('1ZT5VmLianv95FuCNJK2Ak','Orquesta Bembe','orquestabembe');
INSERT INTO Song_Artist(song_id,artist_id) VALUES ('011XPMlYKrUjVcgzAnZcVA','1ZT5VmLianv95FuCNJK2Ak');
INSERT INTO Song_Artist(song_id,artist_id) VALUES ('1LnlgDZwKNndb4AuasooN8','5Vz74ibGHBQaUa2ALDOH0v');
INSERT INTO Song_Artist(song_id,artist_id) VALUES ('2nSrPADHcEoAANkCmLBgcQ','5Vz74ibGHBQaUa2ALDOH0v');
INSERT INTO Song_Artist(song_id,artist_id) VALUES ('6nDEIvktODOcYosTTA00HH','5Vz74ibGHBQaUa2ALDOH0v');
INSERT INTO Song_Artist(song_id,artist_id) VALUES ('6bsBLa88lQULuHgGBByYkj','5Vz74ibGHBQaUa2ALDOH0v');
INSERT INTO Song_Artist(song_id,artist_id) VALUES ('4ibKswsANRhBBUkqXV0nCs','5Vz74ibGHBQaUa2ALDOH0v');
INSERT INTO Song_Artist(song_id,artist_id) VALUES ('4ibKswsANRhBBUkqXV0nCs','4exGY59juoSimpcH1NiuaR');
INSERT INTO Song_Artist(song_id,artist_id) VALUES ('4ibKswsANRhBBUkqXV0nCs','1ZT5VmLianv95FuCNJK2Ak');
INSERT INTO Account(username,password,first_name,email) VALUES ('amygutierrez','123','Amy Gutierrez','amygutierrez@gmail.com');
INSERT INTO Artist(id,artistic_name,username) VALUES ('1jrfEx1kZc8BNPLQDC7kVR','Amy Gutierrez','amygutierrez');
INSERT INTO Song_Artist(song_id,artist_id) VALUES ('4ibKswsANRhBBUkqXV0nCs','1jrfEx1kZc8BNPLQDC7kVR');
INSERT INTO Account(username,password,first_name,email) VALUES ('yousalsa','123','You Salsa','yousalsa@gmail.com');
INSERT INTO Artist(id,artistic_name,username) VALUES ('4kYoLs6okVQkRPGtrzMgcU','You Salsa','yousalsa');
INSERT INTO Song_Artist(song_id,artist_id) VALUES ('4ibKswsANRhBBUkqXV0nCs','4kYoLs6okVQkRPGtrzMgcU');
INSERT INTO Account(username,password,first_name,email) VALUES ('combinaciondelahabana','123','Combinacion De La Habana','combinaciondelahabana@gmail.com');
INSERT INTO Artist(id,artistic_name,username) VALUES ('3hfczsQRbhO3io1UwQFM1y','Combinacion De La Habana','combinaciondelahabana');
INSERT INTO Song_Artist(song_id,artist_id) VALUES ('4ibKswsANRhBBUkqXV0nCs','3hfczsQRbhO3io1UwQFM1y');
INSERT INTO Account(username,password,first_name,email) VALUES ('cielotorres','123','Cielo Torres','cielotorres@gmail.com');
INSERT INTO Artist(id,artistic_name,username) VALUES ('7AqX9JGo4WdLp5gPNSRoDJ','Cielo Torres','cielotorres');
INSERT INTO Song_Artist(song_id,artist_id) VALUES ('4ibKswsANRhBBUkqXV0nCs','7AqX9JGo4WdLp5gPNSRoDJ');
INSERT INTO Account(username,password,first_name,email) VALUES ('katecandela','123','Kate Candela','katecandela@gmail.com');
INSERT INTO Artist(id,artistic_name,username) VALUES ('20MItJsTq6XRJ3drVZLp3W','Kate Candela','katecandela');
INSERT INTO Song_Artist(song_id,artist_id) VALUES ('4ibKswsANRhBBUkqXV0nCs','20MItJsTq6XRJ3drVZLp3W');
INSERT INTO Account(username,password,first_name,email) VALUES ('alvarorod','123','Alvaro Rod','alvarorod@gmail.com');
INSERT INTO Artist(id,artistic_name,username) VALUES ('5UjFDinYOVndyri7JqzcAP','Alvaro Rod','alvarorod');
INSERT INTO Song_Artist(song_id,artist_id) VALUES ('4ibKswsANRhBBUkqXV0nCs','5UjFDinYOVndyri7JqzcAP');
INSERT INTO Account(username,password,first_name,email) VALUES ('farikgrippa','123','Farik Grippa','farikgrippa@gmail.com');
INSERT INTO Artist(id,artistic_name,username) VALUES ('3nSBy6aUpzXFeuhZO66kVh','Farik Grippa','farikgrippa');
INSERT INTO Song_Artist(song_id,artist_id) VALUES ('4ibKswsANRhBBUkqXV0nCs','3nSBy6aUpzXFeuhZO66kVh');
INSERT INTO Account(username,password,first_name,email) VALUES ('césarvega','123','César Vega','césarvega@gmail.com');
INSERT INTO Artist(id,artistic_name,username) VALUES ('3qBuLbtqEm7MlNmYR8nD09','César Vega','césarvega');
INSERT INTO Song_Artist(song_id,artist_id) VALUES ('4ibKswsANRhBBUkqXV0nCs','3qBuLbtqEm7MlNmYR8nD09');
INSERT INTO Account(username,password,first_name,email) VALUES ('titomanrique','123','Tito Manrique','titomanrique@gmail.com');
INSERT INTO Artist(id,artistic_name,username) VALUES ('56LbAFckKkkGAm6sntgun0','Tito Manrique','titomanrique');
INSERT INTO Song_Artist(song_id,artist_id) VALUES ('4ibKswsANRhBBUkqXV0nCs','56LbAFckKkkGAm6sntgun0');
INSERT INTO Account(username,password,first_name,email) VALUES ('tonysuccar','123','Tony Succar','tonysuccar@gmail.com');
INSERT INTO Artist(id,artistic_name,username) VALUES ('17S2mEKDY4xHBWCy9kAPzk','Tony Succar','tonysuccar');
INSERT INTO Song_Artist(song_id,artist_id) VALUES ('4ibKswsANRhBBUkqXV0nCs','17S2mEKDY4xHBWCy9kAPzk');
INSERT INTO Account(username,password,first_name,email) VALUES ('sontentacion','123','Son Tentacion','sontentacion@gmail.com');
INSERT INTO Artist(id,artistic_name,username) VALUES ('1KDHOxKG7fC0sp3HE8VfEi','Son Tentacion','sontentacion');
INSERT INTO Song_Artist(song_id,artist_id) VALUES ('4ibKswsANRhBBUkqXV0nCs','1KDHOxKG7fC0sp3HE8VfEi');
INSERT INTO Account(username,password,first_name,email) VALUES ('arturomiranda','123','Arturo Miranda','arturomiranda@gmail.com');
INSERT INTO Artist(id,artistic_name,username) VALUES ('1s7RAzuwO7kPVjOPcpQ5kz','Arturo Miranda','arturomiranda');
INSERT INTO Song_Artist(song_id,artist_id) VALUES ('4ibKswsANRhBBUkqXV0nCs','1s7RAzuwO7kPVjOPcpQ5kz');
INSERT INTO Account(username,password,first_name,email) VALUES ('raybg','123','Ray Bg','raybg@gmail.com');
INSERT INTO Artist(id,artistic_name,username) VALUES ('07JFQm0dmZn8sPJaqAOwNF','Ray Bg','raybg');
INSERT INTO Song_Artist(song_id,artist_id) VALUES ('4ibKswsANRhBBUkqXV0nCs','07JFQm0dmZn8sPJaqAOwNF');
INSERT INTO Song_Artist(song_id,artist_id) VALUES ('7sdQ8ARU7u34DmfUYg1K76','5Vz74ibGHBQaUa2ALDOH0v');
INSERT INTO Song_Artist(song_id,artist_id) VALUES ('6HZlLzeU4UHo1LKYQy13X1','5Vz74ibGHBQaUa2ALDOH0v');
INSERT INTO Genre(name) VALUES ('Salsa');
INSERT INTO Song_Genre(song_id,genre_id) VALUES ('1cP7EwWCp4B4juu238p2QM', (SELECT id FROM Genre WHERE Genre.name = 'Salsa'));
INSERT INTO Song_Genre(song_id,genre_id) VALUES ('4ZjzGrlimDUqB69d6xYC56', (SELECT id FROM Genre WHERE Genre.name = 'Salsa'));
INSERT INTO Song_Genre(song_id,genre_id) VALUES ('4qmKdm0B6hByJuYJjopeSY', (SELECT id FROM Genre WHERE Genre.name = 'Salsa'));
INSERT INTO Song_Genre(song_id,genre_id) VALUES ('7iKunHmtAKscvpehPvYvsS', (SELECT id FROM Genre WHERE Genre.name = 'Salsa'));
INSERT INTO Song_Genre(song_id,genre_id) VALUES ('6nWRQN4q17nag8GQ6K2TeH', (SELECT id FROM Genre WHERE Genre.name = 'Salsa'));
INSERT INTO Song_Genre(song_id,genre_id) VALUES ('011XPMlYKrUjVcgzAnZcVA', (SELECT id FROM Genre WHERE Genre.name = 'Salsa'));
INSERT INTO Song_Genre(song_id,genre_id) VALUES ('1LnlgDZwKNndb4AuasooN8', (SELECT id FROM Genre WHERE Genre.name = 'Salsa'));
INSERT INTO Song_Genre(song_id,genre_id) VALUES ('2nSrPADHcEoAANkCmLBgcQ', (SELECT id FROM Genre WHERE Genre.name = 'Salsa'));
INSERT INTO Song_Genre(song_id,genre_id) VALUES ('6nDEIvktODOcYosTTA00HH', (SELECT id FROM Genre WHERE Genre.name = 'Salsa'));
INSERT INTO Song_Genre(song_id,genre_id) VALUES ('6bsBLa88lQULuHgGBByYkj', (SELECT id FROM Genre WHERE Genre.name = 'Salsa'));
INSERT INTO Song_Genre(song_id,genre_id) VALUES ('4ibKswsANRhBBUkqXV0nCs', (SELECT id FROM Genre WHERE Genre.name = 'Salsa'));
INSERT INTO Song_Genre(song_id,genre_id) VALUES ('7sdQ8ARU7u34DmfUYg1K76', (SELECT id FROM Genre WHERE Genre.name = 'Salsa'));
INSERT INTO Song_Genre(song_id,genre_id) VALUES ('6HZlLzeU4UHo1LKYQy13X1', (SELECT id FROM Genre WHERE Genre.name = 'Salsa'));

INSERT INTO Album(id,name,preview_url,launch_date) VALUES ('6dfdmMDGw988CzNEFdnIcY','Life Rolls On','https://i.scdn.co/image/ab67616d0000b27396886c18aa65dbbdba9cb598','2021-02-12');
INSERT INTO Song(id,name,duration_ms,active,preview_url,album_id) VALUES ('0YfRAYTNTNszGg8VARrSIH','Long Live',153253,'1','https://p.scdn.co/mp3-preview/c600ff393de0dcf4512f29b1871c1af5653ffc2d?cid=65f755ce97bd4889b54cfc425aad9390','6dfdmMDGw988CzNEFdnIcY');
INSERT INTO Song(id,name,duration_ms,active,preview_url,album_id) VALUES ('1zhq0tJrBuL5zWNTfcMeeO','Life Looks Good',167973,'1','https://p.scdn.co/mp3-preview/d05d5a72b755ef07c97cd411f489e748e418b040?cid=65f755ce97bd4889b54cfc425aad9390','6dfdmMDGw988CzNEFdnIcY');
INSERT INTO Song(id,name,duration_ms,active,preview_url,album_id) VALUES ('0wCo8u7J1JGZV8yezcU37d','Countryside',200666,'1','https://p.scdn.co/mp3-preview/e78678a3ce5fde42ab729685031ae77fa101b0fd?cid=65f755ce97bd4889b54cfc425aad9390','6dfdmMDGw988CzNEFdnIcY');
INSERT INTO Song(id,name,duration_ms,active,preview_url,album_id) VALUES ('5wTt43UbS3HmDvzAJ7Yax3','Always Gonna Love You',177026,'1','https://p.scdn.co/mp3-preview/71d425ac3553e3397ee8a4c5e784943ca1d13a11?cid=65f755ce97bd4889b54cfc425aad9390','6dfdmMDGw988CzNEFdnIcY');
INSERT INTO Song(id,name,duration_ms,active,preview_url,album_id) VALUES ('0clSHsrHl2irBkObcLEZqS','I Love My Country',185466,'1','https://p.scdn.co/mp3-preview/8354913425d3fa0a702c3d186d970a31a3fd4481?cid=65f755ce97bd4889b54cfc425aad9390','6dfdmMDGw988CzNEFdnIcY');
INSERT INTO Song(id,name,duration_ms,active,preview_url,album_id) VALUES ('0ToJ66fjWIjBqfV5N2u77b','Hard To Get To Heaven',191533,'1','https://p.scdn.co/mp3-preview/fa35a3481d39966419bf8ac68ca3dc4bb27aa997?cid=65f755ce97bd4889b54cfc425aad9390','6dfdmMDGw988CzNEFdnIcY');
INSERT INTO Song(id,name,duration_ms,active,preview_url,album_id) VALUES ('5xMxyWRoe37nUlHDk72cSW','Long Time Comin''',194773,'1','https://p.scdn.co/mp3-preview/cbbb588eeaf58975e64eb020427e73c138c3c514?cid=65f755ce97bd4889b54cfc425aad9390','6dfdmMDGw988CzNEFdnIcY');
INSERT INTO Song(id,name,duration_ms,active,preview_url,album_id) VALUES ('3krbCfc0gF9e21XejJEqTL','Interlude',26105,'1','https://p.scdn.co/mp3-preview/1db2daa40149b72afd85f0e1882079afa624a38e?cid=65f755ce97bd4889b54cfc425aad9390','6dfdmMDGw988CzNEFdnIcY');
INSERT INTO Song(id,name,duration_ms,active,preview_url,album_id) VALUES ('0HenRzmdVXsfqLeZ7fpj8K','Ain’t Worried Bout It',151974,'1','https://p.scdn.co/mp3-preview/c6a9d6b6392cedaf2cc3830474cf7b607eaca11f?cid=65f755ce97bd4889b54cfc425aad9390','6dfdmMDGw988CzNEFdnIcY');
INSERT INTO Song(id,name,duration_ms,active,preview_url,album_id) VALUES ('494HXkHwJnDo683EjYSBYL','Beer:30',139053,'1','https://p.scdn.co/mp3-preview/f4d8567f793422f2942bf7fe13fe824f704b4cb4?cid=65f755ce97bd4889b54cfc425aad9390','6dfdmMDGw988CzNEFdnIcY');
INSERT INTO Song(id,name,duration_ms,active,preview_url,album_id) VALUES ('3rPkYKoR924QmwcmaYjyfo','New Truck',142373,'1','https://p.scdn.co/mp3-preview/2368188215e8674f9c0993ffdac7c0eeb99d45f5?cid=65f755ce97bd4889b54cfc425aad9390','6dfdmMDGw988CzNEFdnIcY');
INSERT INTO Song(id,name,duration_ms,active,preview_url,album_id) VALUES ('4CX5pwaH90gF0AqeXZ8zbb','Eyes Closed',149626,'1','https://p.scdn.co/mp3-preview/f39c63cd0f815cf4bab61ff3787fec80b1103cfc?cid=65f755ce97bd4889b54cfc425aad9390','6dfdmMDGw988CzNEFdnIcY');
INSERT INTO Song(id,name,duration_ms,active,preview_url,album_id) VALUES ('08IV5RiD02METcqtfzDeqj','Second Guessing - From Songland',187000,'1','https://p.scdn.co/mp3-preview/af9c2c477b685d2d08ee0b8aedda399db2ce6d39?cid=65f755ce97bd4889b54cfc425aad9390','6dfdmMDGw988CzNEFdnIcY');
INSERT INTO Song(id,name,duration_ms,active,preview_url,album_id) VALUES ('3W73VhY6b5CBKpQ4vucXup','Good To Me',169826,'1','https://p.scdn.co/mp3-preview/0a0ba8c9890c15c91d268b2f070fe8e13b1c683b?cid=65f755ce97bd4889b54cfc425aad9390','6dfdmMDGw988CzNEFdnIcY');
INSERT INTO Song(id,name,duration_ms,active,preview_url,album_id) VALUES ('2C9oTUXi4CgeTGvaHSOwpZ','U.S. Stronger',183840,'1','https://p.scdn.co/mp3-preview/b71b4c00045583924820cb6254bbd0bcc96861f1?cid=65f755ce97bd4889b54cfc425aad9390','6dfdmMDGw988CzNEFdnIcY');
INSERT INTO Song(id,name,duration_ms,active,preview_url,album_id) VALUES ('0nTXElyiOEN60Z22Pyu9tt','Life Rolls On',201066,'1','https://p.scdn.co/mp3-preview/1513df830db0e097531b0b95e056196d24c8820f?cid=65f755ce97bd4889b54cfc425aad9390','6dfdmMDGw988CzNEFdnIcY');
INSERT INTO Account(username,password,first_name,email) VALUES ('floridageorgialine','123','Florida Georgia Line','floridageorgialine@gmail.com');
INSERT INTO Artist(id,artistic_name,username) VALUES ('3b8QkneNDz4JHKKKlLgYZg','Florida Georgia Line','floridageorgialine');
INSERT INTO Album_Artist(album_id,artist_id) VALUES ('6dfdmMDGw988CzNEFdnIcY','3b8QkneNDz4JHKKKlLgYZg');
INSERT INTO Song_Artist(song_id,artist_id) VALUES ('0YfRAYTNTNszGg8VARrSIH','3b8QkneNDz4JHKKKlLgYZg');
INSERT INTO Song_Artist(song_id,artist_id) VALUES ('1zhq0tJrBuL5zWNTfcMeeO','3b8QkneNDz4JHKKKlLgYZg');
INSERT INTO Song_Artist(song_id,artist_id) VALUES ('0wCo8u7J1JGZV8yezcU37d','3b8QkneNDz4JHKKKlLgYZg');
INSERT INTO Song_Artist(song_id,artist_id) VALUES ('5wTt43UbS3HmDvzAJ7Yax3','3b8QkneNDz4JHKKKlLgYZg');
INSERT INTO Song_Artist(song_id,artist_id) VALUES ('0clSHsrHl2irBkObcLEZqS','3b8QkneNDz4JHKKKlLgYZg');
INSERT INTO Song_Artist(song_id,artist_id) VALUES ('0ToJ66fjWIjBqfV5N2u77b','3b8QkneNDz4JHKKKlLgYZg');
INSERT INTO Song_Artist(song_id,artist_id) VALUES ('5xMxyWRoe37nUlHDk72cSW','3b8QkneNDz4JHKKKlLgYZg');
INSERT INTO Song_Artist(song_id,artist_id) VALUES ('3krbCfc0gF9e21XejJEqTL','3b8QkneNDz4JHKKKlLgYZg');
INSERT INTO Song_Artist(song_id,artist_id) VALUES ('0HenRzmdVXsfqLeZ7fpj8K','3b8QkneNDz4JHKKKlLgYZg');
INSERT INTO Song_Artist(song_id,artist_id) VALUES ('494HXkHwJnDo683EjYSBYL','3b8QkneNDz4JHKKKlLgYZg');
INSERT INTO Song_Artist(song_id,artist_id) VALUES ('3rPkYKoR924QmwcmaYjyfo','3b8QkneNDz4JHKKKlLgYZg');
INSERT INTO Song_Artist(song_id,artist_id) VALUES ('4CX5pwaH90gF0AqeXZ8zbb','3b8QkneNDz4JHKKKlLgYZg');
INSERT INTO Song_Artist(song_id,artist_id) VALUES ('08IV5RiD02METcqtfzDeqj','3b8QkneNDz4JHKKKlLgYZg');
INSERT INTO Song_Artist(song_id,artist_id) VALUES ('3W73VhY6b5CBKpQ4vucXup','3b8QkneNDz4JHKKKlLgYZg');
INSERT INTO Song_Artist(song_id,artist_id) VALUES ('2C9oTUXi4CgeTGvaHSOwpZ','3b8QkneNDz4JHKKKlLgYZg');
INSERT INTO Song_Artist(song_id,artist_id) VALUES ('0nTXElyiOEN60Z22Pyu9tt','3b8QkneNDz4JHKKKlLgYZg');
INSERT INTO Genre(name) VALUES ('Country');
INSERT INTO Song_Genre(song_id,genre_id) VALUES ('0YfRAYTNTNszGg8VARrSIH', (SELECT id FROM Genre WHERE Genre.name = 'Country'));
INSERT INTO Song_Genre(song_id,genre_id) VALUES ('1zhq0tJrBuL5zWNTfcMeeO', (SELECT id FROM Genre WHERE Genre.name = 'Country'));
INSERT INTO Song_Genre(song_id,genre_id) VALUES ('0wCo8u7J1JGZV8yezcU37d', (SELECT id FROM Genre WHERE Genre.name = 'Country'));
INSERT INTO Song_Genre(song_id,genre_id) VALUES ('5wTt43UbS3HmDvzAJ7Yax3', (SELECT id FROM Genre WHERE Genre.name = 'Country'));
INSERT INTO Song_Genre(song_id,genre_id) VALUES ('0clSHsrHl2irBkObcLEZqS', (SELECT id FROM Genre WHERE Genre.name = 'Country'));
INSERT INTO Song_Genre(song_id,genre_id) VALUES ('0ToJ66fjWIjBqfV5N2u77b', (SELECT id FROM Genre WHERE Genre.name = 'Country'));
INSERT INTO Song_Genre(song_id,genre_id) VALUES ('5xMxyWRoe37nUlHDk72cSW', (SELECT id FROM Genre WHERE Genre.name = 'Country'));
INSERT INTO Song_Genre(song_id,genre_id) VALUES ('3krbCfc0gF9e21XejJEqTL', (SELECT id FROM Genre WHERE Genre.name = 'Country'));
INSERT INTO Song_Genre(song_id,genre_id) VALUES ('0HenRzmdVXsfqLeZ7fpj8K', (SELECT id FROM Genre WHERE Genre.name = 'Country'));
INSERT INTO Song_Genre(song_id,genre_id) VALUES ('494HXkHwJnDo683EjYSBYL', (SELECT id FROM Genre WHERE Genre.name = 'Country'));
INSERT INTO Song_Genre(song_id,genre_id) VALUES ('3rPkYKoR924QmwcmaYjyfo', (SELECT id FROM Genre WHERE Genre.name = 'Country'));
INSERT INTO Song_Genre(song_id,genre_id) VALUES ('4CX5pwaH90gF0AqeXZ8zbb', (SELECT id FROM Genre WHERE Genre.name = 'Country'));
INSERT INTO Song_Genre(song_id,genre_id) VALUES ('08IV5RiD02METcqtfzDeqj', (SELECT id FROM Genre WHERE Genre.name = 'Country'));
INSERT INTO Song_Genre(song_id,genre_id) VALUES ('3W73VhY6b5CBKpQ4vucXup', (SELECT id FROM Genre WHERE Genre.name = 'Country'));
INSERT INTO Song_Genre(song_id,genre_id) VALUES ('2C9oTUXi4CgeTGvaHSOwpZ', (SELECT id FROM Genre WHERE Genre.name = 'Country'));
INSERT INTO Song_Genre(song_id,genre_id) VALUES ('0nTXElyiOEN60Z22Pyu9tt', (SELECT id FROM Genre WHERE Genre.name = 'Country'));

INSERT INTO Album(id,name,preview_url,launch_date) VALUES ('2qehskW9lYGWfYb0xPZkrS','BE','https://i.scdn.co/image/ab67616d0000b2733deb4b0115410a85afe31c29','2020-11-20');
INSERT INTO Song(id,name,duration_ms,active,preview_url,album_id) VALUES ('249gnXrbfmV8NG6jTEMSwD','Life Goes On',207481,'1','https://p.scdn.co/mp3-preview/9dc29ff47cbdda2d3c5a66b3fabf9c7420f62950?cid=65f755ce97bd4889b54cfc425aad9390','2qehskW9lYGWfYb0xPZkrS');
INSERT INTO Song(id,name,duration_ms,active,preview_url,album_id) VALUES ('3QH8rQGNFX8VLbCgZ7uPTS','Fly To My Room',222242,'1','https://p.scdn.co/mp3-preview/178a7c05e3f026a21d2ba6ffce794d3809a1619c?cid=65f755ce97bd4889b54cfc425aad9390','2qehskW9lYGWfYb0xPZkrS');
INSERT INTO Song(id,name,duration_ms,active,preview_url,album_id) VALUES ('0n2moJpAEWHwaPYYjkzMDl','Blue & Grey',254950,'1','https://p.scdn.co/mp3-preview/2a9059469af841645ac22da0a4e644ed18fe6a04?cid=65f755ce97bd4889b54cfc425aad9390','2qehskW9lYGWfYb0xPZkrS');
INSERT INTO Song(id,name,duration_ms,active,preview_url,album_id) VALUES ('4GVwjLRT7oSsKby7Vy8EHr','Skit',179547,'1','https://p.scdn.co/mp3-preview/3c9162790df928c29c3c9cfb69fb1115f160082a?cid=65f755ce97bd4889b54cfc425aad9390','2qehskW9lYGWfYb0xPZkrS');
INSERT INTO Song(id,name,duration_ms,active,preview_url,album_id) VALUES ('2FVpOsjT1iquZ3SpCjZ9Ne','Telepathy',202313,'1','https://p.scdn.co/mp3-preview/e057af6f770b0a7a5b50a8152194db8e7b538282?cid=65f755ce97bd4889b54cfc425aad9390','2qehskW9lYGWfYb0xPZkrS');
INSERT INTO Song(id,name,duration_ms,active,preview_url,album_id) VALUES ('54DmTIv86D3sYdiawjULQ0','Dis-ease',239722,'1','https://p.scdn.co/mp3-preview/0ceaed1d6b96fc04e513d10f05d1c736caf70b3f?cid=65f755ce97bd4889b54cfc425aad9390','2qehskW9lYGWfYb0xPZkrS');
INSERT INTO Song(id,name,duration_ms,active,preview_url,album_id) VALUES ('3ndCsZfq8OVwwkz9mmZvUz','Stay',204800,'1','https://p.scdn.co/mp3-preview/abcbd31b7da5f4eec72ca1248ef4108677c252ef?cid=65f755ce97bd4889b54cfc425aad9390','2qehskW9lYGWfYb0xPZkrS');
INSERT INTO Song(id,name,duration_ms,active,preview_url,album_id) VALUES ('4saklk6nie3yiGePpBwUoc','Dynamite',199053,'1','https://p.scdn.co/mp3-preview/a707728846c105f4d8552b8546c30b121bf517f0?cid=65f755ce97bd4889b54cfc425aad9390','2qehskW9lYGWfYb0xPZkrS');
INSERT INTO Account(username,password,first_name,email) VALUES ('bts','123','BTS','bts@gmail.com');
INSERT INTO Artist(id,artistic_name,username) VALUES ('3Nrfpe0tUJi4K4DXYWgMUX','BTS','bts');
INSERT INTO Album_Artist(album_id,artist_id) VALUES ('2qehskW9lYGWfYb0xPZkrS','3Nrfpe0tUJi4K4DXYWgMUX');
INSERT INTO Song_Artist(song_id,artist_id) VALUES ('249gnXrbfmV8NG6jTEMSwD','3Nrfpe0tUJi4K4DXYWgMUX');
INSERT INTO Song_Artist(song_id,artist_id) VALUES ('3QH8rQGNFX8VLbCgZ7uPTS','3Nrfpe0tUJi4K4DXYWgMUX');
INSERT INTO Song_Artist(song_id,artist_id) VALUES ('0n2moJpAEWHwaPYYjkzMDl','3Nrfpe0tUJi4K4DXYWgMUX');
INSERT INTO Song_Artist(song_id,artist_id) VALUES ('4GVwjLRT7oSsKby7Vy8EHr','3Nrfpe0tUJi4K4DXYWgMUX');
INSERT INTO Song_Artist(song_id,artist_id) VALUES ('2FVpOsjT1iquZ3SpCjZ9Ne','3Nrfpe0tUJi4K4DXYWgMUX');
INSERT INTO Song_Artist(song_id,artist_id) VALUES ('54DmTIv86D3sYdiawjULQ0','3Nrfpe0tUJi4K4DXYWgMUX');
INSERT INTO Song_Artist(song_id,artist_id) VALUES ('3ndCsZfq8OVwwkz9mmZvUz','3Nrfpe0tUJi4K4DXYWgMUX');
INSERT INTO Song_Artist(song_id,artist_id) VALUES ('4saklk6nie3yiGePpBwUoc','3Nrfpe0tUJi4K4DXYWgMUX');
INSERT INTO Genre(name) VALUES ('K-Pop');
INSERT INTO Song_Genre(song_id,genre_id) VALUES ('249gnXrbfmV8NG6jTEMSwD', (SELECT id FROM Genre WHERE Genre.name = 'K-Pop'));
INSERT INTO Song_Genre(song_id,genre_id) VALUES ('3QH8rQGNFX8VLbCgZ7uPTS', (SELECT id FROM Genre WHERE Genre.name = 'K-Pop'));
INSERT INTO Song_Genre(song_id,genre_id) VALUES ('0n2moJpAEWHwaPYYjkzMDl', (SELECT id FROM Genre WHERE Genre.name = 'K-Pop'));
INSERT INTO Song_Genre(song_id,genre_id) VALUES ('4GVwjLRT7oSsKby7Vy8EHr', (SELECT id FROM Genre WHERE Genre.name = 'K-Pop'));
INSERT INTO Song_Genre(song_id,genre_id) VALUES ('2FVpOsjT1iquZ3SpCjZ9Ne', (SELECT id FROM Genre WHERE Genre.name = 'K-Pop'));
INSERT INTO Song_Genre(song_id,genre_id) VALUES ('54DmTIv86D3sYdiawjULQ0', (SELECT id FROM Genre WHERE Genre.name = 'K-Pop'));
INSERT INTO Song_Genre(song_id,genre_id) VALUES ('3ndCsZfq8OVwwkz9mmZvUz', (SELECT id FROM Genre WHERE Genre.name = 'K-Pop'));
INSERT INTO Song_Genre(song_id,genre_id) VALUES ('4saklk6nie3yiGePpBwUoc', (SELECT id FROM Genre WHERE Genre.name = 'K-Pop'));

INSERT INTO Album(id,name,preview_url,launch_date) VALUES ('6EZ4ZARjmbOF8M9yRzxMxE','Officium','https://i.scdn.co/image/ab67616d0000b2735d584ff8b11e730555e302af','1994-09-01');
INSERT INTO Song(id,name,duration_ms,active,preview_url,album_id) VALUES ('46tPGzCXCI2oKsemztDA9u','Parce Mihi Domine',402493,'1','https://p.scdn.co/mp3-preview/d03aea133dc39c6f831c5d9b310a70ccc41270e6?cid=65f755ce97bd4889b54cfc425aad9390','6EZ4ZARjmbOF8M9yRzxMxE');
INSERT INTO Song(id,name,duration_ms,active,preview_url,album_id) VALUES ('0ClMTTWNQrE1xXvuPuGJTc','Primo tempore',483600,'1','https://p.scdn.co/mp3-preview/115a9447b340af2b1bfac8bf05e5291de575ca5d?cid=65f755ce97bd4889b54cfc425aad9390','6EZ4ZARjmbOF8M9yRzxMxE');
INSERT INTO Song(id,name,duration_ms,active,preview_url,album_id) VALUES ('67FKklaBbK5vRgjYEfRMGN','Sanctus',284573,'1','https://p.scdn.co/mp3-preview/4d501b3b0623a026e11c8136f7b61e6b1353cd4d?cid=65f755ce97bd4889b54cfc425aad9390','6EZ4ZARjmbOF8M9yRzxMxE');
INSERT INTO Song(id,name,duration_ms,active,preview_url,album_id) VALUES ('411arAWnCRhqjKMXoQzIhs','Regnantem sempiterna',336000,'1','https://p.scdn.co/mp3-preview/e0da67e3cfef547691aca3ebe7dfbb810a9e1c54?cid=65f755ce97bd4889b54cfc425aad9390','6EZ4ZARjmbOF8M9yRzxMxE');
INSERT INTO Song(id,name,duration_ms,active,preview_url,album_id) VALUES ('52CBFQR6IYgddVLAaj0eDs','O salutaris hostia',274533,'1','https://p.scdn.co/mp3-preview/f7fc4581ee54a2d72de3efec20fbd3b96aa206d2?cid=65f755ce97bd4889b54cfc425aad9390','6EZ4ZARjmbOF8M9yRzxMxE');
INSERT INTO Song(id,name,duration_ms,active,preview_url,album_id) VALUES ('0TSPGMdvwwOlCjojlYhnVW','Procedentem sponsum',170133,'1','https://p.scdn.co/mp3-preview/20c14f662c71e52f09dd52935722ae08b96239ed?cid=65f755ce97bd4889b54cfc425aad9390','6EZ4ZARjmbOF8M9yRzxMxE');
INSERT INTO Song(id,name,duration_ms,active,preview_url,album_id) VALUES ('19arYk2AibJziZHFYzBcQ9','Pulcherrima rosa',415693,'1','https://p.scdn.co/mp3-preview/5592b47d48804d997e2ea677b77dd4e3813d877f?cid=65f755ce97bd4889b54cfc425aad9390','6EZ4ZARjmbOF8M9yRzxMxE');
INSERT INTO Song(id,name,duration_ms,active,preview_url,album_id) VALUES ('39QaGUDKtwV7evGFm8lqcX','Parce Mihi Domine - Var. 1',335800,'1','https://p.scdn.co/mp3-preview/0d0f433203e3ae3a4ac1fa813ffb403295460f60?cid=65f755ce97bd4889b54cfc425aad9390','6EZ4ZARjmbOF8M9yRzxMxE');
INSERT INTO Song(id,name,duration_ms,active,preview_url,album_id) VALUES ('4trqkzXtqHdI2aJzhqRrWc','Beata viscera',394000,'1','https://p.scdn.co/mp3-preview/15eaa13f15ba835833f98602ea4bd1a2515a52ce?cid=65f755ce97bd4889b54cfc425aad9390','6EZ4ZARjmbOF8M9yRzxMxE');
INSERT INTO Song(id,name,duration_ms,active,preview_url,album_id) VALUES ('2EFDeNb9sL5l62HJoLSMco','De spineto nata rosa',150840,'1','https://p.scdn.co/mp3-preview/a28b6bb92d2141265a0e36bf7422f94a2fc08516?cid=65f755ce97bd4889b54cfc425aad9390','6EZ4ZARjmbOF8M9yRzxMxE');
INSERT INTO Song(id,name,duration_ms,active,preview_url,album_id) VALUES ('0vdjkt0WvcuivWHvQvm3ny','Credo',126800,'1','https://p.scdn.co/mp3-preview/3802fff61f485af35b9d2e64324466f12b4a4099?cid=65f755ce97bd4889b54cfc425aad9390','6EZ4ZARjmbOF8M9yRzxMxE');
INSERT INTO Song(id,name,duration_ms,active,preview_url,album_id) VALUES ('5taUYCH7zck4zd80b8mE42','Ave maris stella',254226,'1','https://p.scdn.co/mp3-preview/5271b9f8e4941894b3e51d2bd5f0e125f99ce399?cid=65f755ce97bd4889b54cfc425aad9390','6EZ4ZARjmbOF8M9yRzxMxE');
INSERT INTO Song(id,name,duration_ms,active,preview_url,album_id) VALUES ('72MkGAFSxcG1XVa9j35AJB','Virgo flagellatur',319733,'1','https://p.scdn.co/mp3-preview/7c356e17f7ec5cf2a5db0465efab0998539594a8?cid=65f755ce97bd4889b54cfc425aad9390','6EZ4ZARjmbOF8M9yRzxMxE');
INSERT INTO Song(id,name,duration_ms,active,preview_url,album_id) VALUES ('6ouXPoTKHd6bBCZX9pCvvK','Oratio Ieremiae',300933,'1','https://p.scdn.co/mp3-preview/e4f03b48ed775dc1084743d0754ebf04281cbdc2?cid=65f755ce97bd4889b54cfc425aad9390','6EZ4ZARjmbOF8M9yRzxMxE');
INSERT INTO Song(id,name,duration_ms,active,preview_url,album_id) VALUES ('2Q3vf5dN3rWvSDjU55HglR','Parce Mihi Domine - Var. 2',412600,'1','https://p.scdn.co/mp3-preview/478065c255633aed810c87c7eea88a49f009bf3c?cid=65f755ce97bd4889b54cfc425aad9390','6EZ4ZARjmbOF8M9yRzxMxE');
INSERT INTO Account(username,password,first_name,email) VALUES ('jangarbarek','123','Jan Garbarek','jangarbarek@gmail.com');
INSERT INTO Artist(id,artistic_name,username) VALUES ('7MEyCD4G0Zl6kmikEAZsym','Jan Garbarek','jangarbarek');
INSERT INTO Account(username,password,first_name,email) VALUES ('thehilliardensemble','123','The Hilliard Ensemble','thehilliardensemble@gmail.com');
INSERT INTO Artist(id,artistic_name,username) VALUES ('0L8W3JzyTX29RLKZgc3bqS','The Hilliard Ensemble','thehilliardensemble');
INSERT INTO Album_Artist(album_id,artist_id) VALUES ('6EZ4ZARjmbOF8M9yRzxMxE','7MEyCD4G0Zl6kmikEAZsym');
INSERT INTO Album_Artist(album_id,artist_id) VALUES ('6EZ4ZARjmbOF8M9yRzxMxE','0L8W3JzyTX29RLKZgc3bqS');
INSERT INTO Song_Artist(song_id,artist_id) VALUES ('46tPGzCXCI2oKsemztDA9u','7MEyCD4G0Zl6kmikEAZsym');
INSERT INTO Account(username,password,first_name,email) VALUES ('cristobaldemorales','123','Cristobal de Morales','cristobaldemorales@gmail.com');
INSERT INTO Artist(id,artistic_name,username) VALUES ('18oieUOKaB87vkVcV6GX89','Cristobal de Morales','cristobaldemorales');
INSERT INTO Song_Artist(song_id,artist_id) VALUES ('46tPGzCXCI2oKsemztDA9u','18oieUOKaB87vkVcV6GX89');
INSERT INTO Song_Artist(song_id,artist_id) VALUES ('46tPGzCXCI2oKsemztDA9u','0L8W3JzyTX29RLKZgc3bqS');
INSERT INTO Account(username,password,first_name,email) VALUES ('anonymous','123','Anonymous','anonymous@gmail.com');
INSERT INTO Artist(id,artistic_name,username) VALUES ('4kCZ5nyurc9eIqLJfUcW0Y','Anonymous','anonymous');
INSERT INTO Song_Artist(song_id,artist_id) VALUES ('0ClMTTWNQrE1xXvuPuGJTc','4kCZ5nyurc9eIqLJfUcW0Y');
INSERT INTO Song_Artist(song_id,artist_id) VALUES ('0ClMTTWNQrE1xXvuPuGJTc','7MEyCD4G0Zl6kmikEAZsym');
INSERT INTO Song_Artist(song_id,artist_id) VALUES ('0ClMTTWNQrE1xXvuPuGJTc','0L8W3JzyTX29RLKZgc3bqS');
INSERT INTO Song_Artist(song_id,artist_id) VALUES ('67FKklaBbK5vRgjYEfRMGN','4kCZ5nyurc9eIqLJfUcW0Y');
INSERT INTO Song_Artist(song_id,artist_id) VALUES ('67FKklaBbK5vRgjYEfRMGN','7MEyCD4G0Zl6kmikEAZsym');
INSERT INTO Song_Artist(song_id,artist_id) VALUES ('67FKklaBbK5vRgjYEfRMGN','0L8W3JzyTX29RLKZgc3bqS');
INSERT INTO Song_Artist(song_id,artist_id) VALUES ('411arAWnCRhqjKMXoQzIhs','4kCZ5nyurc9eIqLJfUcW0Y');
INSERT INTO Song_Artist(song_id,artist_id) VALUES ('411arAWnCRhqjKMXoQzIhs','7MEyCD4G0Zl6kmikEAZsym');
INSERT INTO Song_Artist(song_id,artist_id) VALUES ('411arAWnCRhqjKMXoQzIhs','0L8W3JzyTX29RLKZgc3bqS');
INSERT INTO Song_Artist(song_id,artist_id) VALUES ('52CBFQR6IYgddVLAaj0eDs','7MEyCD4G0Zl6kmikEAZsym');
INSERT INTO Account(username,password,first_name,email) VALUES ('pierredelarue','123','Pierre de la Rue','pierredelarue@gmail.com');
INSERT INTO Artist(id,artistic_name,username) VALUES ('1vGyX3JUgCfVuPDOqlUA6m','Pierre de la Rue','pierredelarue');
INSERT INTO Song_Artist(song_id,artist_id) VALUES ('52CBFQR6IYgddVLAaj0eDs','1vGyX3JUgCfVuPDOqlUA6m');
INSERT INTO Song_Artist(song_id,artist_id) VALUES ('52CBFQR6IYgddVLAaj0eDs','0L8W3JzyTX29RLKZgc3bqS');
INSERT INTO Song_Artist(song_id,artist_id) VALUES ('0TSPGMdvwwOlCjojlYhnVW','4kCZ5nyurc9eIqLJfUcW0Y');
INSERT INTO Song_Artist(song_id,artist_id) VALUES ('0TSPGMdvwwOlCjojlYhnVW','7MEyCD4G0Zl6kmikEAZsym');
INSERT INTO Song_Artist(song_id,artist_id) VALUES ('0TSPGMdvwwOlCjojlYhnVW','0L8W3JzyTX29RLKZgc3bqS');
INSERT INTO Song_Artist(song_id,artist_id) VALUES ('19arYk2AibJziZHFYzBcQ9','4kCZ5nyurc9eIqLJfUcW0Y');
INSERT INTO Song_Artist(song_id,artist_id) VALUES ('19arYk2AibJziZHFYzBcQ9','7MEyCD4G0Zl6kmikEAZsym');
INSERT INTO Song_Artist(song_id,artist_id) VALUES ('19arYk2AibJziZHFYzBcQ9','0L8W3JzyTX29RLKZgc3bqS');
INSERT INTO Song_Artist(song_id,artist_id) VALUES ('39QaGUDKtwV7evGFm8lqcX','7MEyCD4G0Zl6kmikEAZsym');
INSERT INTO Song_Artist(song_id,artist_id) VALUES ('39QaGUDKtwV7evGFm8lqcX','18oieUOKaB87vkVcV6GX89');
INSERT INTO Song_Artist(song_id,artist_id) VALUES ('39QaGUDKtwV7evGFm8lqcX','0L8W3JzyTX29RLKZgc3bqS');
INSERT INTO Song_Artist(song_id,artist_id) VALUES ('4trqkzXtqHdI2aJzhqRrWc','7MEyCD4G0Zl6kmikEAZsym');
INSERT INTO Account(username,password,first_name,email) VALUES ('pérotin','123','Pérotin','pérotin@gmail.com');
INSERT INTO Artist(id,artistic_name,username) VALUES ('2xeXoF8arRZILlw5MKR2f2','Pérotin','pérotin');
INSERT INTO Song_Artist(song_id,artist_id) VALUES ('4trqkzXtqHdI2aJzhqRrWc','2xeXoF8arRZILlw5MKR2f2');
INSERT INTO Song_Artist(song_id,artist_id) VALUES ('4trqkzXtqHdI2aJzhqRrWc','0L8W3JzyTX29RLKZgc3bqS');
INSERT INTO Song_Artist(song_id,artist_id) VALUES ('2EFDeNb9sL5l62HJoLSMco','4kCZ5nyurc9eIqLJfUcW0Y');
INSERT INTO Song_Artist(song_id,artist_id) VALUES ('2EFDeNb9sL5l62HJoLSMco','7MEyCD4G0Zl6kmikEAZsym');
INSERT INTO Song_Artist(song_id,artist_id) VALUES ('2EFDeNb9sL5l62HJoLSMco','0L8W3JzyTX29RLKZgc3bqS');
INSERT INTO Song_Artist(song_id,artist_id) VALUES ('0vdjkt0WvcuivWHvQvm3ny','4kCZ5nyurc9eIqLJfUcW0Y');
INSERT INTO Song_Artist(song_id,artist_id) VALUES ('0vdjkt0WvcuivWHvQvm3ny','7MEyCD4G0Zl6kmikEAZsym');
INSERT INTO Song_Artist(song_id,artist_id) VALUES ('0vdjkt0WvcuivWHvQvm3ny','0L8W3JzyTX29RLKZgc3bqS');
INSERT INTO Song_Artist(song_id,artist_id) VALUES ('5taUYCH7zck4zd80b8mE42','7MEyCD4G0Zl6kmikEAZsym');
INSERT INTO Account(username,password,first_name,email) VALUES ('guillaumedufay','123','Guillaume Dufay','guillaumedufay@gmail.com');
INSERT INTO Artist(id,artistic_name,username) VALUES ('0kLNgrvMXHTm4yWGrfMuLc','Guillaume Dufay','guillaumedufay');
INSERT INTO Song_Artist(song_id,artist_id) VALUES ('5taUYCH7zck4zd80b8mE42','0kLNgrvMXHTm4yWGrfMuLc');
INSERT INTO Song_Artist(song_id,artist_id) VALUES ('5taUYCH7zck4zd80b8mE42','0L8W3JzyTX29RLKZgc3bqS');
INSERT INTO Song_Artist(song_id,artist_id) VALUES ('72MkGAFSxcG1XVa9j35AJB','4kCZ5nyurc9eIqLJfUcW0Y');
INSERT INTO Song_Artist(song_id,artist_id) VALUES ('72MkGAFSxcG1XVa9j35AJB','7MEyCD4G0Zl6kmikEAZsym');
INSERT INTO Song_Artist(song_id,artist_id) VALUES ('72MkGAFSxcG1XVa9j35AJB','0L8W3JzyTX29RLKZgc3bqS');
INSERT INTO Song_Artist(song_id,artist_id) VALUES ('6ouXPoTKHd6bBCZX9pCvvK','4kCZ5nyurc9eIqLJfUcW0Y');
INSERT INTO Song_Artist(song_id,artist_id) VALUES ('6ouXPoTKHd6bBCZX9pCvvK','7MEyCD4G0Zl6kmikEAZsym');
INSERT INTO Song_Artist(song_id,artist_id) VALUES ('6ouXPoTKHd6bBCZX9pCvvK','0L8W3JzyTX29RLKZgc3bqS');
INSERT INTO Song_Artist(song_id,artist_id) VALUES ('2Q3vf5dN3rWvSDjU55HglR','7MEyCD4G0Zl6kmikEAZsym');
INSERT INTO Song_Artist(song_id,artist_id) VALUES ('2Q3vf5dN3rWvSDjU55HglR','18oieUOKaB87vkVcV6GX89');
INSERT INTO Song_Artist(song_id,artist_id) VALUES ('2Q3vf5dN3rWvSDjU55HglR','0L8W3JzyTX29RLKZgc3bqS');
INSERT INTO Genre(name) VALUES ('Clásica');
INSERT INTO Song_Genre(song_id,genre_id) VALUES ('46tPGzCXCI2oKsemztDA9u', (SELECT id FROM Genre WHERE Genre.name = 'Clásica'));
INSERT INTO Song_Genre(song_id,genre_id) VALUES ('0ClMTTWNQrE1xXvuPuGJTc', (SELECT id FROM Genre WHERE Genre.name = 'Clásica'));
INSERT INTO Song_Genre(song_id,genre_id) VALUES ('67FKklaBbK5vRgjYEfRMGN', (SELECT id FROM Genre WHERE Genre.name = 'Clásica'));
INSERT INTO Song_Genre(song_id,genre_id) VALUES ('411arAWnCRhqjKMXoQzIhs', (SELECT id FROM Genre WHERE Genre.name = 'Clásica'));
INSERT INTO Song_Genre(song_id,genre_id) VALUES ('52CBFQR6IYgddVLAaj0eDs', (SELECT id FROM Genre WHERE Genre.name = 'Clásica'));
INSERT INTO Song_Genre(song_id,genre_id) VALUES ('0TSPGMdvwwOlCjojlYhnVW', (SELECT id FROM Genre WHERE Genre.name = 'Clásica'));
INSERT INTO Song_Genre(song_id,genre_id) VALUES ('19arYk2AibJziZHFYzBcQ9', (SELECT id FROM Genre WHERE Genre.name = 'Clásica'));
INSERT INTO Song_Genre(song_id,genre_id) VALUES ('39QaGUDKtwV7evGFm8lqcX', (SELECT id FROM Genre WHERE Genre.name = 'Clásica'));
INSERT INTO Song_Genre(song_id,genre_id) VALUES ('4trqkzXtqHdI2aJzhqRrWc', (SELECT id FROM Genre WHERE Genre.name = 'Clásica'));
INSERT INTO Song_Genre(song_id,genre_id) VALUES ('2EFDeNb9sL5l62HJoLSMco', (SELECT id FROM Genre WHERE Genre.name = 'Clásica'));
INSERT INTO Song_Genre(song_id,genre_id) VALUES ('0vdjkt0WvcuivWHvQvm3ny', (SELECT id FROM Genre WHERE Genre.name = 'Clásica'));
INSERT INTO Song_Genre(song_id,genre_id) VALUES ('5taUYCH7zck4zd80b8mE42', (SELECT id FROM Genre WHERE Genre.name = 'Clásica'));
INSERT INTO Song_Genre(song_id,genre_id) VALUES ('72MkGAFSxcG1XVa9j35AJB', (SELECT id FROM Genre WHERE Genre.name = 'Clásica'));
INSERT INTO Song_Genre(song_id,genre_id) VALUES ('6ouXPoTKHd6bBCZX9pCvvK', (SELECT id FROM Genre WHERE Genre.name = 'Clásica'));
INSERT INTO Song_Genre(song_id,genre_id) VALUES ('2Q3vf5dN3rWvSDjU55HglR', (SELECT id FROM Genre WHERE Genre.name = 'Clásica'));

INSERT INTO Album(id,name,preview_url,launch_date) VALUES ('3yqcj5G3zkeXuWIx6cjQgx','Entren Los Que Quieran','https://i.scdn.co/image/ab67616d0000b27316c24c88236c87c148bb4329','2010-11-19');
INSERT INTO Song(id,name,duration_ms,active,preview_url,album_id) VALUES ('3ffHNDPlP9k1ZTuEJsxBm5','Intro',198360,'1','https://p.scdn.co/mp3-preview/b2ec40832a9581cf4ef0ebdeb89e478a061b9471?cid=65f755ce97bd4889b54cfc425aad9390','3yqcj5G3zkeXuWIx6cjQgx');
INSERT INTO Song(id,name,duration_ms,active,preview_url,album_id) VALUES ('4eES4FfNECMQCcb4Ao9yhj','Calma Pueblo (feat. Omar Rodríguez)',249733,'1','https://p.scdn.co/mp3-preview/68ba413b5aa0251915b3f1b91daa7005a72ea703?cid=65f755ce97bd4889b54cfc425aad9390','3yqcj5G3zkeXuWIx6cjQgx');
INSERT INTO Song(id,name,duration_ms,active,preview_url,album_id) VALUES ('6sKKGGCuMDKiP9HProsMah','Baile De Los Pobres',207986,'1','https://p.scdn.co/mp3-preview/8281f2da015abf1c214c922543a608b17afcec41?cid=65f755ce97bd4889b54cfc425aad9390','3yqcj5G3zkeXuWIx6cjQgx');
INSERT INTO Song(id,name,duration_ms,active,preview_url,album_id) VALUES ('1jlKdNbOA90rjnt88GJnwO','La Vuelta Al Mundo',234133,'1','https://p.scdn.co/mp3-preview/92425a449bb76613415f4ad212a807e3f5288a3e?cid=65f755ce97bd4889b54cfc425aad9390','3yqcj5G3zkeXuWIx6cjQgx');
INSERT INTO Song(id,name,duration_ms,active,preview_url,album_id) VALUES ('036nr5jRMRlrvtEVvld4lj','La Bala',267413,'1','https://p.scdn.co/mp3-preview/9ed82d62b5c77227a773ad7f2700aa3dfd35168d?cid=65f755ce97bd4889b54cfc425aad9390','3yqcj5G3zkeXuWIx6cjQgx');
INSERT INTO Song(id,name,duration_ms,active,preview_url,album_id) VALUES ('0YfDtPub9AsTu4278mDWJE','Vamo'' A Portarnos Mal',243840,'1','https://p.scdn.co/mp3-preview/6ae3fec363f40cbf714d886b2b2cfc4061a6b5d9?cid=65f755ce97bd4889b54cfc425aad9390','3yqcj5G3zkeXuWIx6cjQgx');
INSERT INTO Song(id,name,duration_ms,active,preview_url,album_id) VALUES ('1xuYajTJZh8zZrPRmUaagf','Latinoamérica (feat. Totó la Momposina, Susana Baca & Maria Rita)',301426,'1','https://p.scdn.co/mp3-preview/1994e3df6238e0566ca2ad7a9ca9237d6cc6a361?cid=65f755ce97bd4889b54cfc425aad9390','3yqcj5G3zkeXuWIx6cjQgx');
INSERT INTO Song(id,name,duration_ms,active,preview_url,album_id) VALUES ('3hZeukSl6tkGX7mPpp8OUZ','Inter - En Annunakilandia',65973,'1','https://p.scdn.co/mp3-preview/8012bc50dd950fb8a542ab9c7a69fe18d17c9fb5?cid=65f755ce97bd4889b54cfc425aad9390','3yqcj5G3zkeXuWIx6cjQgx');
INSERT INTO Song(id,name,duration_ms,active,preview_url,album_id) VALUES ('2ZR2Cox8oGFMdvPLiNKrJO','Digo Lo Que Pienso',293066,'1','https://p.scdn.co/mp3-preview/0b9b2b8a0b7830d596760a2e9beba4e043e08c06?cid=65f755ce97bd4889b54cfc425aad9390','3yqcj5G3zkeXuWIx6cjQgx');
INSERT INTO Song(id,name,duration_ms,active,preview_url,album_id) VALUES ('3kNVYo6BJE9AENxzokM9YC','Muerte En Hawaii',189866,'1','https://p.scdn.co/mp3-preview/580c0b9ebb90463543ee84536a489ab0326db272?cid=65f755ce97bd4889b54cfc425aad9390','3yqcj5G3zkeXuWIx6cjQgx');
INSERT INTO Song(id,name,duration_ms,active,preview_url,album_id) VALUES ('2RoVDBP1X11glvRbBIDq9b','Todo Se Mueve (feat. Seun Kuti)',202573,'1','https://p.scdn.co/mp3-preview/5bad0ffde1202a3284951f723a636f2680979ad4?cid=65f755ce97bd4889b54cfc425aad9390','3yqcj5G3zkeXuWIx6cjQgx');
INSERT INTO Song(id,name,duration_ms,active,preview_url,album_id) VALUES ('02q7As6vetjqpk8QfDS7wM','El Hormiguero',305626,'1','https://p.scdn.co/mp3-preview/56b753d87c5fbc469e02422b8c5497f279153a99?cid=65f755ce97bd4889b54cfc425aad9390','3yqcj5G3zkeXuWIx6cjQgx');
INSERT INTO Song(id,name,duration_ms,active,preview_url,album_id) VALUES ('7ephv6B3AtS4ZOQdQX5uUe','Prepárame La Cena',319933,'1','https://p.scdn.co/mp3-preview/a16e03abcdac11a85853167cdfb88b114d18263f?cid=65f755ce97bd4889b54cfc425aad9390','3yqcj5G3zkeXuWIx6cjQgx');
INSERT INTO Song(id,name,duration_ms,active,preview_url,album_id) VALUES ('5NBJrDQMg6X8lpJUoCWLzC','Outro',71813,'1','https://p.scdn.co/mp3-preview/e98aed893b932fe603fabc51631be6227a498af7?cid=65f755ce97bd4889b54cfc425aad9390','3yqcj5G3zkeXuWIx6cjQgx');
INSERT INTO Account(username,password,first_name,email) VALUES ('calle13','123','Calle 13','calle13@gmail.com');
INSERT INTO Artist(id,artistic_name,username) VALUES ('0yNSzH5nZmHzeE2xn6Xshb','Calle 13','calle13');
INSERT INTO Album_Artist(album_id,artist_id) VALUES ('3yqcj5G3zkeXuWIx6cjQgx','0yNSzH5nZmHzeE2xn6Xshb');
INSERT INTO Song_Artist(song_id,artist_id) VALUES ('3ffHNDPlP9k1ZTuEJsxBm5','0yNSzH5nZmHzeE2xn6Xshb');
INSERT INTO Song_Artist(song_id,artist_id) VALUES ('4eES4FfNECMQCcb4Ao9yhj','0yNSzH5nZmHzeE2xn6Xshb');
INSERT INTO Account(username,password,first_name,email) VALUES ('omarrodriguez','123','Omar Rodriguez','omarrodriguez@gmail.com');
INSERT INTO Artist(id,artistic_name,username) VALUES ('1ixVWnnE0qh69epdQxmEhO','Omar Rodriguez','omarrodriguez');
INSERT INTO Song_Artist(song_id,artist_id) VALUES ('4eES4FfNECMQCcb4Ao9yhj','1ixVWnnE0qh69epdQxmEhO');
INSERT INTO Song_Artist(song_id,artist_id) VALUES ('6sKKGGCuMDKiP9HProsMah','0yNSzH5nZmHzeE2xn6Xshb');
INSERT INTO Song_Artist(song_id,artist_id) VALUES ('1jlKdNbOA90rjnt88GJnwO','0yNSzH5nZmHzeE2xn6Xshb');
INSERT INTO Song_Artist(song_id,artist_id) VALUES ('036nr5jRMRlrvtEVvld4lj','0yNSzH5nZmHzeE2xn6Xshb');
INSERT INTO Song_Artist(song_id,artist_id) VALUES ('0YfDtPub9AsTu4278mDWJE','0yNSzH5nZmHzeE2xn6Xshb');
INSERT INTO Song_Artist(song_id,artist_id) VALUES ('1xuYajTJZh8zZrPRmUaagf','0yNSzH5nZmHzeE2xn6Xshb');
INSERT INTO Account(username,password,first_name,email) VALUES ('totólamomposina','123','Totó La Momposina','totólamomposina@gmail.com');
INSERT INTO Artist(id,artistic_name,username) VALUES ('26BL0aeVS96sje8JfCNfUk','Totó La Momposina','totólamomposina');
INSERT INTO Song_Artist(song_id,artist_id) VALUES ('1xuYajTJZh8zZrPRmUaagf','26BL0aeVS96sje8JfCNfUk');
INSERT INTO Account(username,password,first_name,email) VALUES ('susanabaca','123','Susana Baca','susanabaca@gmail.com');
INSERT INTO Artist(id,artistic_name,username) VALUES ('1DiaZsjdOzFCdk7Dw9KIs0','Susana Baca','susanabaca');
INSERT INTO Song_Artist(song_id,artist_id) VALUES ('1xuYajTJZh8zZrPRmUaagf','1DiaZsjdOzFCdk7Dw9KIs0');
INSERT INTO Account(username,password,first_name,email) VALUES ('mariarita','123','Maria Rita','mariarita@gmail.com');
INSERT INTO Artist(id,artistic_name,username) VALUES ('1C8UBSZs5rOPfxuxTMS6OI','Maria Rita','mariarita');
INSERT INTO Song_Artist(song_id,artist_id) VALUES ('1xuYajTJZh8zZrPRmUaagf','1C8UBSZs5rOPfxuxTMS6OI');
INSERT INTO Song_Artist(song_id,artist_id) VALUES ('3hZeukSl6tkGX7mPpp8OUZ','0yNSzH5nZmHzeE2xn6Xshb');
INSERT INTO Song_Artist(song_id,artist_id) VALUES ('2ZR2Cox8oGFMdvPLiNKrJO','0yNSzH5nZmHzeE2xn6Xshb');
INSERT INTO Song_Artist(song_id,artist_id) VALUES ('3kNVYo6BJE9AENxzokM9YC','0yNSzH5nZmHzeE2xn6Xshb');
INSERT INTO Song_Artist(song_id,artist_id) VALUES ('2RoVDBP1X11glvRbBIDq9b','0yNSzH5nZmHzeE2xn6Xshb');
INSERT INTO Account(username,password,first_name,email) VALUES ('seunkuti','123','Seun Kuti','seunkuti@gmail.com');
INSERT INTO Artist(id,artistic_name,username) VALUES ('1GQur7dDvAWhKT9u9YwBJZ','Seun Kuti','seunkuti');
INSERT INTO Song_Artist(song_id,artist_id) VALUES ('2RoVDBP1X11glvRbBIDq9b','1GQur7dDvAWhKT9u9YwBJZ');
INSERT INTO Song_Artist(song_id,artist_id) VALUES ('02q7As6vetjqpk8QfDS7wM','0yNSzH5nZmHzeE2xn6Xshb');
INSERT INTO Song_Artist(song_id,artist_id) VALUES ('7ephv6B3AtS4ZOQdQX5uUe','0yNSzH5nZmHzeE2xn6Xshb');
INSERT INTO Song_Artist(song_id,artist_id) VALUES ('5NBJrDQMg6X8lpJUoCWLzC','0yNSzH5nZmHzeE2xn6Xshb');
INSERT INTO Genre(name) VALUES ('Urban');
INSERT INTO Song_Genre(song_id,genre_id) VALUES ('3ffHNDPlP9k1ZTuEJsxBm5', (SELECT id FROM Genre WHERE Genre.name = 'Rap'));
INSERT INTO Song_Genre(song_id,genre_id) VALUES ('3ffHNDPlP9k1ZTuEJsxBm5', (SELECT id FROM Genre WHERE Genre.name = 'Urban'));
INSERT INTO Song_Genre(song_id,genre_id) VALUES ('3ffHNDPlP9k1ZTuEJsxBm5', (SELECT id FROM Genre WHERE Genre.name = 'Latina'));
INSERT INTO Song_Genre(song_id,genre_id) VALUES ('4eES4FfNECMQCcb4Ao9yhj', (SELECT id FROM Genre WHERE Genre.name = 'Rap'));
INSERT INTO Song_Genre(song_id,genre_id) VALUES ('4eES4FfNECMQCcb4Ao9yhj', (SELECT id FROM Genre WHERE Genre.name = 'Urban'));
INSERT INTO Song_Genre(song_id,genre_id) VALUES ('4eES4FfNECMQCcb4Ao9yhj', (SELECT id FROM Genre WHERE Genre.name = 'Latina'));
INSERT INTO Song_Genre(song_id,genre_id) VALUES ('6sKKGGCuMDKiP9HProsMah', (SELECT id FROM Genre WHERE Genre.name = 'Rap'));
INSERT INTO Song_Genre(song_id,genre_id) VALUES ('6sKKGGCuMDKiP9HProsMah', (SELECT id FROM Genre WHERE Genre.name = 'Urban'));
INSERT INTO Song_Genre(song_id,genre_id) VALUES ('6sKKGGCuMDKiP9HProsMah', (SELECT id FROM Genre WHERE Genre.name = 'Latina'));
INSERT INTO Song_Genre(song_id,genre_id) VALUES ('1jlKdNbOA90rjnt88GJnwO', (SELECT id FROM Genre WHERE Genre.name = 'Rap'));
INSERT INTO Song_Genre(song_id,genre_id) VALUES ('1jlKdNbOA90rjnt88GJnwO', (SELECT id FROM Genre WHERE Genre.name = 'Urban'));
INSERT INTO Song_Genre(song_id,genre_id) VALUES ('1jlKdNbOA90rjnt88GJnwO', (SELECT id FROM Genre WHERE Genre.name = 'Latina'));
INSERT INTO Song_Genre(song_id,genre_id) VALUES ('036nr5jRMRlrvtEVvld4lj', (SELECT id FROM Genre WHERE Genre.name = 'Rap'));
INSERT INTO Song_Genre(song_id,genre_id) VALUES ('036nr5jRMRlrvtEVvld4lj', (SELECT id FROM Genre WHERE Genre.name = 'Urban'));
INSERT INTO Song_Genre(song_id,genre_id) VALUES ('036nr5jRMRlrvtEVvld4lj', (SELECT id FROM Genre WHERE Genre.name = 'Latina'));
INSERT INTO Song_Genre(song_id,genre_id) VALUES ('0YfDtPub9AsTu4278mDWJE', (SELECT id FROM Genre WHERE Genre.name = 'Rap'));
INSERT INTO Song_Genre(song_id,genre_id) VALUES ('0YfDtPub9AsTu4278mDWJE', (SELECT id FROM Genre WHERE Genre.name = 'Urban'));
INSERT INTO Song_Genre(song_id,genre_id) VALUES ('0YfDtPub9AsTu4278mDWJE', (SELECT id FROM Genre WHERE Genre.name = 'Latina'));
INSERT INTO Song_Genre(song_id,genre_id) VALUES ('1xuYajTJZh8zZrPRmUaagf', (SELECT id FROM Genre WHERE Genre.name = 'Rap'));
INSERT INTO Song_Genre(song_id,genre_id) VALUES ('1xuYajTJZh8zZrPRmUaagf', (SELECT id FROM Genre WHERE Genre.name = 'Urban'));
INSERT INTO Song_Genre(song_id,genre_id) VALUES ('1xuYajTJZh8zZrPRmUaagf', (SELECT id FROM Genre WHERE Genre.name = 'Latina'));
INSERT INTO Song_Genre(song_id,genre_id) VALUES ('3hZeukSl6tkGX7mPpp8OUZ', (SELECT id FROM Genre WHERE Genre.name = 'Rap'));
INSERT INTO Song_Genre(song_id,genre_id) VALUES ('3hZeukSl6tkGX7mPpp8OUZ', (SELECT id FROM Genre WHERE Genre.name = 'Urban'));
INSERT INTO Song_Genre(song_id,genre_id) VALUES ('3hZeukSl6tkGX7mPpp8OUZ', (SELECT id FROM Genre WHERE Genre.name = 'Latina'));
INSERT INTO Song_Genre(song_id,genre_id) VALUES ('2ZR2Cox8oGFMdvPLiNKrJO', (SELECT id FROM Genre WHERE Genre.name = 'Rap'));
INSERT INTO Song_Genre(song_id,genre_id) VALUES ('2ZR2Cox8oGFMdvPLiNKrJO', (SELECT id FROM Genre WHERE Genre.name = 'Urban'));
INSERT INTO Song_Genre(song_id,genre_id) VALUES ('2ZR2Cox8oGFMdvPLiNKrJO', (SELECT id FROM Genre WHERE Genre.name = 'Latina'));
INSERT INTO Song_Genre(song_id,genre_id) VALUES ('3kNVYo6BJE9AENxzokM9YC', (SELECT id FROM Genre WHERE Genre.name = 'Rap'));
INSERT INTO Song_Genre(song_id,genre_id) VALUES ('3kNVYo6BJE9AENxzokM9YC', (SELECT id FROM Genre WHERE Genre.name = 'Urban'));
INSERT INTO Song_Genre(song_id,genre_id) VALUES ('3kNVYo6BJE9AENxzokM9YC', (SELECT id FROM Genre WHERE Genre.name = 'Latina'));
INSERT INTO Song_Genre(song_id,genre_id) VALUES ('2RoVDBP1X11glvRbBIDq9b', (SELECT id FROM Genre WHERE Genre.name = 'Rap'));
INSERT INTO Song_Genre(song_id,genre_id) VALUES ('2RoVDBP1X11glvRbBIDq9b', (SELECT id FROM Genre WHERE Genre.name = 'Urban'));
INSERT INTO Song_Genre(song_id,genre_id) VALUES ('2RoVDBP1X11glvRbBIDq9b', (SELECT id FROM Genre WHERE Genre.name = 'Latina'));
INSERT INTO Song_Genre(song_id,genre_id) VALUES ('02q7As6vetjqpk8QfDS7wM', (SELECT id FROM Genre WHERE Genre.name = 'Rap'));
INSERT INTO Song_Genre(song_id,genre_id) VALUES ('02q7As6vetjqpk8QfDS7wM', (SELECT id FROM Genre WHERE Genre.name = 'Urban'));
INSERT INTO Song_Genre(song_id,genre_id) VALUES ('02q7As6vetjqpk8QfDS7wM', (SELECT id FROM Genre WHERE Genre.name = 'Latina'));
INSERT INTO Song_Genre(song_id,genre_id) VALUES ('7ephv6B3AtS4ZOQdQX5uUe', (SELECT id FROM Genre WHERE Genre.name = 'Rap'));
INSERT INTO Song_Genre(song_id,genre_id) VALUES ('7ephv6B3AtS4ZOQdQX5uUe', (SELECT id FROM Genre WHERE Genre.name = 'Urban'));
INSERT INTO Song_Genre(song_id,genre_id) VALUES ('7ephv6B3AtS4ZOQdQX5uUe', (SELECT id FROM Genre WHERE Genre.name = 'Latina'));
INSERT INTO Song_Genre(song_id,genre_id) VALUES ('5NBJrDQMg6X8lpJUoCWLzC', (SELECT id FROM Genre WHERE Genre.name = 'Rap'));
INSERT INTO Song_Genre(song_id,genre_id) VALUES ('5NBJrDQMg6X8lpJUoCWLzC', (SELECT id FROM Genre WHERE Genre.name = 'Urban'));
INSERT INTO Song_Genre(song_id,genre_id) VALUES ('5NBJrDQMg6X8lpJUoCWLzC', (SELECT id FROM Genre WHERE Genre.name = 'Latina'));

INSERT INTO Album(id,name,preview_url,launch_date) VALUES ('5kprdYds6oZb4iSldfflOT','Vibras','https://i.scdn.co/image/ab67616d0000b273dda2b86297d3bfb519f8b785','2018-05-25');
INSERT INTO Song(id,name,duration_ms,active,preview_url,album_id) VALUES ('2EEjiKbE4pAjX49TrBzw1X','Vibras',66226,'1','https://p.scdn.co/mp3-preview/02c139c0193ccfd87c97c0571a2ed49af4079666?cid=65f755ce97bd4889b54cfc425aad9390','5kprdYds6oZb4iSldfflOT');
INSERT INTO Song(id,name,duration_ms,active,preview_url,album_id) VALUES ('7COfe3P7KgfwDwIRB8LIDw','Mi Gente',185040,'1','https://p.scdn.co/mp3-preview/f649264b8f5543f266ffefad01a4b17d24c93825?cid=65f755ce97bd4889b54cfc425aad9390','5kprdYds6oZb4iSldfflOT');
INSERT INTO Song(id,name,duration_ms,active,preview_url,album_id) VALUES ('6VrBWh90BiwWmwKtvwWFcq','Ambiente',248826,'1','https://p.scdn.co/mp3-preview/8fecb18777b7b74fbac5137a5caf75db73e648d8?cid=65f755ce97bd4889b54cfc425aad9390','5kprdYds6oZb4iSldfflOT');
INSERT INTO Song(id,name,duration_ms,active,preview_url,album_id) VALUES ('1tWpgH8rErSXPOkQKFCag9','Cuando Tú Quieras',205120,'1','https://p.scdn.co/mp3-preview/7f5e0574db0a05dfb82a8bf9f1d9133271e85694?cid=65f755ce97bd4889b54cfc425aad9390','5kprdYds6oZb4iSldfflOT');
INSERT INTO Song(id,name,duration_ms,active,preview_url,album_id) VALUES ('5qFeMRz4TvetPmzjre9Dq7','No Es Justo',250840,'1','https://p.scdn.co/mp3-preview/9c667a2b52a6daa1de6881f57286ec38928dafea?cid=65f755ce97bd4889b54cfc425aad9390','5kprdYds6oZb4iSldfflOT');
INSERT INTO Song(id,name,duration_ms,active,preview_url,album_id) VALUES ('2yBWnRKj0Zx7AF1kufajvW','Ahora',254720,'1','https://p.scdn.co/mp3-preview/155072abdf94bfce4b26710b1182f16c90827617?cid=65f755ce97bd4889b54cfc425aad9390','5kprdYds6oZb4iSldfflOT');
INSERT INTO Song(id,name,duration_ms,active,preview_url,album_id) VALUES ('3vgiIJW3iSQRRvgYiW86i9','Brillo',159573,'1','https://p.scdn.co/mp3-preview/d43e00e27d57dde8e06ad15a9f73457bab058966?cid=65f755ce97bd4889b54cfc425aad9390','5kprdYds6oZb4iSldfflOT');
INSERT INTO Song(id,name,duration_ms,active,preview_url,album_id) VALUES ('1CU1MTRABcra8xqqT12jYq','En Mí (Interlude)',53560,'1','https://p.scdn.co/mp3-preview/e99d9fa501b18458a14a37829149c5af49ff908c?cid=65f755ce97bd4889b54cfc425aad9390','5kprdYds6oZb4iSldfflOT');
INSERT INTO Song(id,name,duration_ms,active,preview_url,album_id) VALUES ('2YSi7TDMnNCDzlN8VMH4kt','En Mí',195586,'1','https://p.scdn.co/mp3-preview/dfaac5e9c2c0c8e08bb7904e2fc0b256f44ec601?cid=65f755ce97bd4889b54cfc425aad9390','5kprdYds6oZb4iSldfflOT');
INSERT INTO Song(id,name,duration_ms,active,preview_url,album_id) VALUES ('3Nkqp3NSGWMXVVO08zGpN7','Peligrosa',202346,'1','https://p.scdn.co/mp3-preview/59c5a27e8a55a6bd78aaf8acee7e9bc5c6794222?cid=65f755ce97bd4889b54cfc425aad9390','5kprdYds6oZb4iSldfflOT');
INSERT INTO Song(id,name,duration_ms,active,preview_url,album_id) VALUES ('66XlMyAfZjJ24GVa2qPF9c','Noches Pasadas',222493,'1','https://p.scdn.co/mp3-preview/42869be42f3433974ee557ea475a26407274df9f?cid=65f755ce97bd4889b54cfc425aad9390','5kprdYds6oZb4iSldfflOT');
INSERT INTO Song(id,name,duration_ms,active,preview_url,album_id) VALUES ('2QEiEzGafy58BV4h5FuCUK','Tu Verdad',205120,'1','https://p.scdn.co/mp3-preview/38007db63416adcd6aea124b244353622e8cbcc5?cid=65f755ce97bd4889b54cfc425aad9390','5kprdYds6oZb4iSldfflOT');
INSERT INTO Song(id,name,duration_ms,active,preview_url,album_id) VALUES ('1ZxJkG775oka5RsH3Yuwv3','Dónde Estarás',191546,'1','https://p.scdn.co/mp3-preview/10508893635afa1fd32d3526636edfbea3fbf4e0?cid=65f755ce97bd4889b54cfc425aad9390','5kprdYds6oZb4iSldfflOT');
INSERT INTO Song(id,name,duration_ms,active,preview_url,album_id) VALUES ('7FnHUsFRTMg8VYteFKj3xL','Machika',189653,'1','https://p.scdn.co/mp3-preview/fd90b05ec53a98df8a1662e20e4b5be0475becfd?cid=65f755ce97bd4889b54cfc425aad9390','5kprdYds6oZb4iSldfflOT');
INSERT INTO Account(username,password,first_name,email) VALUES ('jbalvin','123','J Balvin','jbalvin@gmail.com');
INSERT INTO Artist(id,artistic_name,username) VALUES ('1vyhD5VmyZ7KMfW5gqLgo5','J Balvin','jbalvin');
INSERT INTO Album_Artist(album_id,artist_id) VALUES ('5kprdYds6oZb4iSldfflOT','1vyhD5VmyZ7KMfW5gqLgo5');
INSERT INTO Song_Artist(song_id,artist_id) VALUES ('2EEjiKbE4pAjX49TrBzw1X','1vyhD5VmyZ7KMfW5gqLgo5');
INSERT INTO Song_Artist(song_id,artist_id) VALUES ('2EEjiKbE4pAjX49TrBzw1X','0XK6kT7xcZAlcYrNjOgzJe');
INSERT INTO Song_Artist(song_id,artist_id) VALUES ('7COfe3P7KgfwDwIRB8LIDw','1vyhD5VmyZ7KMfW5gqLgo5');
INSERT INTO Account(username,password,first_name,email) VALUES ('willywilliam','123','Willy William','willywilliam@gmail.com');
INSERT INTO Artist(id,artistic_name,username) VALUES ('4RSyJzf7ef6Iu2rnLdabNq','Willy William','willywilliam');
INSERT INTO Song_Artist(song_id,artist_id) VALUES ('7COfe3P7KgfwDwIRB8LIDw','4RSyJzf7ef6Iu2rnLdabNq');
INSERT INTO Song_Artist(song_id,artist_id) VALUES ('6VrBWh90BiwWmwKtvwWFcq','1vyhD5VmyZ7KMfW5gqLgo5');
INSERT INTO Song_Artist(song_id,artist_id) VALUES ('1tWpgH8rErSXPOkQKFCag9','1vyhD5VmyZ7KMfW5gqLgo5');
INSERT INTO Song_Artist(song_id,artist_id) VALUES ('5qFeMRz4TvetPmzjre9Dq7','1vyhD5VmyZ7KMfW5gqLgo5');
INSERT INTO Account(username,password,first_name,email) VALUES ('zion&lennox','123','Zion & Lennox','zion&lennox@gmail.com');
INSERT INTO Artist(id,artistic_name,username) VALUES ('21451j1KhjAiaYKflxBjr1','Zion & Lennox','zion&lennox');
INSERT INTO Song_Artist(song_id,artist_id) VALUES ('5qFeMRz4TvetPmzjre9Dq7','21451j1KhjAiaYKflxBjr1');
INSERT INTO Song_Artist(song_id,artist_id) VALUES ('2yBWnRKj0Zx7AF1kufajvW','1vyhD5VmyZ7KMfW5gqLgo5');
INSERT INTO Song_Artist(song_id,artist_id) VALUES ('3vgiIJW3iSQRRvgYiW86i9','1vyhD5VmyZ7KMfW5gqLgo5');
INSERT INTO Song_Artist(song_id,artist_id) VALUES ('3vgiIJW3iSQRRvgYiW86i9','7ltDVBr6mKbRvohxheJ9h1');
INSERT INTO Song_Artist(song_id,artist_id) VALUES ('1CU1MTRABcra8xqqT12jYq','1vyhD5VmyZ7KMfW5gqLgo5');
INSERT INTO Song_Artist(song_id,artist_id) VALUES ('2YSi7TDMnNCDzlN8VMH4kt','1vyhD5VmyZ7KMfW5gqLgo5');
INSERT INTO Song_Artist(song_id,artist_id) VALUES ('3Nkqp3NSGWMXVVO08zGpN7','1vyhD5VmyZ7KMfW5gqLgo5');
INSERT INTO Account(username,password,first_name,email) VALUES ('wisin','123','Wisin','wisin@gmail.com');
INSERT INTO Artist(id,artistic_name,username) VALUES ('3E6xrwgnVfYCrCs0ePERDz','Wisin','wisin');
INSERT INTO Song_Artist(song_id,artist_id) VALUES ('3Nkqp3NSGWMXVVO08zGpN7','3E6xrwgnVfYCrCs0ePERDz');
INSERT INTO Account(username,password,first_name,email) VALUES ('yandel','123','Yandel','yandel@gmail.com');
INSERT INTO Artist(id,artistic_name,username) VALUES ('0eHQ9o50hj6ZDNBt6Ys1sD','Yandel','yandel');
INSERT INTO Song_Artist(song_id,artist_id) VALUES ('3Nkqp3NSGWMXVVO08zGpN7','0eHQ9o50hj6ZDNBt6Ys1sD');
INSERT INTO Song_Artist(song_id,artist_id) VALUES ('66XlMyAfZjJ24GVa2qPF9c','1vyhD5VmyZ7KMfW5gqLgo5');
INSERT INTO Song_Artist(song_id,artist_id) VALUES ('2QEiEzGafy58BV4h5FuCUK','1vyhD5VmyZ7KMfW5gqLgo5');
INSERT INTO Song_Artist(song_id,artist_id) VALUES ('1ZxJkG775oka5RsH3Yuwv3','1vyhD5VmyZ7KMfW5gqLgo5');
INSERT INTO Song_Artist(song_id,artist_id) VALUES ('7FnHUsFRTMg8VYteFKj3xL','1vyhD5VmyZ7KMfW5gqLgo5');
INSERT INTO Account(username,password,first_name,email) VALUES ('jeon','123','Jeon','jeon@gmail.com');
INSERT INTO Artist(id,artistic_name,username) VALUES ('3ECsaSd1fom8coUUkkFzqt','Jeon','jeon');
INSERT INTO Song_Artist(song_id,artist_id) VALUES ('7FnHUsFRTMg8VYteFKj3xL','3ECsaSd1fom8coUUkkFzqt');
INSERT INTO Account(username,password,first_name,email) VALUES ('anitta','123','Anitta','anitta@gmail.com');
INSERT INTO Artist(id,artistic_name,username) VALUES ('7FNnA9vBm6EKceENgCGRMb','Anitta','anitta');
INSERT INTO Song_Artist(song_id,artist_id) VALUES ('7FnHUsFRTMg8VYteFKj3xL','7FNnA9vBm6EKceENgCGRMb');
INSERT INTO Genre(name) VALUES ('Pop Latino');
INSERT INTO Song_Genre(song_id,genre_id) VALUES ('2EEjiKbE4pAjX49TrBzw1X', (SELECT id FROM Genre WHERE Genre.name = 'Reguetón'));
INSERT INTO Song_Genre(song_id,genre_id) VALUES ('2EEjiKbE4pAjX49TrBzw1X', (SELECT id FROM Genre WHERE Genre.name = 'Pop Latino'));
INSERT INTO Song_Genre(song_id,genre_id) VALUES ('7COfe3P7KgfwDwIRB8LIDw', (SELECT id FROM Genre WHERE Genre.name = 'Reguetón'));
INSERT INTO Song_Genre(song_id,genre_id) VALUES ('7COfe3P7KgfwDwIRB8LIDw', (SELECT id FROM Genre WHERE Genre.name = 'Pop Latino'));
INSERT INTO Song_Genre(song_id,genre_id) VALUES ('6VrBWh90BiwWmwKtvwWFcq', (SELECT id FROM Genre WHERE Genre.name = 'Reguetón'));
INSERT INTO Song_Genre(song_id,genre_id) VALUES ('6VrBWh90BiwWmwKtvwWFcq', (SELECT id FROM Genre WHERE Genre.name = 'Pop Latino'));
INSERT INTO Song_Genre(song_id,genre_id) VALUES ('1tWpgH8rErSXPOkQKFCag9', (SELECT id FROM Genre WHERE Genre.name = 'Reguetón'));
INSERT INTO Song_Genre(song_id,genre_id) VALUES ('1tWpgH8rErSXPOkQKFCag9', (SELECT id FROM Genre WHERE Genre.name = 'Pop Latino'));
INSERT INTO Song_Genre(song_id,genre_id) VALUES ('5qFeMRz4TvetPmzjre9Dq7', (SELECT id FROM Genre WHERE Genre.name = 'Reguetón'));
INSERT INTO Song_Genre(song_id,genre_id) VALUES ('5qFeMRz4TvetPmzjre9Dq7', (SELECT id FROM Genre WHERE Genre.name = 'Pop Latino'));
INSERT INTO Song_Genre(song_id,genre_id) VALUES ('2yBWnRKj0Zx7AF1kufajvW', (SELECT id FROM Genre WHERE Genre.name = 'Reguetón'));
INSERT INTO Song_Genre(song_id,genre_id) VALUES ('2yBWnRKj0Zx7AF1kufajvW', (SELECT id FROM Genre WHERE Genre.name = 'Pop Latino'));
INSERT INTO Song_Genre(song_id,genre_id) VALUES ('3vgiIJW3iSQRRvgYiW86i9', (SELECT id FROM Genre WHERE Genre.name = 'Reguetón'));
INSERT INTO Song_Genre(song_id,genre_id) VALUES ('3vgiIJW3iSQRRvgYiW86i9', (SELECT id FROM Genre WHERE Genre.name = 'Pop Latino'));
INSERT INTO Song_Genre(song_id,genre_id) VALUES ('1CU1MTRABcra8xqqT12jYq', (SELECT id FROM Genre WHERE Genre.name = 'Reguetón'));
INSERT INTO Song_Genre(song_id,genre_id) VALUES ('1CU1MTRABcra8xqqT12jYq', (SELECT id FROM Genre WHERE Genre.name = 'Pop Latino'));
INSERT INTO Song_Genre(song_id,genre_id) VALUES ('2YSi7TDMnNCDzlN8VMH4kt', (SELECT id FROM Genre WHERE Genre.name = 'Reguetón'));
INSERT INTO Song_Genre(song_id,genre_id) VALUES ('2YSi7TDMnNCDzlN8VMH4kt', (SELECT id FROM Genre WHERE Genre.name = 'Pop Latino'));
INSERT INTO Song_Genre(song_id,genre_id) VALUES ('3Nkqp3NSGWMXVVO08zGpN7', (SELECT id FROM Genre WHERE Genre.name = 'Reguetón'));
INSERT INTO Song_Genre(song_id,genre_id) VALUES ('3Nkqp3NSGWMXVVO08zGpN7', (SELECT id FROM Genre WHERE Genre.name = 'Pop Latino'));
INSERT INTO Song_Genre(song_id,genre_id) VALUES ('66XlMyAfZjJ24GVa2qPF9c', (SELECT id FROM Genre WHERE Genre.name = 'Reguetón'));
INSERT INTO Song_Genre(song_id,genre_id) VALUES ('66XlMyAfZjJ24GVa2qPF9c', (SELECT id FROM Genre WHERE Genre.name = 'Pop Latino'));
INSERT INTO Song_Genre(song_id,genre_id) VALUES ('2QEiEzGafy58BV4h5FuCUK', (SELECT id FROM Genre WHERE Genre.name = 'Reguetón'));
INSERT INTO Song_Genre(song_id,genre_id) VALUES ('2QEiEzGafy58BV4h5FuCUK', (SELECT id FROM Genre WHERE Genre.name = 'Pop Latino'));
INSERT INTO Song_Genre(song_id,genre_id) VALUES ('1ZxJkG775oka5RsH3Yuwv3', (SELECT id FROM Genre WHERE Genre.name = 'Reguetón'));
INSERT INTO Song_Genre(song_id,genre_id) VALUES ('1ZxJkG775oka5RsH3Yuwv3', (SELECT id FROM Genre WHERE Genre.name = 'Pop Latino'));
INSERT INTO Song_Genre(song_id,genre_id) VALUES ('7FnHUsFRTMg8VYteFKj3xL', (SELECT id FROM Genre WHERE Genre.name = 'Reguetón'));
INSERT INTO Song_Genre(song_id,genre_id) VALUES ('7FnHUsFRTMg8VYteFKj3xL', (SELECT id FROM Genre WHERE Genre.name = 'Pop Latino'));

INSERT INTO Album(id,name,preview_url,launch_date) VALUES ('33osRJgOnEAOry3VmsKoAj','360','https://i.scdn.co/image/ab67616d0000b2733cf0518d5496b0b5ba55ba59','2021-05-21');
INSERT INTO Song(id,name,duration_ms,active,preview_url,album_id) VALUES ('5AVm7rho7pb15BqkUQ7wwW','Ice',164299,'1','https://p.scdn.co/mp3-preview/31fab56e465fee16769f53ab58eb91d26a9195d2?cid=65f755ce97bd4889b54cfc425aad9390','33osRJgOnEAOry3VmsKoAj');
INSERT INTO Song(id,name,duration_ms,active,preview_url,album_id) VALUES ('5VYEBcFvG8bNqwpnbQv9eu','Call Me',165828,'1','https://p.scdn.co/mp3-preview/2e1d1369bb994f4780ecc009f7f24b0cfdbd1228?cid=65f755ce97bd4889b54cfc425aad9390','33osRJgOnEAOry3VmsKoAj');
INSERT INTO Song(id,name,duration_ms,active,preview_url,album_id) VALUES ('2yGEJDtHux1vADqrYfSZ2B','Ghi Nsayeh',174508,'1','https://p.scdn.co/mp3-preview/8af644130dbee1be2eaba78e6397da70fad3ed34?cid=65f755ce97bd4889b54cfc425aad9390','33osRJgOnEAOry3VmsKoAj');
INSERT INTO Song(id,name,duration_ms,active,preview_url,album_id) VALUES ('3HtkeePBN0u5shCh0fBn3h','3iytou Lbouliss',149680,'1','https://p.scdn.co/mp3-preview/37bcc9d01bbc2f3b42d8b3ffba6fa19f3ade9960?cid=65f755ce97bd4889b54cfc425aad9390','33osRJgOnEAOry3VmsKoAj');
INSERT INTO Song(id,name,duration_ms,active,preview_url,album_id) VALUES ('4sgJmALqaCXJ9LlCw4XGr4','Baka Baka',167037,'1','https://p.scdn.co/mp3-preview/7d22fcd6cc8fc755e0ebaf55d1837b110fc5a58e?cid=65f755ce97bd4889b54cfc425aad9390','33osRJgOnEAOry3VmsKoAj');
INSERT INTO Song(id,name,duration_ms,active,preview_url,album_id) VALUES ('2e5UMdOrEFDi8Fz2WhMtMR','Denbi',116356,'1','https://p.scdn.co/mp3-preview/b8411550721624faa6ac7a19b8f6cb54c8ecec5a?cid=65f755ce97bd4889b54cfc425aad9390','33osRJgOnEAOry3VmsKoAj');
INSERT INTO Song(id,name,duration_ms,active,preview_url,album_id) VALUES ('2aSrVnU4M77XXCwEFjp08v','Orientale',166985,'1','https://p.scdn.co/mp3-preview/dbb5ca84064a9158e990253e2bb31ff216b72726?cid=65f755ce97bd4889b54cfc425aad9390','33osRJgOnEAOry3VmsKoAj');
INSERT INTO Song(id,name,duration_ms,active,preview_url,album_id) VALUES ('1mYOHLUykZOlJid0yESc1q','Niya',200634,'1','https://p.scdn.co/mp3-preview/bcb9cec4905ce9f0d9c37b716c7372445de5ee7e?cid=65f755ce97bd4889b54cfc425aad9390','33osRJgOnEAOry3VmsKoAj');
INSERT INTO Song(id,name,duration_ms,active,preview_url,album_id) VALUES ('6OOfWmKBWYOCPpzUh5IoZy','Django',185570,'1','https://p.scdn.co/mp3-preview/fd36589fa5f71fdcd53609ef10c03a2154bcdc73?cid=65f755ce97bd4889b54cfc425aad9390','33osRJgOnEAOry3VmsKoAj');
INSERT INTO Song(id,name,duration_ms,active,preview_url,album_id) VALUES ('5qI0FNPrfhRBbfB7lj1P9q','Comme toi',203200,'1','https://p.scdn.co/mp3-preview/a1b9fc663faa5bcfabb9e3af6651349cde299b61?cid=65f755ce97bd4889b54cfc425aad9390','33osRJgOnEAOry3VmsKoAj');
INSERT INTO Song(id,name,duration_ms,active,preview_url,album_id) VALUES ('4rgu3Yh0fCgjwj5SrxJEcM','B3id',183812,'1','https://p.scdn.co/mp3-preview/7bd9ee6fce48acb3bcf58f5ffa22c5a7c4b31e85?cid=65f755ce97bd4889b54cfc425aad9390','33osRJgOnEAOry3VmsKoAj');
INSERT INTO Song(id,name,duration_ms,active,preview_url,album_id) VALUES ('4UGzf6sdHXEzhymMZ1U2TG','Tu m''aimes',176789,'1','https://p.scdn.co/mp3-preview/5f6fbcaac42c23fc3ad47352ff76a58e291e8822?cid=65f755ce97bd4889b54cfc425aad9390','33osRJgOnEAOry3VmsKoAj');
INSERT INTO Song(id,name,duration_ms,active,preview_url,album_id) VALUES ('5cxncU1HMMqGFCZtsAirZm','Sans toi',182778,'1','https://p.scdn.co/mp3-preview/03f136313e564a1472a524a56ffab24e41f5803a?cid=65f755ce97bd4889b54cfc425aad9390','33osRJgOnEAOry3VmsKoAj');
INSERT INTO Song(id,name,duration_ms,active,preview_url,album_id) VALUES ('0pKxEOSb3UOgcLCS1XBbr5','360',149846,'1','https://p.scdn.co/mp3-preview/141cc1dd5ed044bb30743e9d60a6dbbaff16bf90?cid=65f755ce97bd4889b54cfc425aad9390','33osRJgOnEAOry3VmsKoAj');
INSERT INTO Song(id,name,duration_ms,active,preview_url,album_id) VALUES ('35vAgoWuxf684jv3nDLUIm','Pardon',124037,'1','https://p.scdn.co/mp3-preview/438b912bda82a57e360d71d921dfd67528636d81?cid=65f755ce97bd4889b54cfc425aad9390','33osRJgOnEAOry3VmsKoAj');
INSERT INTO Account(username,password,first_name,email) VALUES ('manal','123','Manal','manal@gmail.com');
INSERT INTO Artist(id,artistic_name,username) VALUES ('7yK3vix9XmeNwPDmjGs78F','Manal','manal');
INSERT INTO Album_Artist(album_id,artist_id) VALUES ('33osRJgOnEAOry3VmsKoAj','7yK3vix9XmeNwPDmjGs78F');
INSERT INTO Song_Artist(song_id,artist_id) VALUES ('5AVm7rho7pb15BqkUQ7wwW','7yK3vix9XmeNwPDmjGs78F');
INSERT INTO Song_Artist(song_id,artist_id) VALUES ('5VYEBcFvG8bNqwpnbQv9eu','7yK3vix9XmeNwPDmjGs78F');
INSERT INTO Song_Artist(song_id,artist_id) VALUES ('2yGEJDtHux1vADqrYfSZ2B','7yK3vix9XmeNwPDmjGs78F');
INSERT INTO Song_Artist(song_id,artist_id) VALUES ('3HtkeePBN0u5shCh0fBn3h','7yK3vix9XmeNwPDmjGs78F');
INSERT INTO Song_Artist(song_id,artist_id) VALUES ('4sgJmALqaCXJ9LlCw4XGr4','7yK3vix9XmeNwPDmjGs78F');
INSERT INTO Song_Artist(song_id,artist_id) VALUES ('2e5UMdOrEFDi8Fz2WhMtMR','7yK3vix9XmeNwPDmjGs78F');
INSERT INTO Song_Artist(song_id,artist_id) VALUES ('2aSrVnU4M77XXCwEFjp08v','7yK3vix9XmeNwPDmjGs78F');
INSERT INTO Song_Artist(song_id,artist_id) VALUES ('1mYOHLUykZOlJid0yESc1q','7yK3vix9XmeNwPDmjGs78F');
INSERT INTO Song_Artist(song_id,artist_id) VALUES ('6OOfWmKBWYOCPpzUh5IoZy','7yK3vix9XmeNwPDmjGs78F');
INSERT INTO Song_Artist(song_id,artist_id) VALUES ('5qI0FNPrfhRBbfB7lj1P9q','7yK3vix9XmeNwPDmjGs78F');
INSERT INTO Song_Artist(song_id,artist_id) VALUES ('4rgu3Yh0fCgjwj5SrxJEcM','7yK3vix9XmeNwPDmjGs78F');
INSERT INTO Song_Artist(song_id,artist_id) VALUES ('4UGzf6sdHXEzhymMZ1U2TG','7yK3vix9XmeNwPDmjGs78F');
INSERT INTO Song_Artist(song_id,artist_id) VALUES ('5cxncU1HMMqGFCZtsAirZm','7yK3vix9XmeNwPDmjGs78F');
INSERT INTO Song_Artist(song_id,artist_id) VALUES ('0pKxEOSb3UOgcLCS1XBbr5','7yK3vix9XmeNwPDmjGs78F');
INSERT INTO Song_Artist(song_id,artist_id) VALUES ('35vAgoWuxf684jv3nDLUIm','7yK3vix9XmeNwPDmjGs78F');
INSERT INTO Genre(name) VALUES ('Árabe');
INSERT INTO Song_Genre(song_id,genre_id) VALUES ('5AVm7rho7pb15BqkUQ7wwW', (SELECT id FROM Genre WHERE Genre.name = 'Árabe'));
INSERT INTO Song_Genre(song_id,genre_id) VALUES ('5VYEBcFvG8bNqwpnbQv9eu', (SELECT id FROM Genre WHERE Genre.name = 'Árabe'));
INSERT INTO Song_Genre(song_id,genre_id) VALUES ('2yGEJDtHux1vADqrYfSZ2B', (SELECT id FROM Genre WHERE Genre.name = 'Árabe'));
INSERT INTO Song_Genre(song_id,genre_id) VALUES ('3HtkeePBN0u5shCh0fBn3h', (SELECT id FROM Genre WHERE Genre.name = 'Árabe'));
INSERT INTO Song_Genre(song_id,genre_id) VALUES ('4sgJmALqaCXJ9LlCw4XGr4', (SELECT id FROM Genre WHERE Genre.name = 'Árabe'));
INSERT INTO Song_Genre(song_id,genre_id) VALUES ('2e5UMdOrEFDi8Fz2WhMtMR', (SELECT id FROM Genre WHERE Genre.name = 'Árabe'));
INSERT INTO Song_Genre(song_id,genre_id) VALUES ('2aSrVnU4M77XXCwEFjp08v', (SELECT id FROM Genre WHERE Genre.name = 'Árabe'));
INSERT INTO Song_Genre(song_id,genre_id) VALUES ('1mYOHLUykZOlJid0yESc1q', (SELECT id FROM Genre WHERE Genre.name = 'Árabe'));
INSERT INTO Song_Genre(song_id,genre_id) VALUES ('6OOfWmKBWYOCPpzUh5IoZy', (SELECT id FROM Genre WHERE Genre.name = 'Árabe'));
INSERT INTO Song_Genre(song_id,genre_id) VALUES ('5qI0FNPrfhRBbfB7lj1P9q', (SELECT id FROM Genre WHERE Genre.name = 'Árabe'));
INSERT INTO Song_Genre(song_id,genre_id) VALUES ('4rgu3Yh0fCgjwj5SrxJEcM', (SELECT id FROM Genre WHERE Genre.name = 'Árabe'));
INSERT INTO Song_Genre(song_id,genre_id) VALUES ('4UGzf6sdHXEzhymMZ1U2TG', (SELECT id FROM Genre WHERE Genre.name = 'Árabe'));
INSERT INTO Song_Genre(song_id,genre_id) VALUES ('5cxncU1HMMqGFCZtsAirZm', (SELECT id FROM Genre WHERE Genre.name = 'Árabe'));
INSERT INTO Song_Genre(song_id,genre_id) VALUES ('0pKxEOSb3UOgcLCS1XBbr5', (SELECT id FROM Genre WHERE Genre.name = 'Árabe'));
INSERT INTO Song_Genre(song_id,genre_id) VALUES ('35vAgoWuxf684jv3nDLUIm', (SELECT id FROM Genre WHERE Genre.name = 'Árabe'));

INSERT INTO Album(id,name,preview_url,launch_date) VALUES ('2uEf3r9i2bnxwJQsxQ0xQ7','Nevermind (Deluxe Edition)','https://i.scdn.co/image/ab67616d0000b27328a90d00a2819504364880e4','1991-09-26');
INSERT INTO Song(id,name,duration_ms,active,preview_url,album_id) VALUES ('1f3yAtsJtY87CTmM8RLnxf','Smells Like Teen Spirit',301920,'1','https://p.scdn.co/mp3-preview/a4655f8b70ebee4a0d56afea3fec16eefaec4bd3?cid=65f755ce97bd4889b54cfc425aad9390','2uEf3r9i2bnxwJQsxQ0xQ7');
INSERT INTO Song(id,name,duration_ms,active,preview_url,album_id) VALUES ('0eeEzvw5Etwv6tyz2PyE6L','In Bloom - Nevermind Version',255080,'1','https://p.scdn.co/mp3-preview/125a819ae02f496c47ed8a9d956f9f6b1aad9349?cid=65f755ce97bd4889b54cfc425aad9390','2uEf3r9i2bnxwJQsxQ0xQ7');
INSERT INTO Song(id,name,duration_ms,active,preview_url,album_id) VALUES ('0MKGH8UMfCnq5w7nG06oM5','Come As You Are',218920,'1','https://p.scdn.co/mp3-preview/a1c11bb1cb231031eb20e5951a8bfb30503224e9?cid=65f755ce97bd4889b54cfc425aad9390','2uEf3r9i2bnxwJQsxQ0xQ7');
INSERT INTO Song(id,name,duration_ms,active,preview_url,album_id) VALUES ('6kA9cOS2QpUpeGJHGxSXe1','Breed',184040,'1','https://p.scdn.co/mp3-preview/8907b293162dc99d971b782ee5ecf78f01e8d7c9?cid=65f755ce97bd4889b54cfc425aad9390','2uEf3r9i2bnxwJQsxQ0xQ7');
INSERT INTO Song(id,name,duration_ms,active,preview_url,album_id) VALUES ('26D1PRJjD9Jj1JGRk88KVc','Lithium',257053,'1','https://p.scdn.co/mp3-preview/e346fce09e0dc8858d279bb42d5bf41bd9e603bb?cid=65f755ce97bd4889b54cfc425aad9390','2uEf3r9i2bnxwJQsxQ0xQ7');
INSERT INTO Song(id,name,duration_ms,active,preview_url,album_id) VALUES ('5OA6V14rCVeSplYvf8T18L','Polly',173853,'1','https://p.scdn.co/mp3-preview/98c960e515b361399ecb651daaa3e4283c9048b2?cid=65f755ce97bd4889b54cfc425aad9390','2uEf3r9i2bnxwJQsxQ0xQ7');
INSERT INTO Song(id,name,duration_ms,active,preview_url,album_id) VALUES ('2mCBoSkJpSMKV0qLAh1dRj','Territorial Pissings',142946,'1','https://p.scdn.co/mp3-preview/5d73551ee06a13f94e1e5b58f9ced71f0fdec8a9?cid=65f755ce97bd4889b54cfc425aad9390','2uEf3r9i2bnxwJQsxQ0xQ7');
INSERT INTO Song(id,name,duration_ms,active,preview_url,album_id) VALUES ('5OwponLnwCAYnWql6cwBru','Drain You',223880,'1','https://p.scdn.co/mp3-preview/da7756514debde7f7918c54b7b30628de8a3f88f?cid=65f755ce97bd4889b54cfc425aad9390','2uEf3r9i2bnxwJQsxQ0xQ7');
INSERT INTO Song(id,name,duration_ms,active,preview_url,album_id) VALUES ('4iuPYtP5sSsmeG7mcoMoKY','Lounge Act',156426,'1','https://p.scdn.co/mp3-preview/7575ad368b5014b848a0ec410c7a95be1fe2ec02?cid=65f755ce97bd4889b54cfc425aad9390','2uEf3r9i2bnxwJQsxQ0xQ7');
INSERT INTO Song(id,name,duration_ms,active,preview_url,album_id) VALUES ('4rp0jQx7m4aC9YwbgkUL2K','Stay Away',211440,'1','https://p.scdn.co/mp3-preview/0c592d3c1c9eba039f839db282c21ae8cd7ab25e?cid=65f755ce97bd4889b54cfc425aad9390','2uEf3r9i2bnxwJQsxQ0xQ7');
INSERT INTO Song(id,name,duration_ms,active,preview_url,album_id) VALUES ('4PvPoT47fABUMGfkMcJOWv','On A Plain',194426,'1','https://p.scdn.co/mp3-preview/f14d480bd8eae469916c56deeba475720c933de2?cid=65f755ce97bd4889b54cfc425aad9390','2uEf3r9i2bnxwJQsxQ0xQ7');
INSERT INTO Song(id,name,duration_ms,active,preview_url,album_id) VALUES ('16LgXyNShQbrqBRF4TT1Sr','Something In The Way',232146,'1','https://p.scdn.co/mp3-preview/6f2c76a4bef8fbfe60638cf8c27145644acc461d?cid=65f755ce97bd4889b54cfc425aad9390','2uEf3r9i2bnxwJQsxQ0xQ7');
INSERT INTO Song(id,name,duration_ms,active,preview_url,album_id) VALUES ('3lE6zN1hKHXxgwdartmwsK','Endless, Nameless',403093,'1','https://p.scdn.co/mp3-preview/17294d0acacf185c51c6287cb59ad1a9c577ed8a?cid=65f755ce97bd4889b54cfc425aad9390','2uEf3r9i2bnxwJQsxQ0xQ7');
INSERT INTO Song(id,name,duration_ms,active,preview_url,album_id) VALUES ('6uQDskpndKKqjSWpa9pco4','Even In His Youth - B-Side',182186,'1','https://p.scdn.co/mp3-preview/8b20673903ed90e2e256771286be16ecbb6a894d?cid=65f755ce97bd4889b54cfc425aad9390','2uEf3r9i2bnxwJQsxQ0xQ7');
INSERT INTO Song(id,name,duration_ms,active,preview_url,album_id) VALUES ('5NyfckLByGPR60QMlX3D0W','Aneurysm - B-Side',285613,'1','https://p.scdn.co/mp3-preview/53e304543023bf5253b81914ac26d49529821f99?cid=65f755ce97bd4889b54cfc425aad9390','2uEf3r9i2bnxwJQsxQ0xQ7');
INSERT INTO Song(id,name,duration_ms,active,preview_url,album_id) VALUES ('6TDwVLzah2zl0jFERh6kjG','Curmudgeon - B-Side',177133,'1','https://p.scdn.co/mp3-preview/195c4d027077c406c5d04d96ec7f0a54a0cfae6d?cid=65f755ce97bd4889b54cfc425aad9390','2uEf3r9i2bnxwJQsxQ0xQ7');
INSERT INTO Song(id,name,duration_ms,active,preview_url,album_id) VALUES ('5UfFfqVQUZdBHHs8e9Lfzs','D-7 - Live At The BBC',224133,'1','https://p.scdn.co/mp3-preview/c47ea7d2319321ade10ac331578c7a789bed012e?cid=65f755ce97bd4889b54cfc425aad9390','2uEf3r9i2bnxwJQsxQ0xQ7');
INSERT INTO Song(id,name,duration_ms,active,preview_url,album_id) VALUES ('6Fh0ijHQKwbGM11K03V8AI','Been A Son - Live At Paramount Theatre B-Side',150066,'1','https://p.scdn.co/mp3-preview/d3eaef25ec01a77c54c6aeed098a5ed500ab0278?cid=65f755ce97bd4889b54cfc425aad9390','2uEf3r9i2bnxwJQsxQ0xQ7');
INSERT INTO Song(id,name,duration_ms,active,preview_url,album_id) VALUES ('636EvcaytkPo3QnxGNVAmq','School - Live At Paramount Theatre B-Side',153946,'1','https://p.scdn.co/mp3-preview/54a275ca74f61e66231689b0b261b07dab459f77?cid=65f755ce97bd4889b54cfc425aad9390','2uEf3r9i2bnxwJQsxQ0xQ7');
INSERT INTO Song(id,name,duration_ms,active,preview_url,album_id) VALUES ('3JL6lroNGOqrCA38Hgdd5L','Drain You - Live At Paramount Theatre B-Side',232253,'1','https://p.scdn.co/mp3-preview/d144421506a612a61a50a4c86727b70b57312d98?cid=65f755ce97bd4889b54cfc425aad9390','2uEf3r9i2bnxwJQsxQ0xQ7');
INSERT INTO Song(id,name,duration_ms,active,preview_url,album_id) VALUES ('7av7rNdQ5GM1CPq3osz79X','Sliver - Live At Del Mar B-Side',123346,'1','https://p.scdn.co/mp3-preview/2d32bdbf0d21e4c515f9d5c584fafe9189559568?cid=65f755ce97bd4889b54cfc425aad9390','2uEf3r9i2bnxwJQsxQ0xQ7');
INSERT INTO Song(id,name,duration_ms,active,preview_url,album_id) VALUES ('3xMvGySW4ejImqCTsjPAI3','Polly - Live At Del Mar B-Side',167213,'1','https://p.scdn.co/mp3-preview/ed6509bb48f61a819d9ad322c20ca028d5d30e41?cid=65f755ce97bd4889b54cfc425aad9390','2uEf3r9i2bnxwJQsxQ0xQ7');
INSERT INTO Song(id,name,duration_ms,active,preview_url,album_id) VALUES ('1Pe79kPlAngeZIf2kpX4KR','In Bloom - Smart Sessions',270733,'1','https://p.scdn.co/mp3-preview/a89ecc94dec189f3f93f6f6ca1c027a95f550cb7?cid=65f755ce97bd4889b54cfc425aad9390','2uEf3r9i2bnxwJQsxQ0xQ7');
INSERT INTO Song(id,name,duration_ms,active,preview_url,album_id) VALUES ('5QoU3WhPDSLPUtdoQZKso1','Immodium (Breed) - Smart Sessions',193853,'1','https://p.scdn.co/mp3-preview/a32cb6d2b50ca215807aa478740def2f2cb0ea9e?cid=65f755ce97bd4889b54cfc425aad9390','2uEf3r9i2bnxwJQsxQ0xQ7');
INSERT INTO Song(id,name,duration_ms,active,preview_url,album_id) VALUES ('5PofgzFnc3wZ416FBdYssN','Lithium - Smart Sessions',270173,'1','https://p.scdn.co/mp3-preview/01d04b3df9b51efd83e4acce6f5d5ffa4359f605?cid=65f755ce97bd4889b54cfc425aad9390','2uEf3r9i2bnxwJQsxQ0xQ7');
INSERT INTO Song(id,name,duration_ms,active,preview_url,album_id) VALUES ('5lZLEUI7v4gNhbG68X1mTr','Polly - Smart Sessions',178253,'1','https://p.scdn.co/mp3-preview/da8b01ee2c12edf7c527e865ca6c60cced01daf3?cid=65f755ce97bd4889b54cfc425aad9390','2uEf3r9i2bnxwJQsxQ0xQ7');
INSERT INTO Song(id,name,duration_ms,active,preview_url,album_id) VALUES ('2sF0B8N8V1pKdCQ0Z1n1Cg','Pay To Play - Smart Sessions',208026,'1','https://p.scdn.co/mp3-preview/03fdc1c8a1c9029aec516e0b0560ad09d82a22e2?cid=65f755ce97bd4889b54cfc425aad9390','2uEf3r9i2bnxwJQsxQ0xQ7');
INSERT INTO Song(id,name,duration_ms,active,preview_url,album_id) VALUES ('5x1Ek9BSKQPCF742u3R8Qg','Here She Comes Now - Smart Sessions',299853,'1','https://p.scdn.co/mp3-preview/9f410eafb48d47d1d9ee24b3487bf496d2958b4b?cid=65f755ce97bd4889b54cfc425aad9390','2uEf3r9i2bnxwJQsxQ0xQ7');
INSERT INTO Song(id,name,duration_ms,active,preview_url,album_id) VALUES ('2Ao5McphYIK1xgnu6NPW3d','Dive - Smart Sessions',234106,'1','https://p.scdn.co/mp3-preview/5cba89f4d4359399f66f5b3c0ea913abe2b742c1?cid=65f755ce97bd4889b54cfc425aad9390','2uEf3r9i2bnxwJQsxQ0xQ7');
INSERT INTO Song(id,name,duration_ms,active,preview_url,album_id) VALUES ('2QbU8z4azyXXAMW6m9wx9U','Sappy - Smart Sessions',214893,'1','https://p.scdn.co/mp3-preview/5c135ab40365f9cf1c30180a72dcaf676ed596f5?cid=65f755ce97bd4889b54cfc425aad9390','2uEf3r9i2bnxwJQsxQ0xQ7');
INSERT INTO Song(id,name,duration_ms,active,preview_url,album_id) VALUES ('7FxTZaYN9wnuBUNGWh6M5F','Smells Like Teen Spirit - Boombox Rehearsals',339280,'1','https://p.scdn.co/mp3-preview/e83fcdff93d1bc9ab1747cee236aa053351ad49f?cid=65f755ce97bd4889b54cfc425aad9390','2uEf3r9i2bnxwJQsxQ0xQ7');
INSERT INTO Song(id,name,duration_ms,active,preview_url,album_id) VALUES ('2er1nwbEPvM2JLowLc3DeB','Verse Chorus Verse - Boombox Rehearsals',192333,'1','https://p.scdn.co/mp3-preview/cb22983e97ebf0c6f94bf1d755c76a06fcb1fb90?cid=65f755ce97bd4889b54cfc425aad9390','2uEf3r9i2bnxwJQsxQ0xQ7');
INSERT INTO Song(id,name,duration_ms,active,preview_url,album_id) VALUES ('5ZJ1llj8qDLjxT09epr1bk','Territorial Pissings - Boombox Rehearsals',130853,'1','https://p.scdn.co/mp3-preview/2186557f250ec524d950bb1ed5141d262f676e8b?cid=65f755ce97bd4889b54cfc425aad9390','2uEf3r9i2bnxwJQsxQ0xQ7');
INSERT INTO Song(id,name,duration_ms,active,preview_url,album_id) VALUES ('1WXQ0eVryJi4tCdhJTz3nw','Lounge Act - Boombox Rehearsals',156280,'1','https://p.scdn.co/mp3-preview/f35b75bde1edf75ecfc2d46dfe434766b29ef03a?cid=65f755ce97bd4889b54cfc425aad9390','2uEf3r9i2bnxwJQsxQ0xQ7');
INSERT INTO Song(id,name,duration_ms,active,preview_url,album_id) VALUES ('0v4rvi7OGdnHLzfdn2ku58','Come As You Are - Boombox Rehearsals',251293,'1','https://p.scdn.co/mp3-preview/afc23dcdaa76cd8e0795cce0b63fe149454d842c?cid=65f755ce97bd4889b54cfc425aad9390','2uEf3r9i2bnxwJQsxQ0xQ7');
INSERT INTO Song(id,name,duration_ms,active,preview_url,album_id) VALUES ('72T3BL1IDOolKb0XuAewRC','Old Age - Boombox Rehearsals',261453,'1','https://p.scdn.co/mp3-preview/f454d4b12117391869c67e05c0d23ac79fed2001?cid=65f755ce97bd4889b54cfc425aad9390','2uEf3r9i2bnxwJQsxQ0xQ7');
INSERT INTO Song(id,name,duration_ms,active,preview_url,album_id) VALUES ('4v3YBDZAY4B8zEpuIMDPBi','Something In The Way - Boombox Rehearsals',330240,'1','https://p.scdn.co/mp3-preview/8184919099792aad1dc5c3974ea65241d0995c72?cid=65f755ce97bd4889b54cfc425aad9390','2uEf3r9i2bnxwJQsxQ0xQ7');
INSERT INTO Song(id,name,duration_ms,active,preview_url,album_id) VALUES ('0YjbhKGxvUTEMc9tguYHWs','On A Plain - Boombox Rehearsals',200333,'1','https://p.scdn.co/mp3-preview/c411b8362fcba244444ab3da7d3b0e644a2dff02?cid=65f755ce97bd4889b54cfc425aad9390','2uEf3r9i2bnxwJQsxQ0xQ7');
INSERT INTO Song(id,name,duration_ms,active,preview_url,album_id) VALUES ('2ha2l69UEOTWncyjINX4Ya','Drain You - Live At The BBC',242586,'1','https://p.scdn.co/mp3-preview/64d353a928a762f38bdecaea8202805c19f9dd01?cid=65f755ce97bd4889b54cfc425aad9390','2uEf3r9i2bnxwJQsxQ0xQ7');
INSERT INTO Song(id,name,duration_ms,active,preview_url,album_id) VALUES ('0MCYg5NRnUnG6dgzmdml08','Something In The Way - Live At The BBC',203653,'1','https://p.scdn.co/mp3-preview/aca0fe370ca9a8bbb1edee2240ac57cc7eedc39f?cid=65f755ce97bd4889b54cfc425aad9390','2uEf3r9i2bnxwJQsxQ0xQ7');
INSERT INTO Account(username,password,first_name,email) VALUES ('nirvana','123','Nirvana','nirvana@gmail.com');
INSERT INTO Artist(id,artistic_name,username) VALUES ('6olE6TJLqED3rqDCT0FyPh','Nirvana','nirvana');
INSERT INTO Album_Artist(album_id,artist_id) VALUES ('2uEf3r9i2bnxwJQsxQ0xQ7','6olE6TJLqED3rqDCT0FyPh');
INSERT INTO Song_Artist(song_id,artist_id) VALUES ('1f3yAtsJtY87CTmM8RLnxf','6olE6TJLqED3rqDCT0FyPh');
INSERT INTO Song_Artist(song_id,artist_id) VALUES ('0eeEzvw5Etwv6tyz2PyE6L','6olE6TJLqED3rqDCT0FyPh');
INSERT INTO Song_Artist(song_id,artist_id) VALUES ('0MKGH8UMfCnq5w7nG06oM5','6olE6TJLqED3rqDCT0FyPh');
INSERT INTO Song_Artist(song_id,artist_id) VALUES ('6kA9cOS2QpUpeGJHGxSXe1','6olE6TJLqED3rqDCT0FyPh');
INSERT INTO Song_Artist(song_id,artist_id) VALUES ('26D1PRJjD9Jj1JGRk88KVc','6olE6TJLqED3rqDCT0FyPh');
INSERT INTO Song_Artist(song_id,artist_id) VALUES ('5OA6V14rCVeSplYvf8T18L','6olE6TJLqED3rqDCT0FyPh');
INSERT INTO Song_Artist(song_id,artist_id) VALUES ('2mCBoSkJpSMKV0qLAh1dRj','6olE6TJLqED3rqDCT0FyPh');
INSERT INTO Song_Artist(song_id,artist_id) VALUES ('5OwponLnwCAYnWql6cwBru','6olE6TJLqED3rqDCT0FyPh');
INSERT INTO Song_Artist(song_id,artist_id) VALUES ('4iuPYtP5sSsmeG7mcoMoKY','6olE6TJLqED3rqDCT0FyPh');
INSERT INTO Song_Artist(song_id,artist_id) VALUES ('4rp0jQx7m4aC9YwbgkUL2K','6olE6TJLqED3rqDCT0FyPh');
INSERT INTO Song_Artist(song_id,artist_id) VALUES ('4PvPoT47fABUMGfkMcJOWv','6olE6TJLqED3rqDCT0FyPh');
INSERT INTO Song_Artist(song_id,artist_id) VALUES ('16LgXyNShQbrqBRF4TT1Sr','6olE6TJLqED3rqDCT0FyPh');
INSERT INTO Song_Artist(song_id,artist_id) VALUES ('3lE6zN1hKHXxgwdartmwsK','6olE6TJLqED3rqDCT0FyPh');
INSERT INTO Song_Artist(song_id,artist_id) VALUES ('6uQDskpndKKqjSWpa9pco4','6olE6TJLqED3rqDCT0FyPh');
INSERT INTO Song_Artist(song_id,artist_id) VALUES ('5NyfckLByGPR60QMlX3D0W','6olE6TJLqED3rqDCT0FyPh');
INSERT INTO Song_Artist(song_id,artist_id) VALUES ('6TDwVLzah2zl0jFERh6kjG','6olE6TJLqED3rqDCT0FyPh');
INSERT INTO Song_Artist(song_id,artist_id) VALUES ('5UfFfqVQUZdBHHs8e9Lfzs','6olE6TJLqED3rqDCT0FyPh');
INSERT INTO Song_Artist(song_id,artist_id) VALUES ('6Fh0ijHQKwbGM11K03V8AI','6olE6TJLqED3rqDCT0FyPh');
INSERT INTO Song_Artist(song_id,artist_id) VALUES ('636EvcaytkPo3QnxGNVAmq','6olE6TJLqED3rqDCT0FyPh');
INSERT INTO Song_Artist(song_id,artist_id) VALUES ('3JL6lroNGOqrCA38Hgdd5L','6olE6TJLqED3rqDCT0FyPh');
INSERT INTO Song_Artist(song_id,artist_id) VALUES ('7av7rNdQ5GM1CPq3osz79X','6olE6TJLqED3rqDCT0FyPh');
INSERT INTO Song_Artist(song_id,artist_id) VALUES ('3xMvGySW4ejImqCTsjPAI3','6olE6TJLqED3rqDCT0FyPh');
INSERT INTO Song_Artist(song_id,artist_id) VALUES ('1Pe79kPlAngeZIf2kpX4KR','6olE6TJLqED3rqDCT0FyPh');
INSERT INTO Song_Artist(song_id,artist_id) VALUES ('5QoU3WhPDSLPUtdoQZKso1','6olE6TJLqED3rqDCT0FyPh');
INSERT INTO Song_Artist(song_id,artist_id) VALUES ('5PofgzFnc3wZ416FBdYssN','6olE6TJLqED3rqDCT0FyPh');
INSERT INTO Song_Artist(song_id,artist_id) VALUES ('5lZLEUI7v4gNhbG68X1mTr','6olE6TJLqED3rqDCT0FyPh');
INSERT INTO Song_Artist(song_id,artist_id) VALUES ('2sF0B8N8V1pKdCQ0Z1n1Cg','6olE6TJLqED3rqDCT0FyPh');
INSERT INTO Song_Artist(song_id,artist_id) VALUES ('5x1Ek9BSKQPCF742u3R8Qg','6olE6TJLqED3rqDCT0FyPh');
INSERT INTO Song_Artist(song_id,artist_id) VALUES ('2Ao5McphYIK1xgnu6NPW3d','6olE6TJLqED3rqDCT0FyPh');
INSERT INTO Song_Artist(song_id,artist_id) VALUES ('2QbU8z4azyXXAMW6m9wx9U','6olE6TJLqED3rqDCT0FyPh');
INSERT INTO Song_Artist(song_id,artist_id) VALUES ('7FxTZaYN9wnuBUNGWh6M5F','6olE6TJLqED3rqDCT0FyPh');
INSERT INTO Song_Artist(song_id,artist_id) VALUES ('2er1nwbEPvM2JLowLc3DeB','6olE6TJLqED3rqDCT0FyPh');
INSERT INTO Song_Artist(song_id,artist_id) VALUES ('5ZJ1llj8qDLjxT09epr1bk','6olE6TJLqED3rqDCT0FyPh');
INSERT INTO Song_Artist(song_id,artist_id) VALUES ('1WXQ0eVryJi4tCdhJTz3nw','6olE6TJLqED3rqDCT0FyPh');
INSERT INTO Song_Artist(song_id,artist_id) VALUES ('0v4rvi7OGdnHLzfdn2ku58','6olE6TJLqED3rqDCT0FyPh');
INSERT INTO Song_Artist(song_id,artist_id) VALUES ('72T3BL1IDOolKb0XuAewRC','6olE6TJLqED3rqDCT0FyPh');
INSERT INTO Song_Artist(song_id,artist_id) VALUES ('4v3YBDZAY4B8zEpuIMDPBi','6olE6TJLqED3rqDCT0FyPh');
INSERT INTO Song_Artist(song_id,artist_id) VALUES ('0YjbhKGxvUTEMc9tguYHWs','6olE6TJLqED3rqDCT0FyPh');
INSERT INTO Song_Artist(song_id,artist_id) VALUES ('2ha2l69UEOTWncyjINX4Ya','6olE6TJLqED3rqDCT0FyPh');
INSERT INTO Song_Artist(song_id,artist_id) VALUES ('0MCYg5NRnUnG6dgzmdml08','6olE6TJLqED3rqDCT0FyPh');
INSERT INTO Genre(name) VALUES ('Grunge');
INSERT INTO Song_Genre(song_id,genre_id) VALUES ('1f3yAtsJtY87CTmM8RLnxf', (SELECT id FROM Genre WHERE Genre.name = 'Grunge'));
INSERT INTO Song_Genre(song_id,genre_id) VALUES ('1f3yAtsJtY87CTmM8RLnxf', (SELECT id FROM Genre WHERE Genre.name = 'Rock Alternativo'));
INSERT INTO Song_Genre(song_id,genre_id) VALUES ('0eeEzvw5Etwv6tyz2PyE6L', (SELECT id FROM Genre WHERE Genre.name = 'Grunge'));
INSERT INTO Song_Genre(song_id,genre_id) VALUES ('0eeEzvw5Etwv6tyz2PyE6L', (SELECT id FROM Genre WHERE Genre.name = 'Rock Alternativo'));
INSERT INTO Song_Genre(song_id,genre_id) VALUES ('0MKGH8UMfCnq5w7nG06oM5', (SELECT id FROM Genre WHERE Genre.name = 'Grunge'));
INSERT INTO Song_Genre(song_id,genre_id) VALUES ('0MKGH8UMfCnq5w7nG06oM5', (SELECT id FROM Genre WHERE Genre.name = 'Rock Alternativo'));
INSERT INTO Song_Genre(song_id,genre_id) VALUES ('6kA9cOS2QpUpeGJHGxSXe1', (SELECT id FROM Genre WHERE Genre.name = 'Grunge'));
INSERT INTO Song_Genre(song_id,genre_id) VALUES ('6kA9cOS2QpUpeGJHGxSXe1', (SELECT id FROM Genre WHERE Genre.name = 'Rock Alternativo'));
INSERT INTO Song_Genre(song_id,genre_id) VALUES ('26D1PRJjD9Jj1JGRk88KVc', (SELECT id FROM Genre WHERE Genre.name = 'Grunge'));
INSERT INTO Song_Genre(song_id,genre_id) VALUES ('26D1PRJjD9Jj1JGRk88KVc', (SELECT id FROM Genre WHERE Genre.name = 'Rock Alternativo'));
INSERT INTO Song_Genre(song_id,genre_id) VALUES ('5OA6V14rCVeSplYvf8T18L', (SELECT id FROM Genre WHERE Genre.name = 'Grunge'));
INSERT INTO Song_Genre(song_id,genre_id) VALUES ('5OA6V14rCVeSplYvf8T18L', (SELECT id FROM Genre WHERE Genre.name = 'Rock Alternativo'));
INSERT INTO Song_Genre(song_id,genre_id) VALUES ('2mCBoSkJpSMKV0qLAh1dRj', (SELECT id FROM Genre WHERE Genre.name = 'Grunge'));
INSERT INTO Song_Genre(song_id,genre_id) VALUES ('2mCBoSkJpSMKV0qLAh1dRj', (SELECT id FROM Genre WHERE Genre.name = 'Rock Alternativo'));
INSERT INTO Song_Genre(song_id,genre_id) VALUES ('5OwponLnwCAYnWql6cwBru', (SELECT id FROM Genre WHERE Genre.name = 'Grunge'));
INSERT INTO Song_Genre(song_id,genre_id) VALUES ('5OwponLnwCAYnWql6cwBru', (SELECT id FROM Genre WHERE Genre.name = 'Rock Alternativo'));
INSERT INTO Song_Genre(song_id,genre_id) VALUES ('4iuPYtP5sSsmeG7mcoMoKY', (SELECT id FROM Genre WHERE Genre.name = 'Grunge'));
INSERT INTO Song_Genre(song_id,genre_id) VALUES ('4iuPYtP5sSsmeG7mcoMoKY', (SELECT id FROM Genre WHERE Genre.name = 'Rock Alternativo'));
INSERT INTO Song_Genre(song_id,genre_id) VALUES ('4rp0jQx7m4aC9YwbgkUL2K', (SELECT id FROM Genre WHERE Genre.name = 'Grunge'));
INSERT INTO Song_Genre(song_id,genre_id) VALUES ('4rp0jQx7m4aC9YwbgkUL2K', (SELECT id FROM Genre WHERE Genre.name = 'Rock Alternativo'));
INSERT INTO Song_Genre(song_id,genre_id) VALUES ('4PvPoT47fABUMGfkMcJOWv', (SELECT id FROM Genre WHERE Genre.name = 'Grunge'));
INSERT INTO Song_Genre(song_id,genre_id) VALUES ('4PvPoT47fABUMGfkMcJOWv', (SELECT id FROM Genre WHERE Genre.name = 'Rock Alternativo'));
INSERT INTO Song_Genre(song_id,genre_id) VALUES ('16LgXyNShQbrqBRF4TT1Sr', (SELECT id FROM Genre WHERE Genre.name = 'Grunge'));
INSERT INTO Song_Genre(song_id,genre_id) VALUES ('16LgXyNShQbrqBRF4TT1Sr', (SELECT id FROM Genre WHERE Genre.name = 'Rock Alternativo'));
INSERT INTO Song_Genre(song_id,genre_id) VALUES ('3lE6zN1hKHXxgwdartmwsK', (SELECT id FROM Genre WHERE Genre.name = 'Grunge'));
INSERT INTO Song_Genre(song_id,genre_id) VALUES ('3lE6zN1hKHXxgwdartmwsK', (SELECT id FROM Genre WHERE Genre.name = 'Rock Alternativo'));
INSERT INTO Song_Genre(song_id,genre_id) VALUES ('6uQDskpndKKqjSWpa9pco4', (SELECT id FROM Genre WHERE Genre.name = 'Grunge'));
INSERT INTO Song_Genre(song_id,genre_id) VALUES ('6uQDskpndKKqjSWpa9pco4', (SELECT id FROM Genre WHERE Genre.name = 'Rock Alternativo'));
INSERT INTO Song_Genre(song_id,genre_id) VALUES ('5NyfckLByGPR60QMlX3D0W', (SELECT id FROM Genre WHERE Genre.name = 'Grunge'));
INSERT INTO Song_Genre(song_id,genre_id) VALUES ('5NyfckLByGPR60QMlX3D0W', (SELECT id FROM Genre WHERE Genre.name = 'Rock Alternativo'));
INSERT INTO Song_Genre(song_id,genre_id) VALUES ('6TDwVLzah2zl0jFERh6kjG', (SELECT id FROM Genre WHERE Genre.name = 'Grunge'));
INSERT INTO Song_Genre(song_id,genre_id) VALUES ('6TDwVLzah2zl0jFERh6kjG', (SELECT id FROM Genre WHERE Genre.name = 'Rock Alternativo'));
INSERT INTO Song_Genre(song_id,genre_id) VALUES ('5UfFfqVQUZdBHHs8e9Lfzs', (SELECT id FROM Genre WHERE Genre.name = 'Grunge'));
INSERT INTO Song_Genre(song_id,genre_id) VALUES ('5UfFfqVQUZdBHHs8e9Lfzs', (SELECT id FROM Genre WHERE Genre.name = 'Rock Alternativo'));
INSERT INTO Song_Genre(song_id,genre_id) VALUES ('6Fh0ijHQKwbGM11K03V8AI', (SELECT id FROM Genre WHERE Genre.name = 'Grunge'));
INSERT INTO Song_Genre(song_id,genre_id) VALUES ('6Fh0ijHQKwbGM11K03V8AI', (SELECT id FROM Genre WHERE Genre.name = 'Rock Alternativo'));
INSERT INTO Song_Genre(song_id,genre_id) VALUES ('636EvcaytkPo3QnxGNVAmq', (SELECT id FROM Genre WHERE Genre.name = 'Grunge'));
INSERT INTO Song_Genre(song_id,genre_id) VALUES ('636EvcaytkPo3QnxGNVAmq', (SELECT id FROM Genre WHERE Genre.name = 'Rock Alternativo'));
INSERT INTO Song_Genre(song_id,genre_id) VALUES ('3JL6lroNGOqrCA38Hgdd5L', (SELECT id FROM Genre WHERE Genre.name = 'Grunge'));
INSERT INTO Song_Genre(song_id,genre_id) VALUES ('3JL6lroNGOqrCA38Hgdd5L', (SELECT id FROM Genre WHERE Genre.name = 'Rock Alternativo'));
INSERT INTO Song_Genre(song_id,genre_id) VALUES ('7av7rNdQ5GM1CPq3osz79X', (SELECT id FROM Genre WHERE Genre.name = 'Grunge'));
INSERT INTO Song_Genre(song_id,genre_id) VALUES ('7av7rNdQ5GM1CPq3osz79X', (SELECT id FROM Genre WHERE Genre.name = 'Rock Alternativo'));
INSERT INTO Song_Genre(song_id,genre_id) VALUES ('3xMvGySW4ejImqCTsjPAI3', (SELECT id FROM Genre WHERE Genre.name = 'Grunge'));
INSERT INTO Song_Genre(song_id,genre_id) VALUES ('3xMvGySW4ejImqCTsjPAI3', (SELECT id FROM Genre WHERE Genre.name = 'Rock Alternativo'));
INSERT INTO Song_Genre(song_id,genre_id) VALUES ('1Pe79kPlAngeZIf2kpX4KR', (SELECT id FROM Genre WHERE Genre.name = 'Grunge'));
INSERT INTO Song_Genre(song_id,genre_id) VALUES ('1Pe79kPlAngeZIf2kpX4KR', (SELECT id FROM Genre WHERE Genre.name = 'Rock Alternativo'));
INSERT INTO Song_Genre(song_id,genre_id) VALUES ('5QoU3WhPDSLPUtdoQZKso1', (SELECT id FROM Genre WHERE Genre.name = 'Grunge'));
INSERT INTO Song_Genre(song_id,genre_id) VALUES ('5QoU3WhPDSLPUtdoQZKso1', (SELECT id FROM Genre WHERE Genre.name = 'Rock Alternativo'));
INSERT INTO Song_Genre(song_id,genre_id) VALUES ('5PofgzFnc3wZ416FBdYssN', (SELECT id FROM Genre WHERE Genre.name = 'Grunge'));
INSERT INTO Song_Genre(song_id,genre_id) VALUES ('5PofgzFnc3wZ416FBdYssN', (SELECT id FROM Genre WHERE Genre.name = 'Rock Alternativo'));
INSERT INTO Song_Genre(song_id,genre_id) VALUES ('5lZLEUI7v4gNhbG68X1mTr', (SELECT id FROM Genre WHERE Genre.name = 'Grunge'));
INSERT INTO Song_Genre(song_id,genre_id) VALUES ('5lZLEUI7v4gNhbG68X1mTr', (SELECT id FROM Genre WHERE Genre.name = 'Rock Alternativo'));
INSERT INTO Song_Genre(song_id,genre_id) VALUES ('2sF0B8N8V1pKdCQ0Z1n1Cg', (SELECT id FROM Genre WHERE Genre.name = 'Grunge'));
INSERT INTO Song_Genre(song_id,genre_id) VALUES ('2sF0B8N8V1pKdCQ0Z1n1Cg', (SELECT id FROM Genre WHERE Genre.name = 'Rock Alternativo'));
INSERT INTO Song_Genre(song_id,genre_id) VALUES ('5x1Ek9BSKQPCF742u3R8Qg', (SELECT id FROM Genre WHERE Genre.name = 'Grunge'));
INSERT INTO Song_Genre(song_id,genre_id) VALUES ('5x1Ek9BSKQPCF742u3R8Qg', (SELECT id FROM Genre WHERE Genre.name = 'Rock Alternativo'));
INSERT INTO Song_Genre(song_id,genre_id) VALUES ('2Ao5McphYIK1xgnu6NPW3d', (SELECT id FROM Genre WHERE Genre.name = 'Grunge'));
INSERT INTO Song_Genre(song_id,genre_id) VALUES ('2Ao5McphYIK1xgnu6NPW3d', (SELECT id FROM Genre WHERE Genre.name = 'Rock Alternativo'));
INSERT INTO Song_Genre(song_id,genre_id) VALUES ('2QbU8z4azyXXAMW6m9wx9U', (SELECT id FROM Genre WHERE Genre.name = 'Grunge'));
INSERT INTO Song_Genre(song_id,genre_id) VALUES ('2QbU8z4azyXXAMW6m9wx9U', (SELECT id FROM Genre WHERE Genre.name = 'Rock Alternativo'));
INSERT INTO Song_Genre(song_id,genre_id) VALUES ('7FxTZaYN9wnuBUNGWh6M5F', (SELECT id FROM Genre WHERE Genre.name = 'Grunge'));
INSERT INTO Song_Genre(song_id,genre_id) VALUES ('7FxTZaYN9wnuBUNGWh6M5F', (SELECT id FROM Genre WHERE Genre.name = 'Rock Alternativo'));
INSERT INTO Song_Genre(song_id,genre_id) VALUES ('2er1nwbEPvM2JLowLc3DeB', (SELECT id FROM Genre WHERE Genre.name = 'Grunge'));
INSERT INTO Song_Genre(song_id,genre_id) VALUES ('2er1nwbEPvM2JLowLc3DeB', (SELECT id FROM Genre WHERE Genre.name = 'Rock Alternativo'));
INSERT INTO Song_Genre(song_id,genre_id) VALUES ('5ZJ1llj8qDLjxT09epr1bk', (SELECT id FROM Genre WHERE Genre.name = 'Grunge'));
INSERT INTO Song_Genre(song_id,genre_id) VALUES ('5ZJ1llj8qDLjxT09epr1bk', (SELECT id FROM Genre WHERE Genre.name = 'Rock Alternativo'));
INSERT INTO Song_Genre(song_id,genre_id) VALUES ('1WXQ0eVryJi4tCdhJTz3nw', (SELECT id FROM Genre WHERE Genre.name = 'Grunge'));
INSERT INTO Song_Genre(song_id,genre_id) VALUES ('1WXQ0eVryJi4tCdhJTz3nw', (SELECT id FROM Genre WHERE Genre.name = 'Rock Alternativo'));
INSERT INTO Song_Genre(song_id,genre_id) VALUES ('0v4rvi7OGdnHLzfdn2ku58', (SELECT id FROM Genre WHERE Genre.name = 'Grunge'));
INSERT INTO Song_Genre(song_id,genre_id) VALUES ('0v4rvi7OGdnHLzfdn2ku58', (SELECT id FROM Genre WHERE Genre.name = 'Rock Alternativo'));
INSERT INTO Song_Genre(song_id,genre_id) VALUES ('72T3BL1IDOolKb0XuAewRC', (SELECT id FROM Genre WHERE Genre.name = 'Grunge'));
INSERT INTO Song_Genre(song_id,genre_id) VALUES ('72T3BL1IDOolKb0XuAewRC', (SELECT id FROM Genre WHERE Genre.name = 'Rock Alternativo'));
INSERT INTO Song_Genre(song_id,genre_id) VALUES ('4v3YBDZAY4B8zEpuIMDPBi', (SELECT id FROM Genre WHERE Genre.name = 'Grunge'));
INSERT INTO Song_Genre(song_id,genre_id) VALUES ('4v3YBDZAY4B8zEpuIMDPBi', (SELECT id FROM Genre WHERE Genre.name = 'Rock Alternativo'));
INSERT INTO Song_Genre(song_id,genre_id) VALUES ('0YjbhKGxvUTEMc9tguYHWs', (SELECT id FROM Genre WHERE Genre.name = 'Grunge'));
INSERT INTO Song_Genre(song_id,genre_id) VALUES ('0YjbhKGxvUTEMc9tguYHWs', (SELECT id FROM Genre WHERE Genre.name = 'Rock Alternativo'));
INSERT INTO Song_Genre(song_id,genre_id) VALUES ('2ha2l69UEOTWncyjINX4Ya', (SELECT id FROM Genre WHERE Genre.name = 'Grunge'));
INSERT INTO Song_Genre(song_id,genre_id) VALUES ('2ha2l69UEOTWncyjINX4Ya', (SELECT id FROM Genre WHERE Genre.name = 'Rock Alternativo'));
INSERT INTO Song_Genre(song_id,genre_id) VALUES ('0MCYg5NRnUnG6dgzmdml08', (SELECT id FROM Genre WHERE Genre.name = 'Grunge'));
INSERT INTO Song_Genre(song_id,genre_id) VALUES ('0MCYg5NRnUnG6dgzmdml08', (SELECT id FROM Genre WHERE Genre.name = 'Rock Alternativo'));

INSERT INTO Album(id,name,preview_url,launch_date) VALUES ('5Qhn2FpGWmTjCuntF09j7g','American Idiot (Deluxe)','https://i.scdn.co/image/ab67616d0000b2731d13a9948aab982fabdf5209','2004-09-21');
INSERT INTO Song(id,name,duration_ms,active,preview_url,album_id) VALUES ('45zvStEMsXp8z45OQRhWFJ','American Idiot',174320,'1','https://p.scdn.co/mp3-preview/7c554adb94dfa1927a54cffed3fc4a2dfafeb10f?cid=65f755ce97bd4889b54cfc425aad9390','5Qhn2FpGWmTjCuntF09j7g');
INSERT INTO Song(id,name,duration_ms,active,preview_url,album_id) VALUES ('10lT3pp9QERGOWiIzLx4We','Jesus of Suburbia',548253,'1','https://p.scdn.co/mp3-preview/ec083b4edfdd1a4cbfb642b231d797e67ceaf69f?cid=65f755ce97bd4889b54cfc425aad9390','5Qhn2FpGWmTjCuntF09j7g');
INSERT INTO Song(id,name,duration_ms,active,preview_url,album_id) VALUES ('0HJRAM7Gt9jXskuXjZeFX3','Holiday / Boulevard of Broken Dreams',493400,'1','https://p.scdn.co/mp3-preview/0cbb527cde1477c39d3fdbf58ddc574d5559c2dc?cid=65f755ce97bd4889b54cfc425aad9390','5Qhn2FpGWmTjCuntF09j7g');
INSERT INTO Song(id,name,duration_ms,active,preview_url,album_id) VALUES ('42d6bxB7OQ6f8ct2ihYNBw','Are We the Waiting / St. Jimmy',338146,'1','https://p.scdn.co/mp3-preview/7e8c1813490fd142caa36df2484f6029d1b2f3a0?cid=65f755ce97bd4889b54cfc425aad9390','5Qhn2FpGWmTjCuntF09j7g');
INSERT INTO Song(id,name,duration_ms,active,preview_url,album_id) VALUES ('1TvWynhpfL81aLBd84OSBF','Give Me Novacaine / She''s a Rebel',326200,'1','https://p.scdn.co/mp3-preview/27b16503941f51512a909a86aa33a423f592e86c?cid=65f755ce97bd4889b54cfc425aad9390','5Qhn2FpGWmTjCuntF09j7g');
INSERT INTO Song(id,name,duration_ms,active,preview_url,album_id) VALUES ('2M38zNMI7gCoCwfEUZQPq5','Extraordinary Girl / Letterbomb',460000,'1','https://p.scdn.co/mp3-preview/324556269c40b32e9a41a9db6764d361312f5633?cid=65f755ce97bd4889b54cfc425aad9390','5Qhn2FpGWmTjCuntF09j7g');
INSERT INTO Song(id,name,duration_ms,active,preview_url,album_id) VALUES ('3479kk78dx3GFt048Udq54','Wake Me up When September Ends',285653,'1','https://p.scdn.co/mp3-preview/a83eedd6b982d4afdc2ceaeb458f471118ad78aa?cid=65f755ce97bd4889b54cfc425aad9390','5Qhn2FpGWmTjCuntF09j7g');
INSERT INTO Song(id,name,duration_ms,active,preview_url,album_id) VALUES ('1tlU33QzdVtUL82H1DYZET','Homecoming',558520,'1','https://p.scdn.co/mp3-preview/5be5e13ed070fd1cf1a374983c749dfbc0a79299?cid=65f755ce97bd4889b54cfc425aad9390','5Qhn2FpGWmTjCuntF09j7g');
INSERT INTO Song(id,name,duration_ms,active,preview_url,album_id) VALUES ('7HXtpmFjqt4Wv6T8y5lVz3','Whatsername',257213,'1','https://p.scdn.co/mp3-preview/4807f189125c888ede722c1135be31a453503a7b?cid=65f755ce97bd4889b54cfc425aad9390','5Qhn2FpGWmTjCuntF09j7g');
INSERT INTO Song(id,name,duration_ms,active,preview_url,album_id) VALUES ('2pgrjuet6rU22FqQ7fME7a','Too Much Too Soon',210906,'1','https://p.scdn.co/mp3-preview/3ffcf82e260a53c2df342f8a790c9e0719561a5b?cid=65f755ce97bd4889b54cfc425aad9390','5Qhn2FpGWmTjCuntF09j7g');
INSERT INTO Song(id,name,duration_ms,active,preview_url,album_id) VALUES ('6f6sG3duvgqfwqExi7pmEs','Shoplifter',110266,'1','https://p.scdn.co/mp3-preview/0644284c55a3eb739171f88d74ed4e65dd9bdd55?cid=65f755ce97bd4889b54cfc425aad9390','5Qhn2FpGWmTjCuntF09j7g');
INSERT INTO Song(id,name,duration_ms,active,preview_url,album_id) VALUES ('6XeV1xKt2kZSLkJaHalWWw','Governator',151386,'1','https://p.scdn.co/mp3-preview/4d9948ed6b4865ffc19d31415149816a59639a9a?cid=65f755ce97bd4889b54cfc425aad9390','5Qhn2FpGWmTjCuntF09j7g');
INSERT INTO Account(username,password,first_name,email) VALUES ('greenday','123','Green Day','greenday@gmail.com');
INSERT INTO Artist(id,artistic_name,username) VALUES ('7oPftvlwr6VrsViSDV7fJY','Green Day','greenday');
INSERT INTO Album_Artist(album_id,artist_id) VALUES ('5Qhn2FpGWmTjCuntF09j7g','7oPftvlwr6VrsViSDV7fJY');
INSERT INTO Song_Artist(song_id,artist_id) VALUES ('45zvStEMsXp8z45OQRhWFJ','7oPftvlwr6VrsViSDV7fJY');
INSERT INTO Song_Artist(song_id,artist_id) VALUES ('10lT3pp9QERGOWiIzLx4We','7oPftvlwr6VrsViSDV7fJY');
INSERT INTO Song_Artist(song_id,artist_id) VALUES ('0HJRAM7Gt9jXskuXjZeFX3','7oPftvlwr6VrsViSDV7fJY');
INSERT INTO Song_Artist(song_id,artist_id) VALUES ('42d6bxB7OQ6f8ct2ihYNBw','7oPftvlwr6VrsViSDV7fJY');
INSERT INTO Song_Artist(song_id,artist_id) VALUES ('1TvWynhpfL81aLBd84OSBF','7oPftvlwr6VrsViSDV7fJY');
INSERT INTO Song_Artist(song_id,artist_id) VALUES ('2M38zNMI7gCoCwfEUZQPq5','7oPftvlwr6VrsViSDV7fJY');
INSERT INTO Song_Artist(song_id,artist_id) VALUES ('3479kk78dx3GFt048Udq54','7oPftvlwr6VrsViSDV7fJY');
INSERT INTO Song_Artist(song_id,artist_id) VALUES ('1tlU33QzdVtUL82H1DYZET','7oPftvlwr6VrsViSDV7fJY');
INSERT INTO Song_Artist(song_id,artist_id) VALUES ('7HXtpmFjqt4Wv6T8y5lVz3','7oPftvlwr6VrsViSDV7fJY');
INSERT INTO Song_Artist(song_id,artist_id) VALUES ('2pgrjuet6rU22FqQ7fME7a','7oPftvlwr6VrsViSDV7fJY');
INSERT INTO Song_Artist(song_id,artist_id) VALUES ('6f6sG3duvgqfwqExi7pmEs','7oPftvlwr6VrsViSDV7fJY');
INSERT INTO Song_Artist(song_id,artist_id) VALUES ('6XeV1xKt2kZSLkJaHalWWw','7oPftvlwr6VrsViSDV7fJY');
INSERT INTO Genre(name) VALUES ('Punk Rock');
INSERT INTO Song_Genre(song_id,genre_id) VALUES ('45zvStEMsXp8z45OQRhWFJ', (SELECT id FROM Genre WHERE Genre.name = 'Punk Rock'));
INSERT INTO Song_Genre(song_id,genre_id) VALUES ('45zvStEMsXp8z45OQRhWFJ', (SELECT id FROM Genre WHERE Genre.name = 'Rock Alternativo'));
INSERT INTO Song_Genre(song_id,genre_id) VALUES ('10lT3pp9QERGOWiIzLx4We', (SELECT id FROM Genre WHERE Genre.name = 'Punk Rock'));
INSERT INTO Song_Genre(song_id,genre_id) VALUES ('10lT3pp9QERGOWiIzLx4We', (SELECT id FROM Genre WHERE Genre.name = 'Rock Alternativo'));
INSERT INTO Song_Genre(song_id,genre_id) VALUES ('0HJRAM7Gt9jXskuXjZeFX3', (SELECT id FROM Genre WHERE Genre.name = 'Punk Rock'));
INSERT INTO Song_Genre(song_id,genre_id) VALUES ('0HJRAM7Gt9jXskuXjZeFX3', (SELECT id FROM Genre WHERE Genre.name = 'Rock Alternativo'));
INSERT INTO Song_Genre(song_id,genre_id) VALUES ('42d6bxB7OQ6f8ct2ihYNBw', (SELECT id FROM Genre WHERE Genre.name = 'Punk Rock'));
INSERT INTO Song_Genre(song_id,genre_id) VALUES ('42d6bxB7OQ6f8ct2ihYNBw', (SELECT id FROM Genre WHERE Genre.name = 'Rock Alternativo'));
INSERT INTO Song_Genre(song_id,genre_id) VALUES ('1TvWynhpfL81aLBd84OSBF', (SELECT id FROM Genre WHERE Genre.name = 'Punk Rock'));
INSERT INTO Song_Genre(song_id,genre_id) VALUES ('1TvWynhpfL81aLBd84OSBF', (SELECT id FROM Genre WHERE Genre.name = 'Rock Alternativo'));
INSERT INTO Song_Genre(song_id,genre_id) VALUES ('2M38zNMI7gCoCwfEUZQPq5', (SELECT id FROM Genre WHERE Genre.name = 'Punk Rock'));
INSERT INTO Song_Genre(song_id,genre_id) VALUES ('2M38zNMI7gCoCwfEUZQPq5', (SELECT id FROM Genre WHERE Genre.name = 'Rock Alternativo'));
INSERT INTO Song_Genre(song_id,genre_id) VALUES ('3479kk78dx3GFt048Udq54', (SELECT id FROM Genre WHERE Genre.name = 'Punk Rock'));
INSERT INTO Song_Genre(song_id,genre_id) VALUES ('3479kk78dx3GFt048Udq54', (SELECT id FROM Genre WHERE Genre.name = 'Rock Alternativo'));
INSERT INTO Song_Genre(song_id,genre_id) VALUES ('1tlU33QzdVtUL82H1DYZET', (SELECT id FROM Genre WHERE Genre.name = 'Punk Rock'));
INSERT INTO Song_Genre(song_id,genre_id) VALUES ('1tlU33QzdVtUL82H1DYZET', (SELECT id FROM Genre WHERE Genre.name = 'Rock Alternativo'));
INSERT INTO Song_Genre(song_id,genre_id) VALUES ('7HXtpmFjqt4Wv6T8y5lVz3', (SELECT id FROM Genre WHERE Genre.name = 'Punk Rock'));
INSERT INTO Song_Genre(song_id,genre_id) VALUES ('7HXtpmFjqt4Wv6T8y5lVz3', (SELECT id FROM Genre WHERE Genre.name = 'Rock Alternativo'));
INSERT INTO Song_Genre(song_id,genre_id) VALUES ('2pgrjuet6rU22FqQ7fME7a', (SELECT id FROM Genre WHERE Genre.name = 'Punk Rock'));
INSERT INTO Song_Genre(song_id,genre_id) VALUES ('2pgrjuet6rU22FqQ7fME7a', (SELECT id FROM Genre WHERE Genre.name = 'Rock Alternativo'));
INSERT INTO Song_Genre(song_id,genre_id) VALUES ('6f6sG3duvgqfwqExi7pmEs', (SELECT id FROM Genre WHERE Genre.name = 'Punk Rock'));
INSERT INTO Song_Genre(song_id,genre_id) VALUES ('6f6sG3duvgqfwqExi7pmEs', (SELECT id FROM Genre WHERE Genre.name = 'Rock Alternativo'));
INSERT INTO Song_Genre(song_id,genre_id) VALUES ('6XeV1xKt2kZSLkJaHalWWw', (SELECT id FROM Genre WHERE Genre.name = 'Punk Rock'));
INSERT INTO Song_Genre(song_id,genre_id) VALUES ('6XeV1xKt2kZSLkJaHalWWw', (SELECT id FROM Genre WHERE Genre.name = 'Rock Alternativo'));

INSERT INTO Album(id,name,preview_url,launch_date) VALUES ('6ROLwnmW9pOioLned0DaP3','It Was Good Until It Wasn''t','https://i.scdn.co/image/ab67616d0000b2733ba8dc55c81f0aaf819057e9','2020-05-08');
INSERT INTO Song(id,name,duration_ms,active,preview_url,album_id) VALUES ('5nexAvWNhwg51EavnDgViy','Toxic',168182,'1','https://p.scdn.co/mp3-preview/6d4ae4400c11c5b2d5a16f17d5f3c5cea506d0e2?cid=65f755ce97bd4889b54cfc425aad9390','6ROLwnmW9pOioLned0DaP3');
INSERT INTO Song(id,name,duration_ms,active,preview_url,album_id) VALUES ('0uDdI4fAXCuNhQbmxENdsO','Can I',167810,'1','https://p.scdn.co/mp3-preview/31b110a619403e5421baf816743ff530aaa95a47?cid=65f755ce97bd4889b54cfc425aad9390','6ROLwnmW9pOioLned0DaP3');
INSERT INTO Song(id,name,duration_ms,active,preview_url,album_id) VALUES ('1Fraz3CzCuOULnToogIwWW','Bad News',185883,'1','https://p.scdn.co/mp3-preview/fb00e54af78ff7df22606809e76bbc3a0c116037?cid=65f755ce97bd4889b54cfc425aad9390','6ROLwnmW9pOioLned0DaP3');
INSERT INTO Song(id,name,duration_ms,active,preview_url,album_id) VALUES ('4sxVrSzqPGv18mDbZnytLn','Real Hot Girl Skit',15869,'1','https://p.scdn.co/mp3-preview/c79f255d3b213ef1460f33d3b000b314c7573139?cid=65f755ce97bd4889b54cfc425aad9390','6ROLwnmW9pOioLned0DaP3');
INSERT INTO Song(id,name,duration_ms,active,preview_url,album_id) VALUES ('4ot7u8Ij91aHKohSV2QYZi','Water',122813,'1','https://p.scdn.co/mp3-preview/1bfa9373fe137aa329c3a8ea0775ad0fe81380c5?cid=65f755ce97bd4889b54cfc425aad9390','6ROLwnmW9pOioLned0DaP3');
INSERT INTO Song(id,name,duration_ms,active,preview_url,album_id) VALUES ('1YqXXJDSlDHrp66g9as4uo','Change Your Life (feat. Jhené Aiko)',191128,'1','https://p.scdn.co/mp3-preview/6a780143f97432362e42471fd314bba9b37391a6?cid=65f755ce97bd4889b54cfc425aad9390','6ROLwnmW9pOioLned0DaP3');
INSERT INTO Song(id,name,duration_ms,active,preview_url,album_id) VALUES ('1wBcy2jyslYSO7nczt8TJE','Belong To The Streets Skit',26794,'1','https://p.scdn.co/mp3-preview/3fe88f49ba65bf0316c7868e790834fa169a49f0?cid=65f755ce97bd4889b54cfc425aad9390','6ROLwnmW9pOioLned0DaP3');
INSERT INTO Song(id,name,duration_ms,active,preview_url,album_id) VALUES ('6TrdeNEgbKuBqIToRfdWMY','Everybody Business',165009,'1','https://p.scdn.co/mp3-preview/935331a9b02299affd7b68ae9d20bcf2e530e9fc?cid=65f755ce97bd4889b54cfc425aad9390','6ROLwnmW9pOioLned0DaP3');
INSERT INTO Song(id,name,duration_ms,active,preview_url,album_id) VALUES ('0QUbiLQySWPq5Lh3f7A9bN','Hate The Club (feat. Masego)',278715,'1','https://p.scdn.co/mp3-preview/08e69b07ef75c097cfc46165a6a9ff7208f52af0?cid=65f755ce97bd4889b54cfc425aad9390','6ROLwnmW9pOioLned0DaP3');
INSERT INTO Song(id,name,duration_ms,active,preview_url,album_id) VALUES ('5ftR963YlX88OeCAPnXG2Z','Serial Lover',145806,'1','https://p.scdn.co/mp3-preview/466d619725f8b32e4aae34feb7ae9f13e421dfb6?cid=65f755ce97bd4889b54cfc425aad9390','6ROLwnmW9pOioLned0DaP3');
INSERT INTO Song(id,name,duration_ms,active,preview_url,album_id) VALUES ('24QjawKdGJmsAIVe3EhzGH','F&MU',134853,'1','https://p.scdn.co/mp3-preview/a920ab72c9c6cd5f41a1a79bd82dcf0e6859839e?cid=65f755ce97bd4889b54cfc425aad9390','6ROLwnmW9pOioLned0DaP3');
INSERT INTO Song(id,name,duration_ms,active,preview_url,album_id) VALUES ('12xVuIohhHSklxvi1ItKGA','Can You Blame Me (feat. Lucky Daye)',183019,'1','https://p.scdn.co/mp3-preview/5aae9eb023a93b77701981a335380a1840dbeeed?cid=65f755ce97bd4889b54cfc425aad9390','6ROLwnmW9pOioLned0DaP3');
INSERT INTO Song(id,name,duration_ms,active,preview_url,album_id) VALUES ('4bzd4evyqXabRtesx4emPn','Grieving (feat. James Blake)',230573,'1','https://p.scdn.co/mp3-preview/5c07d12854476226fd789e6538b15b2562ca46fb?cid=65f755ce97bd4889b54cfc425aad9390','6ROLwnmW9pOioLned0DaP3');
INSERT INTO Song(id,name,duration_ms,active,preview_url,album_id) VALUES ('4J4yA7A68PmgSbjAn425eY','Open (Passionate)',245674,'1','https://p.scdn.co/mp3-preview/0fe20120321b2ca972aaa08b0521b7b77c94770a?cid=65f755ce97bd4889b54cfc425aad9390','6ROLwnmW9pOioLned0DaP3');
INSERT INTO Song(id,name,duration_ms,active,preview_url,album_id) VALUES ('0SQW4Z8PYiNn1TUwoXMY4l','Lexii''s Outro',104264,'1','https://p.scdn.co/mp3-preview/002f5d9432b3064c1f91d0b7e9971ec2ae6f1721?cid=65f755ce97bd4889b54cfc425aad9390','6ROLwnmW9pOioLned0DaP3');
INSERT INTO Album_Artist(album_id,artist_id) VALUES ('6ROLwnmW9pOioLned0DaP3','0cGUm45nv7Z6M6qdXYQGTX');
INSERT INTO Song_Artist(song_id,artist_id) VALUES ('5nexAvWNhwg51EavnDgViy','0cGUm45nv7Z6M6qdXYQGTX');
INSERT INTO Song_Artist(song_id,artist_id) VALUES ('0uDdI4fAXCuNhQbmxENdsO','0cGUm45nv7Z6M6qdXYQGTX');
INSERT INTO Song_Artist(song_id,artist_id) VALUES ('1Fraz3CzCuOULnToogIwWW','0cGUm45nv7Z6M6qdXYQGTX');
INSERT INTO Song_Artist(song_id,artist_id) VALUES ('4sxVrSzqPGv18mDbZnytLn','0cGUm45nv7Z6M6qdXYQGTX');
INSERT INTO Song_Artist(song_id,artist_id) VALUES ('4ot7u8Ij91aHKohSV2QYZi','0cGUm45nv7Z6M6qdXYQGTX');
INSERT INTO Song_Artist(song_id,artist_id) VALUES ('1YqXXJDSlDHrp66g9as4uo','0cGUm45nv7Z6M6qdXYQGTX');
INSERT INTO Account(username,password,first_name,email) VALUES ('jhenéaiko','123','Jhené Aiko','jhenéaiko@gmail.com');
INSERT INTO Artist(id,artistic_name,username) VALUES ('5ZS223C6JyBfXasXxrRqOk','Jhené Aiko','jhenéaiko');
INSERT INTO Song_Artist(song_id,artist_id) VALUES ('1YqXXJDSlDHrp66g9as4uo','5ZS223C6JyBfXasXxrRqOk');
INSERT INTO Song_Artist(song_id,artist_id) VALUES ('1wBcy2jyslYSO7nczt8TJE','0cGUm45nv7Z6M6qdXYQGTX');
INSERT INTO Song_Artist(song_id,artist_id) VALUES ('6TrdeNEgbKuBqIToRfdWMY','0cGUm45nv7Z6M6qdXYQGTX');
INSERT INTO Account(username,password,first_name,email) VALUES ('masego','123','Masego','masego@gmail.com');
INSERT INTO Artist(id,artistic_name,username) VALUES ('3ycxRkcZ67ALN3GQJ57Vig','Masego','masego');
INSERT INTO Song_Artist(song_id,artist_id) VALUES ('0QUbiLQySWPq5Lh3f7A9bN','3ycxRkcZ67ALN3GQJ57Vig');
INSERT INTO Song_Artist(song_id,artist_id) VALUES ('0QUbiLQySWPq5Lh3f7A9bN','0cGUm45nv7Z6M6qdXYQGTX');
INSERT INTO Song_Artist(song_id,artist_id) VALUES ('5ftR963YlX88OeCAPnXG2Z','0cGUm45nv7Z6M6qdXYQGTX');
INSERT INTO Song_Artist(song_id,artist_id) VALUES ('24QjawKdGJmsAIVe3EhzGH','0cGUm45nv7Z6M6qdXYQGTX');
INSERT INTO Account(username,password,first_name,email) VALUES ('luckydaye','123','Lucky Daye','luckydaye@gmail.com');
INSERT INTO Artist(id,artistic_name,username) VALUES ('5Vuvs6Py2JRU7WiFDVsI7J','Lucky Daye','luckydaye');
INSERT INTO Song_Artist(song_id,artist_id) VALUES ('12xVuIohhHSklxvi1ItKGA','5Vuvs6Py2JRU7WiFDVsI7J');
INSERT INTO Song_Artist(song_id,artist_id) VALUES ('12xVuIohhHSklxvi1ItKGA','0cGUm45nv7Z6M6qdXYQGTX');
INSERT INTO Account(username,password,first_name,email) VALUES ('jamesblake','123','James Blake','jamesblake@gmail.com');
INSERT INTO Artist(id,artistic_name,username) VALUES ('53KwLdlmrlCelAZMaLVZqU','James Blake','jamesblake');
INSERT INTO Song_Artist(song_id,artist_id) VALUES ('4bzd4evyqXabRtesx4emPn','53KwLdlmrlCelAZMaLVZqU');
INSERT INTO Song_Artist(song_id,artist_id) VALUES ('4bzd4evyqXabRtesx4emPn','0cGUm45nv7Z6M6qdXYQGTX');
INSERT INTO Song_Artist(song_id,artist_id) VALUES ('4J4yA7A68PmgSbjAn425eY','0cGUm45nv7Z6M6qdXYQGTX');
INSERT INTO Song_Artist(song_id,artist_id) VALUES ('0SQW4Z8PYiNn1TUwoXMY4l','0cGUm45nv7Z6M6qdXYQGTX');
INSERT INTO Song_Genre(song_id,genre_id) VALUES ('5nexAvWNhwg51EavnDgViy', (SELECT id FROM Genre WHERE Genre.name = 'R&B'));
INSERT INTO Song_Genre(song_id,genre_id) VALUES ('0uDdI4fAXCuNhQbmxENdsO', (SELECT id FROM Genre WHERE Genre.name = 'R&B'));
INSERT INTO Song_Genre(song_id,genre_id) VALUES ('1Fraz3CzCuOULnToogIwWW', (SELECT id FROM Genre WHERE Genre.name = 'R&B'));
INSERT INTO Song_Genre(song_id,genre_id) VALUES ('4sxVrSzqPGv18mDbZnytLn', (SELECT id FROM Genre WHERE Genre.name = 'R&B'));
INSERT INTO Song_Genre(song_id,genre_id) VALUES ('4ot7u8Ij91aHKohSV2QYZi', (SELECT id FROM Genre WHERE Genre.name = 'R&B'));
INSERT INTO Song_Genre(song_id,genre_id) VALUES ('1YqXXJDSlDHrp66g9as4uo', (SELECT id FROM Genre WHERE Genre.name = 'R&B'));
INSERT INTO Song_Genre(song_id,genre_id) VALUES ('1wBcy2jyslYSO7nczt8TJE', (SELECT id FROM Genre WHERE Genre.name = 'R&B'));
INSERT INTO Song_Genre(song_id,genre_id) VALUES ('6TrdeNEgbKuBqIToRfdWMY', (SELECT id FROM Genre WHERE Genre.name = 'R&B'));
INSERT INTO Song_Genre(song_id,genre_id) VALUES ('0QUbiLQySWPq5Lh3f7A9bN', (SELECT id FROM Genre WHERE Genre.name = 'R&B'));
INSERT INTO Song_Genre(song_id,genre_id) VALUES ('5ftR963YlX88OeCAPnXG2Z', (SELECT id FROM Genre WHERE Genre.name = 'R&B'));
INSERT INTO Song_Genre(song_id,genre_id) VALUES ('24QjawKdGJmsAIVe3EhzGH', (SELECT id FROM Genre WHERE Genre.name = 'R&B'));
INSERT INTO Song_Genre(song_id,genre_id) VALUES ('12xVuIohhHSklxvi1ItKGA', (SELECT id FROM Genre WHERE Genre.name = 'R&B'));
INSERT INTO Song_Genre(song_id,genre_id) VALUES ('4bzd4evyqXabRtesx4emPn', (SELECT id FROM Genre WHERE Genre.name = 'R&B'));
INSERT INTO Song_Genre(song_id,genre_id) VALUES ('4J4yA7A68PmgSbjAn425eY', (SELECT id FROM Genre WHERE Genre.name = 'R&B'));
INSERT INTO Song_Genre(song_id,genre_id) VALUES ('0SQW4Z8PYiNn1TUwoXMY4l', (SELECT id FROM Genre WHERE Genre.name = 'R&B'));

INSERT INTO Album(id,name,preview_url,launch_date) VALUES ('1CiO0EwK73UWXiAflI5ZSs','Dopamine','https://i.scdn.co/image/ab67616d0000b2736cb06b0d95fe9c8f608c0599','2015-10-16');
INSERT INTO Song(id,name,duration_ms,active,preview_url,album_id) VALUES ('3W6TDna43DO3l8xOOLFd6b','10,000 Emerald Pools',174693,'1','null','1CiO0EwK73UWXiAflI5ZSs');
INSERT INTO Song(id,name,duration_ms,active,preview_url,album_id) VALUES ('4o6LaVzeB3Ny7oQCBjT053','Dug My Heart',189573,'1','null','1CiO0EwK73UWXiAflI5ZSs');
INSERT INTO Song(id,name,duration_ms,active,preview_url,album_id) VALUES ('0BRbWiAn3TVprsotudFRvZ','Electric Love',218106,'1','null','1CiO0EwK73UWXiAflI5ZSs');
INSERT INTO Song(id,name,duration_ms,active,preview_url,album_id) VALUES ('1lheEfIE4ZyYmUXvJ7DPAM','American Money',260986,'1','null','1CiO0EwK73UWXiAflI5ZSs');
INSERT INTO Song(id,name,duration_ms,active,preview_url,album_id) VALUES ('1K5bw0LkY4CmH285NsBjcd','The Emotion',224786,'1','null','1CiO0EwK73UWXiAflI5ZSs');
INSERT INTO Song(id,name,duration_ms,active,preview_url,album_id) VALUES ('7vI3vLZbuDT7yyZTMtZVEx','Holy Ghost',256653,'1','null','1CiO0EwK73UWXiAflI5ZSs');
INSERT INTO Song(id,name,duration_ms,active,preview_url,album_id) VALUES ('0YIvorGFD49cBtuCuSmjKg','Past Lives',274320,'1','null','1CiO0EwK73UWXiAflI5ZSs');
INSERT INTO Song(id,name,duration_ms,active,preview_url,album_id) VALUES ('4IBERJjuKTmZcvJ2l4tK0j','Clouds',190253,'1','null','1CiO0EwK73UWXiAflI5ZSs');
INSERT INTO Song(id,name,duration_ms,active,preview_url,album_id) VALUES ('09b6fgnqKKgx0CbiNMCEs3','Dopamine',224373,'1','null','1CiO0EwK73UWXiAflI5ZSs');
INSERT INTO Song(id,name,duration_ms,active,preview_url,album_id) VALUES ('7MzvdbOFm84y0d0Zue6Ohq','Overnight Sensation',198413,'1','null','1CiO0EwK73UWXiAflI5ZSs');
INSERT INTO Song(id,name,duration_ms,active,preview_url,album_id) VALUES ('2wLlHTnajOjHB55Bti2orn','Fool',218320,'1','null','1CiO0EwK73UWXiAflI5ZSs');
INSERT INTO Account(username,password,first_name,email) VALUES ('børns','123','BØRNS','børns@gmail.com');
INSERT INTO Artist(id,artistic_name,username) VALUES ('1KP6TWI40m7p3QBTU6u2xo','BØRNS','børns');
INSERT INTO Album_Artist(album_id,artist_id) VALUES ('1CiO0EwK73UWXiAflI5ZSs','1KP6TWI40m7p3QBTU6u2xo');
INSERT INTO Song_Artist(song_id,artist_id) VALUES ('3W6TDna43DO3l8xOOLFd6b','1KP6TWI40m7p3QBTU6u2xo');
INSERT INTO Song_Artist(song_id,artist_id) VALUES ('4o6LaVzeB3Ny7oQCBjT053','1KP6TWI40m7p3QBTU6u2xo');
INSERT INTO Song_Artist(song_id,artist_id) VALUES ('0BRbWiAn3TVprsotudFRvZ','1KP6TWI40m7p3QBTU6u2xo');
INSERT INTO Song_Artist(song_id,artist_id) VALUES ('1lheEfIE4ZyYmUXvJ7DPAM','1KP6TWI40m7p3QBTU6u2xo');
INSERT INTO Song_Artist(song_id,artist_id) VALUES ('1K5bw0LkY4CmH285NsBjcd','1KP6TWI40m7p3QBTU6u2xo');
INSERT INTO Song_Artist(song_id,artist_id) VALUES ('7vI3vLZbuDT7yyZTMtZVEx','1KP6TWI40m7p3QBTU6u2xo');
INSERT INTO Song_Artist(song_id,artist_id) VALUES ('0YIvorGFD49cBtuCuSmjKg','1KP6TWI40m7p3QBTU6u2xo');
INSERT INTO Song_Artist(song_id,artist_id) VALUES ('4IBERJjuKTmZcvJ2l4tK0j','1KP6TWI40m7p3QBTU6u2xo');
INSERT INTO Song_Artist(song_id,artist_id) VALUES ('09b6fgnqKKgx0CbiNMCEs3','1KP6TWI40m7p3QBTU6u2xo');
INSERT INTO Song_Artist(song_id,artist_id) VALUES ('7MzvdbOFm84y0d0Zue6Ohq','1KP6TWI40m7p3QBTU6u2xo');
INSERT INTO Song_Artist(song_id,artist_id) VALUES ('2wLlHTnajOjHB55Bti2orn','1KP6TWI40m7p3QBTU6u2xo');
INSERT INTO Song_Genre(song_id,genre_id) VALUES ('3W6TDna43DO3l8xOOLFd6b', (SELECT id FROM Genre WHERE Genre.name = 'Indie Pop'));
INSERT INTO Song_Genre(song_id,genre_id) VALUES ('4o6LaVzeB3Ny7oQCBjT053', (SELECT id FROM Genre WHERE Genre.name = 'Indie Pop'));
INSERT INTO Song_Genre(song_id,genre_id) VALUES ('0BRbWiAn3TVprsotudFRvZ', (SELECT id FROM Genre WHERE Genre.name = 'Indie Pop'));
INSERT INTO Song_Genre(song_id,genre_id) VALUES ('1lheEfIE4ZyYmUXvJ7DPAM', (SELECT id FROM Genre WHERE Genre.name = 'Indie Pop'));
INSERT INTO Song_Genre(song_id,genre_id) VALUES ('1K5bw0LkY4CmH285NsBjcd', (SELECT id FROM Genre WHERE Genre.name = 'Indie Pop'));
INSERT INTO Song_Genre(song_id,genre_id) VALUES ('7vI3vLZbuDT7yyZTMtZVEx', (SELECT id FROM Genre WHERE Genre.name = 'Indie Pop'));
INSERT INTO Song_Genre(song_id,genre_id) VALUES ('0YIvorGFD49cBtuCuSmjKg', (SELECT id FROM Genre WHERE Genre.name = 'Indie Pop'));
INSERT INTO Song_Genre(song_id,genre_id) VALUES ('4IBERJjuKTmZcvJ2l4tK0j', (SELECT id FROM Genre WHERE Genre.name = 'Indie Pop'));
INSERT INTO Song_Genre(song_id,genre_id) VALUES ('09b6fgnqKKgx0CbiNMCEs3', (SELECT id FROM Genre WHERE Genre.name = 'Indie Pop'));
INSERT INTO Song_Genre(song_id,genre_id) VALUES ('7MzvdbOFm84y0d0Zue6Ohq', (SELECT id FROM Genre WHERE Genre.name = 'Indie Pop'));
INSERT INTO Song_Genre(song_id,genre_id) VALUES ('2wLlHTnajOjHB55Bti2orn', (SELECT id FROM Genre WHERE Genre.name = 'Indie Pop'));

-- SET A RANDOM COUNTRY TO NEW ACCOUNTS --
SELECT RandomizeNoCountryAccounts()
